-0.05172411093225565,0.09658714549367199,0.07796561976563178,0.07133445672871047,-0.02258295133040301,0.06943437896748807,0.05804956244383818,0.09142814630674363,-0.06922948785409729,0.012584541764678214,-0.011375563846946568,0.014024756884289911,-0.005568824159837957,0.04770797395828125,-0.012507608664992544,-0.004491925427764038
-0.052652287454912974,0.09832037820124098,0.07936469374750585,0.07261453611139569,-0.02298819686985068,0.0706803619193714,0.05909124764711733,0.09306880203542582,-0.07047179408505257,0.012810368289365574,-0.011579695558529857,0.014276427717124984,-0.0056687553476497355,0.04856408188500076,-0.012732054644018385,-0.004572531931161238
-0.05358046397757029,0.10005361090880999,0.0807637677293799,0.0738946154940809,-0.023393442409298346,0.07192634487125475,0.060132932850396496,0.09470945776410801,-0.07171410031600783,0.013036194814052935,-0.011783827270113144,0.014528098549960058,-0.005768686535461512,0.04942018981172027,-0.012956500623044225,-0.004653138434558437
-0.054508640500227606,0.10178684361637896,0.08216284171125396,0.0751746948767661,-0.023798687948746008,0.07317232782313808,0.061174618053675654,0.09635011349279017,-0.07295640654696312,0.013262021338740295,-0.011987958981696429,0.014779769382795127,-0.00586861772327329,0.05027629773843977,-0.013180946602070065,-0.004733744937955637
-0.055436817022884916,0.10352007632394797,0.08356191569312803,0.07645477425945131,-0.024203933488193673,0.07441831077502142,0.0622163032569548,0.09799076922147235,-0.07419871277791837,0.013487847863427653,-0.012192090693279716,0.015031440215630198,-0.0059685489110850665,0.05113240566515929,-0.013405392581095904,-0.004814351441352836
-0.056364993545542225,0.10525330903151696,0.08496098967500208,0.07773485364213652,-0.024609179027641336,0.07566429372690475,0.06325798846023395,0.0996314249501545,-0.07544101900887364,0.013713674388115014,-0.012396222404863,0.01528311104846527,-0.006068480098896843,0.05198851359187879,-0.013629838560121742,-0.004894957944750036
-0.05729317006819954,0.10698654173908595,0.08636006365687614,0.07901493302482172,-0.025014424567089005,0.0769102766787881,0.06429967366351312,0.10127208067883668,-0.07668332523982892,0.013939500912802374,-0.012600354116446288,0.015534781881300343,-0.006168411286708621,0.0528446215185983,-0.013854284539147584,-0.0049755644481472355
-0.05822134659085686,0.10871977444665495,0.08775913763875019,0.08029501240750694,-0.02541967010653667,0.07815625963067144,0.06534135886679227,0.10291273640751886,-0.07792563147078418,0.014165327437489732,-0.012804485828029573,0.015786452714135413,-0.0062683424745203975,0.053700729445317806,-0.014078730518173424,-0.005056170951544434
-0.05914952311351418,0.11045300715422396,0.08915821162062426,0.08157509179019216,-0.02582491564598434,0.0794022425825548,0.06638304407007144,0.10455339213620105,-0.07916793770173947,0.014391153962177095,-0.013008617539612863,0.01603812354697049,-0.006368273662332176,0.054556837372037315,-0.014303176497199265,-0.005136777454941636
-0.06007769963617148,0.11218623986179294,0.0905572856024983,0.08285517117287736,-0.026230161185431998,0.08064822553443811,0.06742472927335058,0.1061940478648832,-0.08041024393269472,0.014616980486864453,-0.013212749251196148,0.01628979437980556,-0.006468204850143952,0.055412945298756816,-0.014527622476225103,-0.0052173839583388336
-0.0610058761588288,0.11391947256936195,0.09195635958437239,0.08413525055556256,-0.026635406724879664,0.08189420848632147,0.06846641447662974,0.10783470359356538,-0.08165255016365,0.014842807011551813,-0.013416880962779433,0.016541465212640633,-0.006568136037955729,0.05626905322547633,-0.014752068455250945,-0.005297990461736034
-0.06247183420522699,0.11660307683570287,0.09396023803041398,0.08598113542512001,-0.027066076007048676,0.08367235747234067,0.07000169820743408,0.11014807826833328,-0.08371421460336444,0.015174921038423089,-0.013771698356333637,0.01688730045522528,-0.006692905228181183,0.057473588363651816,-0.015076839476839994,-0.005446824694675969
-0.06440162651349135,0.11953016916635412,0.09428377533348303,0.08643343316328529,-0.025278594432394073,0.08387935994360882,0.07078636552422089,0.11006875437430505,-0.08754787952746551,0.015335990447631842,-0.014603262532699115,0.01676172378649759,-0.006485371757681834,0.05739949680268982,-0.015170189154036017,-0.005884796256221232
-0.06633141882175568,0.12245726149700531,0.09460731263655207,0.08688573090145058,-0.023491112857739506,0.08408636241487695,0.0715710328410077,0.10998943048027682,-0.09138154445156649,0.015497059856840594,-0.015434826709064575,0.0166361471177699,-0.0062778382871824905,0.0573254052417278,-0.015263538831232042,-0.006322767817766488
-0.06826121113002005,0.12538435382765656,0.0949308499396211,0.08733802863961586,-0.0217036312830849,0.0842933648861451,0.07235570015779452,0.10991010658624858,-0.09521520937566756,0.01565812926604935,-0.016266390885430054,0.01651057044904221,-0.006070304816683141,0.05725131368076579,-0.015356888508428066,-0.006760739379311753
-0.0701910034382844,0.12831144615830778,0.09525438724269016,0.08779032637778116,-0.019916149708430315,0.08450036735741324,0.07314036747458133,0.10983078269222038,-0.0990488742997686,0.015819198675258102,-0.01709795506179552,0.016384993780314522,-0.0058627713461837936,0.05717722211980378,-0.015450238185624092,-0.0071987109408570135
-0.07212079574654874,0.13123853848895897,0.09557792454575921,0.08824262411594645,-0.01812866813377573,0.08470736982868139,0.07392503479136815,0.10975145879819215,-0.10288253922386963,0.015980268084466856,-0.01792951923816099,0.016259417111586832,-0.005655237875684448,0.057103130558841766,-0.015543587862820113,-0.007636682502402275
-0.07405058805481309,0.1341656308196102,0.09590146184882826,0.08869492185411174,-0.016341186559121142,0.08491437229994953,0.07470970210815495,0.10967213490416391,-0.10671620414797064,0.016141337493675606,-0.018761083414526456,0.016133840442859145,-0.005447704405185101,0.057029038997879755,-0.01563693754001614,-0.008074654063947534
-0.07598038036307743,0.13709272315026141,0.09622499915189732,0.08914721959227702,-0.014553704984466558,0.08512137477121767,0.07549436942494177,0.1095928110101357,-0.11054986907207168,0.01630240690288436,-0.01959264759089193,0.016008263774131455,-0.005240170934685754,0.05695494743691775,-0.01573028721721216,-0.008512625625492794
-0.07791017267134177,0.1400198154809126,0.09654853645496635,0.08959951733044232,-0.01276622340981197,0.08532837724248582,0.07627903674172858,0.10951348711610746,-0.1143835339961727,0.016463476312093113,-0.020424211767257398,0.015882687105403765,-0.005032637464186408,0.05688085587595574,-0.015823636894408185,-0.008950597187038055
-0.07983996497960613,0.14294690781156383,0.0968720737580354,0.0900518150686076,-0.010978741835157386,0.08553537971375397,0.07706370405851538,0.10943416322207923,-0.11821719892027373,0.016624545721301863,-0.021255775943622865,0.01575711043667608,-0.004825103993687061,0.056806764314993735,-0.01591698657160421,-0.009388568748583315
-0.08227972202830312,0.1466475102625686,0.09728110866417464,0.0906236364973037,-0.008718902394144277,0.08579708442477976,0.07805572667608639,0.10933387728521617,-0.12306394381653156,0.016828179151056773,-0.02230708833203023,0.01559834901900009,-0.004562727962171668,0.05671309340163591,-0.016035004729287417,-0.009942278181371923
-0.0847194790770001,0.15034811271357335,0.09769014357031386,0.09119545792599981,-0.006459062953131169,0.08605878913580557,0.07904774929365738,0.10923359134835309,-0.1279106887127894,0.017031812580811684,-0.02335840072043759,0.015439587601324105,-0.004300351930656277,0.05661942248827808,-0.016153022886970632,-0.010495987614160531
-0.08715923612569704,0.15404871516457808,0.0980991784764531,0.09176727935469589,-0.004199223512118077,0.0863204938468314,0.08003977191122835,0.10913330541149001,-0.1327574336090472,0.017235446010566594,-0.024409713108844946,0.015280826183648117,-0.004037975899140887,0.05652575157492026,-0.01627104104465384,-0.011049697046949136
-0.08959899317439404,0.15774931761558286,0.09850821338259234,0.092339100783392,-0.0019393840711049504,0.08658219855785719,0.08103179452879936,0.10903301947462694,-0.13760417850530507,0.017439079440321505,-0.025461025497252317,0.015122064765972127,-0.0037755998676254933,0.05643208066156244,-0.01638905920233705,-0.011603406479737748
-0.09203875022309099,0.16144992006658762,0.09891724828873157,0.0929109222120881,0.00032045536990814137,0.086843903268883,0.08202381714637035,0.10893273353776385,-0.14245092340156287,0.01764271287007641,-0.02651233788565967,0.014963303348296144,-0.0035132238361101024,0.056338409748204615,-0.01650707736002026,-0.012157115912526351
-0.09447850727178796,0.16515052251759232,0.0993262831948708,0.09348274364078421,0.0025802948109212333,0.0871056079799088,0.08301583976394135,0.10883244760090077,-0.14729766829782065,0.01784634629983132,-0.027563650274067028,0.014804541930620157,-0.0032508478045947128,0.05624473883484679,-0.016625095517703466,-0.012710825345314957
-0.09691826432048493,0.16885112496859708,0.09973531810101002,0.09405456506948029,0.004840134251934341,0.08736731269093462,0.08400786238151234,0.10873216166403771,-0.1521444131940785,0.018049979729586232,-0.02861496266247439,0.014645780512944169,-0.002988471773079321,0.05615106792148897,-0.016743113675386678,-0.013264534778103566
-0.09935802136918195,0.17255172741960187,0.10014435300714926,0.0946263864981764,0.00709997369294747,0.08762901740196043,0.08499988499908334,0.10863187572717461,-0.15699115809033637,0.01825361315934114,-0.029666275050881766,0.01448701909526818,-0.0027260957415639266,0.05605739700813114,-0.01686113183306989,-0.013818244210892179
-0.10179777841787889,0.1762523298706066,0.10055338791328848,0.0951982079268725,0.00935981313396056,0.08789072211298622,0.08599190761665433,0.10853158979031154,-0.16183790298659417,0.01845724658909605,-0.030717587439289113,0.014328257677592195,-0.0024637197100485365,0.05596372609477331,-0.016979149990753097,-0.014371953643680782
-0.10423753546657588,0.17995293232161136,0.10096242281942772,0.0957700293555686,0.011619652574973669,0.08815242682401202,0.0869839302342253,0.10843130385344846,-0.16668464788285198,0.01866088001885096,-0.031768899827696484,0.014169496259916205,-0.0022013436785331447,0.055870055181415496,-0.017097168148436308,-0.01492566307646939
-0.10708182342739825,0.18426712377145427,0.10143927893086278,0.0964366632756342,0.014254191173355,0.0884575242349443,0.08814043800598383,0.10831438971930883,-0.1723350212120185,0.018898277473233634,-0.03299452808072581,0.0139844109502211,-0.0018954636368928729,0.05576085289371838,-0.017234754645106567,-0.01557118188921984
-0.10992611138822062,0.18858131522129726,0.10191613504229785,0.09710329719569981,0.016888729771736354,0.08876262164587656,0.08929694577774235,0.10819747558516923,-0.17798539454118503,0.019135674927616315,-0.034220156333755136,0.013799325640525993,-0.0015895835952525997,0.055651650606021244,-0.017372341141776826,-0.016216700701970295
-0.11277039934904297,0.19289550667114017,0.1023929911537329,0.09776993111576542,0.01952326837011767,0.08906771905680883,0.09045345354950085,0.1080805614510296,-0.1836357678703515,0.01937307238199899,-0.03544578458678446,0.013614240330830887,-0.0012837035536123306,0.055542448318324125,-0.017509927638447085,-0.01686221951472074
-0.11561468730986531,0.1972096981209831,0.10286984726516796,0.09843656503583102,0.022157806968499002,0.0893728164677411,0.09160996132125934,0.10796364731688995,-0.189286141199518,0.019610469836381664,-0.03667141283981379,0.013429155021135779,-0.000977823511972059,0.055433246030627006,-0.017647514135117344,-0.01750773832747119
-0.11845897527068767,0.20152388957082604,0.10334670337660302,0.09910319895589663,0.024792345566880335,0.08967791387867337,0.09276646909301785,0.10784673318275036,-0.1949365145286845,0.01984786729076434,-0.037897041092843115,0.013244069711440671,-0.0006719434703317878,0.055324043742929874,-0.017785100631787603,-0.018153257140221642
-0.12130326323151003,0.20583808102066897,0.10382355948803808,0.09976983287596224,0.027426884165261668,0.08998301128960563,0.09392297686477637,0.10772981904861073,-0.20058688785785098,0.02008526474514702,-0.03912266934587244,0.013058984401745563,-0.0003660634286915163,0.055214841455232755,-0.017922687128457862,-0.01879877595297209
-0.12414755119233237,0.2101522724705119,0.10430041559947313,0.10043646679602784,0.030061422763642983,0.09028810870053791,0.09507948463653487,0.10761290491447112,-0.2062372611870174,0.020322662199529697,-0.04034829759890176,0.012873899092050459,-6.018338705124693e-5,0.05510563916753563,-0.01806027362512812,-0.01944429476572254
-0.12699183915315476,0.2144664639203549,0.1047772717109082,0.10110310071609345,0.03269596136202435,0.09059320611147018,0.09623599240829339,0.10749599078033148,-0.211887634516184,0.020560059653912374,-0.0415739258519311,0.012688813782355347,0.0002456966545890285,0.0549964368798385,-0.01819786012179838,-0.020089813578472997
-0.1298361271139771,0.21878065537019778,0.10525412782234327,0.10176973463615903,0.035330499960405666,0.09089830352240243,0.09739250018005191,0.10737907664619187,-0.21753800784535046,0.02079745710829505,-0.04279955410496042,0.012503728472660243,0.0005515766962292979,0.05488723459214138,-0.01833544661846864,-0.020735332391223445
-0.13268041507479947,0.22309484682004077,0.10573098393377833,0.10243636855622466,0.037965038558786995,0.09120340093333469,0.09854900795181042,0.10726216251205224,-0.22318838117451695,0.02103485456267773,-0.044025182357989745,0.012318643162965135,0.0008574567378695694,0.05477803230444426,-0.018473033115138898,-0.021380851203973896
-0.13586426732959322,0.22792408646257784,0.10626476934036061,0.10318258832678165,0.04091410059903569,0.09154492228880519,0.09984358498744053,0.10713129062610928,-0.22951332228888,0.021300593626664782,-0.04539713179865683,0.012111461510221513,0.0011998541581333079,0.05465579294095428,-0.01862704532616908,-0.022103435047732486
-0.139048119584387,0.232753326105115,0.10679855474694293,0.10392880809733863,0.043863162639284414,0.09188644364427569,0.10113816202307065,0.1070004187401663,-0.23583826340324315,0.02156633269065184,-0.046769081239323926,0.011904279857477886,0.00154225157839705,0.0545335535774643,-0.018781057537199265,-0.022826018891491082
-0.14223197183918074,0.23758256574765205,0.10733234015352522,0.10467502786789563,0.04681222467953308,0.09222796499974617,0.10243273905870075,0.10686954685422335,-0.24216320451760617,0.02183207175463889,-0.04814103067999099,0.011697098204734264,0.0018846489986607845,0.05441131421397434,-0.018935069748229446,-0.023548602735249672
-0.14541582409397452,0.2424118053901892,0.10786612556010752,0.10542124763845263,0.0497612867197818,0.09256948635521665,0.10372731609433088,0.10673867496828038,-0.24848814563196928,0.02209781081862595,-0.049512980120658086,0.01148991655199064,0.002227046418924527,0.054289074850484356,-0.019089081959259627,-0.02427118657900827
-0.14765516481203267,0.24248820101665117,0.10832784085119464,0.10549475072975416,0.05261230887126376,0.09269066909094778,0.1042783670715861,0.10612110102725633,-0.256436872348504,0.022288657845239385,-0.053481494226731006,0.00987549646807891,0.0015051089264629706,0.0531009552249103,-0.020315085647720946,-0.025722717773133195
-0.14928676743613922,0.23950641868462885,0.1087431832257864,0.10513539986796033,0.055400248071598046,0.09267007677409761,0.10435100238958758,0.10519036269620315,-0.2654304104076937,0.02243131621319133,-0.05912074627426925,0.00735560051793327,9.833398519541347e-5,0.05122700380833612,-0.022230853337877846,-0.027643284078077254
-0.15091837006024578,0.23652463635260657,0.10915852560037818,0.10477604900616651,0.05818818727193232,0.09264948445724745,0.10442363770758907,0.10425962436514996,-0.27442394846688345,0.02257397458114327,-0.0647599983218075,0.004835704567787634,-0.001308440956072143,0.04935305239176196,-0.024146621028034745,-0.029563850383021305
-0.15254997268435236,0.2335428540205842,0.10957386797496996,0.10441669814437267,0.060976126472266634,0.09262889214039728,0.10449627302559056,0.10332888603409676,-0.2834174865260733,0.022716632949095216,-0.0703992503693458,0.0023158086176419666,-0.002715215897339717,0.04747910097518776,-0.026062388718191668,-0.03148441668796538
-0.1541815753084589,0.23056107168856188,0.10998921034956172,0.10405734728257884,0.0637640656726009,0.09260829982354711,0.10456890834359206,0.10239814770304358,-0.29241102458526297,0.022859291317047156,-0.07603850241688406,-0.0002040873325036696,-0.004121990838607273,0.045605149558613584,-0.027978156408348567,-0.033404982992909435
-0.15581317793256544,0.22757928935653957,0.1104045527241535,0.103697996420785,0.06655200487293518,0.09258770750669694,0.10464154366159352,0.10146740937199039,-0.30140456264445276,0.0230019496849991,-0.0816777544644223,-0.002723983282649306,-0.00552876577987483,0.04373119814203943,-0.02989392409850547,-0.0353255492978535
-0.1575959739877385,0.22432119838489445,0.11085838304780468,0.10330534609688652,0.06959829012338942,0.0925652069905143,0.10472090977469366,0.10045042361793241,-0.31123149227614033,0.02315782757577009,-0.08783957116901536,-0.005477386895141142,-0.0070659003607789405,0.04168359589888676,-0.031987217545192535,-0.037424086025831256
-0.15937877004291154,0.22106310741324936,0.11131221337145587,0.10291269577298805,0.07264457537384364,0.09254270647433166,0.10480027588779375,0.09943343786387444,-0.321058421907828,0.023313705466541084,-0.09400138787360841,-0.008230790507632977,-0.008603034941683052,0.03963599365573409,-0.03408051099187961,-0.03952262275380903
-0.16116156609808457,0.2178050164416043,0.11176604369510706,0.10252004544908953,0.07569086062429783,0.09252020595814903,0.10487964200089389,0.09841645210981649,-0.33088535153951554,0.02346958335731207,-0.10016320457820141,-0.01098419412012478,-0.010140169522587146,0.037588391412581454,-0.036173804438566645,-0.041621159481786775
-0.1629443621532576,0.2145469254699592,0.11221987401875826,0.10212739512519105,0.07873714587475206,0.0924977054419664,0.104959008113994,0.09739946635575852,-0.3407122811712031,0.023625461248083065,-0.10632502128279446,-0.013737597732616619,-0.011677304103491257,0.0355407891694288,-0.03826709788525371,-0.04371969620976454
-0.1647271582084306,0.2112888344983141,0.11267370434240945,0.10173474480129258,0.0817834311252063,0.09247520492578375,0.10503837422709411,0.09638248060170054,-0.3505392108028908,0.023781339138854055,-0.11248683798738753,-0.01649100134510845,-0.013214438684395367,0.03349318692627614,-0.04036039133194078,-0.045818232937742315
-0.16650995426360363,0.208030743526669,0.11312753466606065,0.10134209447739406,0.08482971637566053,0.09245270440960111,0.10511774034019422,0.09536549484764258,-0.3603661404345784,0.02393721702962505,-0.11864865469198058,-0.019244404957600287,-0.014751573265299477,0.03144558468312347,-0.04245368477862785,-0.04791676966572008
-0.16829275031877663,0.20477265255502394,0.11358136498971183,0.10094944415349559,0.08787600162611472,0.09243020389341847,0.10519710645329435,0.09434850909358464,-0.3701930700662659,0.02409309492039604,-0.12481047139657359,-0.021997808570092096,-0.016288707846203572,0.029397982439970837,-0.04454697822531489,-0.05001530639369783
-0.17007554637394967,0.20151456158337883,0.11403519531336302,0.10055679382959709,0.09092228687656893,0.09240770337723582,0.10527647256639446,0.09333152333952667,-0.3800199996979536,0.02424897281116703,-0.13097228810116665,-0.024751212182583932,-0.017825842427107684,0.027350380196818177,-0.046640271672001965,-0.0521138431216756
-0.17185834242912276,0.1982564706117337,0.11448902563701421,0.1001641435056986,0.0939685721270232,0.09238520286105319,0.10535583867949459,0.09231453758546868,-0.3898469293296412,0.024404850701938027,-0.13713410480575977,-0.027504615795075793,-0.01936297700801181,0.025302777953665492,-0.04873356511868906,-0.054212379849653394
-0.17364113848429574,0.19499837964008862,0.11494285596066539,0.0997714931818001,0.0970148573774774,0.09236270234487055,0.1054352047925947,0.09129755183141074,-0.39967385896132884,0.024560728592709014,-0.14329592151035275,-0.030258019407567602,-0.020900111588915905,0.023255175710512853,-0.0508268585653761,-0.056310916577631126
-0.17552924675336118,0.19154782875566145,0.11542349466544159,0.09935564846346973,0.10024109088558131,0.09233887269226422,0.10551925917110484,0.09022049133075115,-0.4100812788360114,0.024725814404782245,-0.1498217251986936,-0.03317407035671327,-0.022528046822702253,0.02108661878789938,-0.05304380573373112,-0.05853341675511094
-0.17741735502242661,0.18809727787123434,0.11590413337021778,0.09893980374513933,0.1034673243936852,0.0923150430396579,0.105603313549615,0.08914343083009157,-0.42048869871069394,0.02489090021685547,-0.1563475288870344,-0.03609012130585892,-0.024155982056488584,0.01891806186528592,-0.05526075290208612,-0.06075591693259072
-0.17930546329149205,0.18464672698680717,0.11638477207499395,0.09852395902680894,0.1066935579017891,0.0922912133870516,0.10568736792812514,0.08806637032943199,-0.4308961185853766,0.0250559860289287,-0.16287333257537526,-0.0390061722550046,-0.025783917290274933,0.016749504942672442,-0.05747770007044112,-0.06297841711007052
-0.1811935715605575,0.18119617610238004,0.11686541077977014,0.09810811430847854,0.10991979140989301,0.09226738373444528,0.10577142230663528,0.0869893098287724,-0.44130353846005915,0.02522107184100193,-0.16939913626371608,-0.04192222320415026,-0.027411852524061277,0.014580948020058963,-0.059694647238796146,-0.06520091728755033
-0.18308167982962292,0.1777456252179529,0.11734604948454631,0.09769226959014815,0.1131460249179969,0.09224355408183894,0.10585547668514543,0.08591224932811282,-0.4517109583347417,0.025386157653075156,-0.1759249399520569,-0.04483827415329591,-0.029039787757847612,0.012412391097445505,-0.06191159440715113,-0.0674234174650301
-0.18496978809868833,0.1742950743335257,0.11782668818932251,0.09727642487181777,0.1163722584261008,0.09221972442923264,0.10593953106365558,0.08483518882745324,-0.46211837820942436,0.025551243465148383,-0.18245074364039776,-0.04775432510244159,-0.03066772299163396,0.010243834174832028,-0.06412854157550614,-0.0696459176425099
-0.18685789636775374,0.1708445234490986,0.11830732689409869,0.09686058015348738,0.11959849193420467,0.09219589477662632,0.10602358544216572,0.08375812832679368,-0.4725257980841068,0.025716329277221613,-0.18897654732873853,-0.050670376051587224,-0.03229565822542029,0.008075277252218571,-0.06634548874386115,-0.07186841781998968
-0.18874600463681918,0.1673939725646714,0.11878796559887488,0.09644473543515698,0.12282472544230862,0.09217206512402001,0.10610763982067589,0.08268106782613409,-0.4829332179587895,0.025881415089294847,-0.19550235101707947,-0.053586427000732934,-0.03392359345920666,0.0059067203296050705,-0.06856243591221617,-0.0740909179974695
-0.1906341129058846,0.16394342168024426,0.11926860430365105,0.09602889071682659,0.12605095895041252,0.0921482354714137,0.10619169419918602,0.08160400732547451,-0.49334063783347204,0.026046500901368074,-0.20202815470542027,-0.05650247794987858,-0.03555152869299298,0.003738163406991614,-0.07077938308057118,-0.07631341817494927
-0.19252222117495005,0.1604928707958171,0.11974924300842725,0.09561304599849621,0.1292771924585164,0.09212440581880738,0.10627574857769619,0.08052694682481493,-0.5037480577081547,0.0262115867134413,-0.20855395839376112,-0.059418528899024256,-0.03717946392677933,0.001569606484378136,-0.07299633024892618,-0.07853591835242907
-0.19445324585859583,0.1569638894131432,0.12024080655806296,0.09518774919279067,0.1325767577649262,0.09210003452181165,0.10636171349948105,0.07942540490233661,-0.5143920366580615,0.02638042490098385,-0.21522809261014808,-0.06240086124395705,-0.0388444018815154,-0.0006482414081742482,-0.07526366829016631,-0.08080893562184915
-0.19638427054224158,0.15343490803046925,0.12073237010769867,0.09476245238708517,0.13587632307133596,0.0920756632248159,0.10644767842126594,0.07832386297985831,-0.5250360156079685,0.026549263088526405,-0.22190222682653504,-0.06538319358888989,-0.04050933983625148,-0.002866089300726654,-0.07753100633140644,-0.08308195289126923
-0.19831529522588734,0.14990592664779542,0.12122393365733437,0.09433715558137963,0.1391758883777457,0.09205129192782016,0.10653364334305084,0.07722232105738003,-0.5356799945578753,0.02671810127606895,-0.2285763610429219,-0.06836552593382265,-0.042174277790987535,-0.005083937193279017,-0.07979834437264655,-0.08535497016068928
-0.20024631990953312,0.1463769452651215,0.12171549720697009,0.09391185877567412,0.14247545368415548,0.09202692063082443,0.1066196082648357,0.07612077913490171,-0.5463239735077822,0.026886939463611502,-0.23525049525930888,-0.07134785827875549,-0.04383921574572362,-0.007301785085831422,-0.0820656824138867,-0.08762798743010937
-0.20217734459317888,0.14284796388244758,0.1222070607566058,0.0934865619699686,0.14577501899056525,0.09200254933382869,0.10670557318662059,0.07501923721242341,-0.556967952457689,0.02705577765115405,-0.24192462947569582,-0.07433019062368829,-0.04550415370045968,-0.009519632978383806,-0.0843330204551268,-0.08990100469952944
-0.20410836927682463,0.1393189824997737,0.1226986243062415,0.0930612651642631,0.149074584296975,0.09197817803683295,0.10679153810840546,0.07391769528994512,-0.5676119314075959,0.027224615838696602,-0.24859876369208272,-0.07731252296862108,-0.047169091655195755,-0.011737480870936193,-0.08660035849636692,-0.09217402196894951
-0.20603939396047039,0.1357900011170998,0.12319018785587721,0.09263596835855756,0.15237414960338477,0.09195380673983722,0.10687750303019035,0.07281615336746682,-0.5782559103575028,0.02739345402623915,-0.25527289790846963,-0.08029485531355388,-0.04883402960993182,-0.013955328763488572,-0.08886769653760705,-0.09444703923836957
-0.20797041864411617,0.1322610197344259,0.12368175140551292,0.09221067155285205,0.15567371490979456,0.09192943544284148,0.10696346795197524,0.07171461144498852,-0.5888998893074097,0.027562292213781706,-0.26194703212485665,-0.08327718765848671,-0.0504989675646679,-0.01617317665604098,-0.09113503457884718,-0.09672005650778967
-0.20990144332776192,0.128732038351752,0.12417331495514863,0.09178537474714651,0.15897328021620433,0.09190506414584573,0.1070494328737601,0.07061306952251022,-0.5995438682573166,0.027731130401324258,-0.26862116634124356,-0.08625952000341951,-0.05216390551940397,-0.018391024548593364,-0.09340237262008731,-0.09899307377720973
-0.21183246801140768,0.12520305696907813,0.12466487850478433,0.091360077941441,0.16227284552261406,0.09188069284884999,0.107135397795545,0.0695115276000319,-0.6101878472072234,0.027899968588866803,-0.27529530055763046,-0.08924185234835232,-0.053828843474140034,-0.02060887244114575,-0.09566971066132743,-0.10126609104662981
-0.21374851325776872,0.12170145077003001,0.12515262887407824,0.09093808026851324,0.16554681528278725,0.09185651060604813,0.10722069586611588,0.06841853061138278,-0.6207492581731524,0.02806749705672375,-0.2819176618599936,-0.09220105000179127,-0.05548086609232595,-0.022809515937661704,-0.09791946039917626,-0.10352147595747738
-0.21566455850412974,0.11819984457098187,0.12564037924337212,0.09051608259558547,0.16882078504296047,0.09183232836324626,0.10730599393668676,0.06732553362273366,-0.6313106691390815,0.028235025524580695,-0.2885400231623568,-0.09516024765523025,-0.05713288871051188,-0.02501015943417768,-0.10016921013702511,-0.10577686086832497
-0.21758060375049076,0.11469823837193381,0.12612812961266603,0.0900940849226577,0.17209475480313358,0.09180814612044438,0.10739129200725764,0.06623253663408456,-0.6418720801050104,0.02840255399243764,-0.2951623844647198,-0.09811944530866917,-0.05878491132869778,-0.02721080293069362,-0.10241895987487391,-0.10803224577917252
-0.2194966489968518,0.11119663217288572,0.12661587998195994,0.08967208724972994,0.17536872456330677,0.0917839638776425,0.1074765900778285,0.06513953964543542,-0.6524334910709393,0.028570082460294587,-0.301784745767083,-0.10107864296210814,-0.060436933946883695,-0.029411446427209574,-0.10466870961272275,-0.1102876306900201
-0.22141269424321283,0.10769502597383764,0.12710363035125385,0.08925008957680218,0.17864269432347996,0.09175978163484062,0.10756188814839937,0.0640465426567863,-0.6629949020368684,0.028737610928151528,-0.3084071070694461,-0.10403784061554709,-0.06208895656506961,-0.03161208992372553,-0.10691845935057157,-0.11254301560086766
-0.22332873948957385,0.10419341977478956,0.12759138072054774,0.0888280919038744,0.18191666408365312,0.09173559939203876,0.10764718621897026,0.0629535456681372,-0.6735563130027973,0.028905139396008472,-0.3150294683718091,-0.10699703826898603,-0.06374097918325551,-0.033812733420241464,-0.10916820908842036,-0.11479840051171522
-0.22524478473593487,0.10069181357574147,0.12807913108984162,0.08840609423094664,0.18519063384382625,0.09171141714923689,0.10773248428954113,0.061860548679488085,-0.6841177239687262,0.029072667863865417,-0.3216518296741722,-0.10995623592242498,-0.06539300180144142,-0.03601337691675742,-0.11141795882626919,-0.11705378542256277
-0.22716082998229592,0.09719020737669332,0.12856688145913553,0.08798409655801886,0.1884646036039995,0.091687234906435,0.10781778236011201,0.06076755169083896,-0.6946791349346553,0.029240196331722364,-0.3282741909765354,-0.11291543357586395,-0.06704502441962736,-0.0382140204132734,-0.11366770856411805,-0.11930917033341037
-0.22907687522865694,0.09368860117764527,0.12905463182842944,0.08756209888509112,0.19173857336417263,0.09166305266363313,0.10790308043068288,0.059674554702189846,-0.7052405459005843,0.029407724799579305,-0.3348965522788985,-0.11587463122930287,-0.06869704703781325,-0.04041466390978934,-0.11591745830196684,-0.12156455524425791
-0.23099292047501796,0.09018699497859718,0.12954238219772332,0.08714010121216335,0.19501254312434582,0.09163887042083126,0.10798837850125377,0.05858155771354072,-0.7158019568665133,0.02957525326743625,-0.3415189135812616,-0.11883382888274184,-0.07034906965599917,-0.042615307406305286,-0.11816720803981567,-0.1238199401551055
-0.2327536228316202,0.0869692806275054,0.12999058832765706,0.08675231689516158,0.1980210766039854,0.09161664874732431,0.10806676105205887,0.057577175182737445,-0.7255071040764096,0.029729199406606968,-0.3476043685951696,-0.12155311032557688,-0.07186715495305801,-0.04463753428101814,-0.12023455987961108,-0.12589247029765635
-0.2345143251882225,0.08375156627641361,0.13043879445759077,0.08636453257815982,0.201029610083625,0.09159442707381736,0.10814514360286397,0.05657279265193416,-0.7352122512863062,0.029883145545777687,-0.35368982360907764,-0.12427239176841193,-0.07338524025011686,-0.04665976115573099,-0.12230191171940649,-0.12796500044020717
-0.2362750275448247,0.08053385192532185,0.1308870005875245,0.08597674826115805,0.20403814356326458,0.09157220540031039,0.10822352615366908,0.055568410121130896,-0.7449173984962026,0.030037091684948405,-0.3597752786229856,-0.12699167321124696,-0.0749033255471757,-0.048681988030443844,-0.12436926355920193,-0.13003753058275802
-0.23803572990142696,0.07731613757423007,0.13133520671745824,0.08558896394415628,0.20704667704290414,0.09154998372680344,0.10830190870447418,0.054564027590327614,-0.754622545706099,0.030191037824119124,-0.36586073363689364,-0.129710954654082,-0.07642141084423455,-0.0507042149051567,-0.12643661539899737,-0.13211006072530887
-0.23979643225802924,0.07409842322313828,0.13178341284739195,0.08520117962715451,0.21005521052254378,0.09152776205329648,0.10838029125527929,0.05355964505952434,-0.7643276929159956,0.03034498396328984,-0.37194618865080165,-0.13243023609691706,-0.0779394961412934,-0.05272644177986954,-0.12850396723879276,-0.13418259086785972
-0.24155713461463152,0.0708807088720465,0.1322316189773257,0.08481339531015276,0.21306374400218334,0.09150554037978953,0.10845867380608437,0.05255526252872107,-0.774032840125892,0.03049893010246056,-0.37803164366470965,-0.1351495175397521,-0.07945758143835224,-0.054748668654582396,-0.13057131907858818,-0.13625512101041057
-0.24331783697123377,0.06766299452095474,0.13267982510725942,0.08442561099315099,0.21607227748182298,0.09148331870628257,0.10853705635688948,0.051550879997917784,-0.7837379873357884,0.03065287624163128,-0.38411709867861776,-0.13786879898258714,-0.0809756667354111,-0.05677089552929525,-0.1326386709183836,-0.13832765115296142
-0.245078539327836,0.06444528016986295,0.13312803123719313,0.08403782667614923,0.21908081096146254,0.09146109703277562,0.1086154389076946,0.05054649746711451,-0.7934431345456849,0.030806822380801995,-0.39020255369252566,-0.14058808042542217,-0.08249375203246993,-0.0587931224040081,-0.13470602275817903,-0.14040018129551224
-0.24683924168443827,0.06122756581877118,0.13357623736712687,0.08365004235914747,0.22208934444110212,0.09143887535926867,0.10869382145849968,0.049542114936311235,-0.8031482817555813,0.030960768519972714,-0.39628800870643377,-0.14330736186825724,-0.08401183732952879,-0.060815349278720954,-0.13677337459797445,-0.1424727114380631
-0.24859994404104055,0.05800985146767941,0.13402444349706058,0.0832622580421457,0.2250978779207417,0.0914166536857617,0.10877220400930479,0.048537732405507954,-0.8128534289654777,0.031114714659143436,-0.4023734637203418,-0.14602664331109227,-0.08552992262658764,-0.0628375761534338,-0.13884072643776985,-0.14454524158061394
-0.25022169666683747,0.055046070179842845,0.13443727844635947,0.0829050765844267,0.22786898630945257,0.09139618568489581,0.10884440082730083,0.04761261294932794,-0.8217926729622704,0.03125651179736797,-0.4079786715574116,-0.14853132662889554,-0.0869282048560951,-0.06470021451006748,-0.14074492862280258,-0.14645421341115736
-0.2518434492926343,0.052082288892006334,0.13485011339565833,0.08254789512670771,0.23064009469816335,0.09137571768402993,0.1089165976452969,0.04668749349314793,-0.8307319169590628,0.03139830893559251,-0.4135838793944814,-0.15103600994669875,-0.08832648708560256,-0.0665628528667011,-0.14264913080783528,-0.14836318524170072
-0.25346520191843125,0.04911850760416984,0.1352629483449572,0.08219071366898872,0.23341120308687408,0.09135524968316405,0.10898879446329295,0.04576237403696792,-0.8396711609558551,0.031540106073817055,-0.41918908723155107,-0.15354069326450193,-0.08972476931511,-0.06842549122333474,-0.144553332992868,-0.15027215707224406
-0.25508695454422814,0.04615472631633327,0.13567578329425606,0.08183353221126971,0.23618231147558494,0.09133478168229817,0.109060991281289,0.044837254580787904,-0.8486104049526476,0.031681903212041604,-0.4247942950686209,-0.1560453765823052,-0.09112305154461749,-0.07028812957996841,-0.14645753517790072,-0.15218112890278745
-0.25670870717002503,0.04319094502849678,0.13608861824355492,0.08147635075355071,0.23895341986429572,0.09131431368143227,0.10913318809928504,0.0439121351246079,-0.85754964894944,0.03182370035026614,-0.4303995029056907,-0.15855005990010843,-0.09252133377412494,-0.07215076793660204,-0.14836173736293343,-0.15409010073333082
-0.258330459795822,0.040227163740660196,0.13650145319285378,0.0811191692958317,0.24172452825300653,0.09129384568056638,0.10920538491728111,0.04298701566842787,-0.8664888929462324,0.03196549748849069,-0.4360047107427605,-0.16105474321791166,-0.09391961600363243,-0.07401340629323572,-0.15026593954796616,-0.15599907256387424
-0.2599522124216188,0.03726338245282371,0.13691428814215265,0.08076198783811271,0.24449563664171728,0.0912733776797005,0.10927758173527716,0.04206189621224787,-0.8754281369430248,0.03210729462671522,-0.44160991857983023,-0.1635594265357149,-0.09531789823313988,-0.07587604464986936,-0.15217014173299886,-0.15790804439441758
-0.26157396504741576,0.03429960116498714,0.1373271230914515,0.08040480638039371,0.24726674503042814,0.0912529096788346,0.10934977855327321,0.04113677675606785,-0.8843673809398175,0.03224909176493977,-0.44721512641690014,-0.16606410985351816,-0.09671618046264735,-0.07773868300650301,-0.1540743439180316,-0.159817016224961
-0.26319571767321265,0.03133581987715056,0.1377399580407504,0.08004762492267471,0.250037853419139,0.0912324416779687,0.10942197537126926,0.04021165729988782,-0.89330662493661,0.032390888903164314,-0.45282033425397006,-0.1685687931713214,-0.09811446269215483,-0.07960132136313669,-0.15597854610306436,-0.1617259880555044
-0.26481747029900954,0.028372038589314065,0.13815279299004926,0.07969044346495573,0.25280896180784973,0.09121197367710282,0.10949417218926533,0.03928653784370782,-0.9022458689334023,0.032532686041388856,-0.45842554209103975,-0.17107347648912458,-0.09951274492166227,-0.08146395971977033,-0.15788274828809704,-0.16363495988604776
-0.26631585320090706,0.02563371762962028,0.1385342228206507,0.07936043346182223,0.25536926685246697,0.09119306271494644,0.1095608768616894,0.038431793936836246,-0.9105050880939706,0.03266369640886044,-0.46360435139342665,-0.1733876239110967,-0.100804657233931,-0.08318490372911141,-0.1596420942884816,-0.16539871269618098
-0.26781423610280464,0.02289539666992642,0.13891565265125214,0.07903042345868873,0.25792957189708426,0.09117415175279005,0.1096275815341135,0.037577050029964656,-0.9187643072545393,0.03279470677633202,-0.4687831606958137,-0.1757017713330688,-0.10209656954619975,-0.08490584773845257,-0.16140144028886622,-0.16716246550631425
-0.26931261900470216,0.020157075710232633,0.13929708248185357,0.07870041345555524,0.2604898769417015,0.09115524079063367,0.1096942862065376,0.03672230612309309,-0.9270235264151077,0.0329257171438036,-0.4739619699982006,-0.17801591875504086,-0.10338848185846845,-0.08662679174779365,-0.16316078628925076,-0.16892621831644747
-0.2708110019065997,0.017418754750538844,0.139678512312455,0.07837040345242176,0.2630501819863188,0.09113632982847726,0.10976099087896168,0.03586756221622152,-0.9352827455756761,0.03305672751127518,-0.4791407793005875,-0.18033006617701297,-0.10468039417073718,-0.08834773575713475,-0.1649201322896353,-0.17068997112658071
-0.2723093848084972,0.014680433790845058,0.14005994214305648,0.07804039344928826,0.26561048703093604,0.09111741886632087,0.10982769555138577,0.03501281830934994,-0.9435419647362445,0.033187737878746765,-0.4843195886029744,-0.182644213598985,-0.1059723064830059,-0.09006867976647584,-0.1666794782900199,-0.17245372393671396
-0.2738077677103948,0.0119421128311512,0.1404413719736579,0.07771038344615476,0.26817079207555333,0.09109850790416449,0.10989440022380988,0.03415807440247835,-0.9518011838968132,0.033318748246218347,-0.4894983979053615,-0.18495836102095717,-0.10726421879527465,-0.09178962377581698,-0.1684388242904045,-0.17421747674684723
-0.27530615061229224,0.009203791871457413,0.14082280180425935,0.07738037344302129,0.27073109712017057,0.0910795969420081,0.10996110489623395,0.033303330495606784,-0.9600604030573817,0.03344975861368993,-0.4946772072077483,-0.18727250844292923,-0.10855613110754338,-0.09351056778515808,-0.17019817029078904,-0.17598122955698045
-0.2768045335141898,0.006465470911763625,0.14120423163486082,0.07705036343988779,0.27329140216478787,0.09106068597985172,0.11002780956865806,0.032448586588735215,-0.9683196222179501,0.03358076898116151,-0.49985601651013534,-0.18958665586490128,-0.10984804341981208,-0.09523151179449918,-0.17195751629117362,-0.17774498236711367
-0.2783029164160874,0.003727149952069766,0.14158566146546225,0.07672035343675429,0.2758517072094051,0.09104177501769532,0.11009451424108216,0.031593842681863625,-0.9765788413785187,0.0337117793486331,-0.5050348258125223,-0.1919008032868734,-0.11113995573208083,-0.09695245580384032,-0.1737168622915582,-0.17950873517724694
-0.2798012993179849,0.0009888289923759785,0.1419670912960637,0.0763903434336208,0.27841201225402235,0.09102286405553892,0.11016121891350623,0.030739098774992053,-0.9848380605390871,0.03384278971610468,-0.5102136351149094,-0.19421495070884545,-0.11243186804434956,-0.0986733998131814,-0.17547620829194277,-0.18127248798738016
-0.2811899800750244,-0.0015490093789169278,0.1423205952403801,0.07608449468134149,0.2807848679126852,0.0910053376347486,0.11022303989056267,0.029946933825588155,-0.9924925917686739,0.033964208330832635,-0.5150132846660984,-0.19635967085332628,-0.11362919468599637,-0.10026834715720673,-0.1771067460754522,-0.18290710994182496
-0.2825786608320639,-0.004086847750209728,0.14267409918469653,0.07577864592906217,0.28315772357134794,0.0909878112139583,0.1102848608676191,0.029154768876184275,-1.0,0.034085626945560596,-0.5198129342172875,-0.198504390997807,-0.11482652132764316,-0.101863294501232,-0.17873728385896165,-0.1845417318962697
-0.28396734158910336,-0.0066246861215025635,0.14302760312901294,0.07547279717678286,0.2855305792300107,0.09097028479316796,0.11034668184467554,0.028362603926780396,-1.0,0.03420704556028856,-0.5246125837684764,-0.2006491111422877,-0.11602384796928997,-0.10345824184525729,-0.18036782164247106,-0.1861763538507144
-0.2853560223461429,-0.009162524492795435,0.14338110707332935,0.07516694842450354,0.2879034348886735,0.09095275837237765,0.11040850282173198,0.0275704389773765,-1.0,0.03432846417501652,-0.5294122333196656,-0.2027938312867685,-0.11722117461093678,-0.10505318918928258,-0.18199835942598053,-0.18781097580515918
-0.2867447031031824,-0.011700362864088341,0.14373461101764579,0.07486109967222422,0.2902762905473363,0.09093523195158731,0.1104703237987884,0.0267782740279726,-1.0,0.03444988278974447,-0.5342118828708547,-0.2049385514312493,-0.11841850125258362,-0.1066481365333079,-0.18362889720949,-0.189445597759604
-0.28813338386022186,-0.014238201235381246,0.1440881149619622,0.0745552509199449,0.29264914620599913,0.09091770553079699,0.11053214477584485,0.025986109078568704,-1.0,0.03457130140447244,-0.5390115324220438,-0.2070832715757301,-0.11961582789423042,-0.10824308387733322,-0.18525943499299946,-0.19108021971404873
-0.2895220646172614,-0.016776039606674047,0.1444416189062786,0.07424940216766558,0.2950220018646619,0.09090017911000667,0.11059396575290129,0.025193944129164824,-1.0,0.034692720019200395,-0.5438111819732329,-0.20922799172021084,-0.12081315453587722,-0.1098380312213585,-0.18688997277650884,-0.19271484166849348
-0.2909107453743009,-0.019313877977966954,0.14479512285059504,0.07394355341538626,0.29739485752332473,0.09088265268921634,0.11065578672995771,0.024401779179760927,-1.0,0.034814138633928356,-0.5486108315244219,-0.21137271186469164,-0.12201048117752405,-0.11143297856538383,-0.1885205105600183,-0.19434946362293828
-0.29229942613134036,-0.021851716349259753,0.14514862679491145,0.07363770466310696,0.2997677131819874,0.09086512626842604,0.11071760770701414,0.023609614230357047,-1.0,0.03493555724865631,-0.553410481075611,-0.21351743200917234,-0.12320780781917083,-0.11302792590940909,-0.19015104834352772,-0.19598408557738303
-0.2936881068883799,-0.02438955472055266,0.14550213073922788,0.07333185591082764,0.30214056884065027,0.0908475998476357,0.11077942868407056,0.02281744928095315,-1.0,0.03505697586338428,-0.5582101306268,-0.2156621521536531,-0.12440513446081766,-0.11462287325343441,-0.1917815861270372,-0.19761870753182775
-0.29497855585256894,-0.02674787277235307,0.14583062870138902,0.07304764213197555,0.30434557464300577,0.09083131320188206,0.11083687660030563,0.02208132009269793,-1.0,0.03516980562991968,-0.5626702650100306,-0.2176551601757567,-0.12551776521967042,-0.11610499802372458,-0.1932967837584112,-0.19913770043013146
-0.296269004816758,-0.029106190824153513,0.14615912666355016,0.07276342835312347,0.3065505804453613,0.09081502655612841,0.11089432451654067,0.021345190904442708,-1.0,0.03528263539645507,-0.567130399393261,-0.2196481681978603,-0.1266303959785232,-0.11758712279401473,-0.19481198138978517,-0.20065669332843514
-0.297559453780947,-0.03146450887595385,0.14648762462571127,0.07247921457427141,0.30875558624771676,0.09079873991037475,0.11095177243277572,0.020609061716187503,-1.0,0.03539546516299047,-0.5715905337764915,-0.2216411762199639,-0.12774302673737595,-0.11906924756430487,-0.1963271790211591,-0.20217568622673873
-0.2988499027451361,-0.033822826927754374,0.14681612258787244,0.07219500079541931,0.31096059205007237,0.0907824532646211,0.11100922034901078,0.019872932527932267,-1.0,0.03550829492952587,-0.5760506681597221,-0.22363418424206757,-0.12885565749622874,-0.12055137233459508,-0.19784237665253315,-0.2036946791250424
-0.3001403517093251,-0.03618114497955471,0.14714462055003358,0.07191078701656725,0.3131655978524278,0.09076616661886745,0.11106666826524583,0.01913680333967706,-1.0,0.03562112469606126,-0.5805108025429525,-0.22562719226417108,-0.12996828825508147,-0.12203349710488519,-0.19935757428390707,-0.20521367202334603
-0.30143080067351424,-0.03853946303135523,0.14747311851219472,0.07162657323771515,0.3153706036547834,0.0907498799731138,0.11112411618148087,0.018400674151421822,-1.0,0.03573395446259667,-0.5849709369261832,-0.22762020028627475,-0.13108091901393426,-0.12351562187517541,-0.20087277191528113,-0.20673266492164974
-0.30272124963770325,-0.04089778108315557,0.14780161647435586,0.07134235945886308,0.31757560945713886,0.09073359332736014,0.11118156409771592,0.017664544963166627,-1.0,0.03584678422913206,-0.5894310713094135,-0.22961320830837828,-0.13219354977278702,-0.12499774664546554,-0.2023879695466551,-0.20825165781995333
-0.3040116986018923,-0.043256099134955976,0.148130114436517,0.07105814568001101,0.31978061525949436,0.0907173066816065,0.11123901201395096,0.016928415774911408,-1.0,0.03595961399566746,-0.593891205692644,-0.23160621633048187,-0.13330618053163978,-0.1264798714157557,-0.20390316717802906,-0.20977065071825698
-0.30530214756608137,-0.04561441718675642,0.14845861239867816,0.07077393190115892,0.3219856210618499,0.09070102003585286,0.11129645993018603,0.016192286586656186,-1.0,0.03607244376220286,-0.5983513400758745,-0.23359922435258546,-0.13441881129049255,-0.12796199618604587,-0.2054183648094031,-0.21128964361656066
-0.30659259653027043,-0.04797273523855683,0.14878711036083928,0.07048971812230684,0.32419062686420547,0.09068473339009919,0.11135390784642107,0.015456157398400965,-1.0,0.03618527352873826,-0.6028114744591051,-0.23559223237468907,-0.13553144204934534,-0.12944412095633603,-0.20693356244077704,-0.2128086365148643
-0.30779419122131413,-0.05016867055213723,0.14909298949151809,0.07022507397343518,0.3262438062919529,0.09066956816650991,0.1114074001681441,0.01477071461912324,-1.0,0.03629033436587553,-0.6069645048732906,-0.2374480111966529,-0.13656746226403826,-0.13082419355499492,-0.20834443065816927,-0.21422303867487674
-0.3089957859123579,-0.05236460586571763,0.1493988686221969,0.06996042982456352,0.3282969857197004,0.09065440294292061,0.11146089248986714,0.014085271839845514,-1.0,0.03639539520301281,-0.6111175352874761,-0.23930379001861682,-0.13760348247873122,-0.13220426615365383,-0.20975529887556146,-0.21563744083488917
-0.31019738060340163,-0.054560541179298025,0.1497047477528757,0.06969578567569185,0.3303501651474478,0.09063923771933133,0.11151438481159018,0.013399829060567798,-1.0,0.03650045604015009,-0.6152705657016617,-0.24115956884058065,-0.13863950269342418,-0.13358433875231274,-0.21116616709295363,-0.2170518429949016
-0.3113989752944454,-0.05675647649287846,0.15001062688355452,0.06943114152682017,0.3324033445751954,0.09062407249574203,0.11156787713331323,0.012714386281290055,-1.0,0.03660551687728738,-0.6194235961158473,-0.24301534766254457,-0.13967552290811716,-0.13496441135097167,-0.21257703531034589,-0.21846624515491406
-0.31260056998548913,-0.05895241180645879,0.15031650601423333,0.06916649737794853,0.3344565240029428,0.09060890727215275,0.11162136945503626,0.012028943502012357,-1.0,0.03671057771442466,-0.6235766265300328,-0.2448711264845084,-0.1407115431228101,-0.13634448394963053,-0.21398790352773805,-0.21988064731492646
-0.3138021646765329,-0.06114834712003926,0.15062238514491214,0.06890185322907685,0.3365097034306903,0.09059374204856345,0.1116748617767593,0.011343500722734606,-1.0,0.03681563855156193,-0.6277296569442185,-0.24672690530647232,-0.14174756333750307,-0.13772455654828947,-0.2153987717451303,-0.22129504947493892
-0.3150037593675766,-0.06334428243361966,0.15092826427559095,0.06863720908020518,0.3385628828584379,0.09057857682497417,0.11172835409848232,0.01065805794345689,-1.0,0.03692069938869921,-0.6318826873584039,-0.24858268412843615,-0.14278358355219603,-0.13910462914694835,-0.21680963996252248,-0.22270945163495134
-0.3162053540586204,-0.06554021774720002,0.15123414340626973,0.06837256493133351,0.3406160622861853,0.09056341160138487,0.11178184642020536,0.009972615164179164,-1.0,0.0370257602258365,-0.6360357177725896,-0.25043846295040006,-0.143819603766889,-0.14048470174560726,-0.2182205081799147,-0.22412385379496377
-0.3174069487496641,-0.06773615306078043,0.15154002253694857,0.06810792078246186,0.34266924171393287,0.09054824637779559,0.1118353387419284,0.009287172384901447,-1.0,0.03713082106297378,-0.6401887481867752,-0.25229424177236387,-0.14485562398158194,-0.14186477434426614,-0.2196313763973069,-0.2255382559549762
-0.3186085434407078,-0.06993208837436082,0.15184590166762735,0.06784327663359019,0.3447224211416803,0.09053308115420629,0.11188883106365143,0.008601729605623722,-1.0,0.03723588190011106,-0.6443417786009608,-0.25415002059432773,-0.14589164419627487,-0.14324484694292505,-0.22104224461469907,-0.22695265811498863
-0.31972883620816606,-0.07197944300063117,0.1521310845003829,0.06759653875421961,0.34663667898614664,0.090518942035225,0.11193870400465855,0.007962665040962316,-1.0,0.0373338341437963,-0.6482138079721997,-0.2558802342909632,-0.14685756553573495,-0.1445315415017217,-0.22235765110872102,-0.22827135943911225
-0.32084912897562434,-0.07402679762690162,0.15241626733313848,0.06734980087484903,0.34855093683061306,0.09050480291624369,0.11198857694566565,0.007323600476300891,-1.0,0.03743178638748154,-0.652085837343439,-0.2576104479875987,-0.14782348687519506,-0.14581823606051836,-0.22367305760274303,-0.2295900607632359
-0.32196942174308263,-0.07607415225317198,0.15270145016589404,0.06710306299547845,0.3504651946750794,0.09049066379726238,0.11203844988667275,0.0066845359116394845,-1.0,0.03752973863116678,-0.6559578667146779,-0.2593406616842342,-0.14878940821465514,-0.14710493061931498,-0.22498846409676496,-0.2309087620873595
-0.3230897145105409,-0.07812150687944243,0.1529866329986496,0.06685632511610785,0.35237945251954583,0.09047652467828109,0.11208832282767985,0.006045471346978051,-1.0,0.037627690874852016,-0.6598298960859171,-0.2610708753808697,-0.14975532955411522,-0.14839162517811166,-0.22630387059078694,-0.23222746341148315
-0.3242100072779992,-0.08016886150571277,0.15327181583140514,0.06660958723673728,0.3542937103640122,0.09046238555929978,0.11213819576868694,0.005406406782316644,-1.0,0.03772564311853726,-0.6637019254571561,-0.26280108907750516,-0.1507212508935753,-0.1496783197369083,-0.22761927708480886,-0.23354616473560674
-0.32533030004545743,-0.08221621613198316,0.1535569986641607,0.06636284935736671,0.35620796820847855,0.09044824644031847,0.11218806870969404,0.0047673422176552375,-1.0,0.03782359536222249,-0.6675739548283951,-0.2645313027741406,-0.15168717223303538,-0.15096501429570494,-0.2289346835788308,-0.2348648660597304
-0.3264505928129157,-0.08426357075825351,0.15384218149691625,0.06611611147799613,0.3581222260529449,0.09043410732133716,0.11223794165070114,0.0041282776529938305,-1.0,0.037921547605907734,-0.6714459841996342,-0.26626151647077606,-0.15265309357249543,-0.15225170885450157,-0.23025009007285274,-0.23618356738385402
-0.327570885580374,-0.08631092538452396,0.1541273643296718,0.06586937359862555,0.3600364838974113,0.09041996820235587,0.11228781459170824,0.0034892130883324057,-1.0,0.03801949984959298,-0.6753180135708735,-0.2679917301674116,-0.15361901491195554,-0.15353840341329822,-0.2315654965668747,-0.2375022687079776
-0.32869117834783224,-0.08835828001079431,0.15441254716242736,0.06562263571925497,0.3619507417418777,0.09040582908337455,0.11233768753271534,0.0028501485236709988,-1.0,0.03811745209327822,-0.6791900429421125,-0.2697219438640471,-0.15458493625141562,-0.15482509797209487,-0.23288090306089665,-0.23882097003210126
-0.3298114711152905,-0.09040563463706469,0.15469772999518294,0.06537589783988439,0.36386499958634405,0.09039168996439326,0.11238756047372243,0.002211083959009592,-1.0,0.03821540433696345,-0.6830620723133515,-0.2714521575606825,-0.15555085759087567,-0.1561117925308915,-0.23419630955491857,-0.24013967135622485
-0.33085650359549734,-0.09231544977209272,0.15496375449492428,0.06514573559521988,0.3656506592648374,0.09037850069904568,0.11243408299421867,0.0016149511922725424,-1.0,0.03830677623467949,-0.6866739821415655,-0.2730661370160575,-0.15645188918045813,-0.1573120480757868,-0.23542334819236932,-0.24136978347997576
-0.3319015360757042,-0.0942252649071208,0.15522977899466564,0.06491557335055537,0.3674363189433309,0.09036531143369812,0.11248060551471491,0.0010188184255354748,-1.0,0.038398148132395525,-0.6902858919697797,-0.2746801164714325,-0.15735292077004062,-0.15851230362068208,-0.23665038682982012,-0.2425998956037268
-0.332946568555911,-0.09613508004214878,0.155495803494407,0.06468541110589088,0.36922197862182426,0.09035212216835055,0.11252712803521113,0.0004226856587984429,-1.0,0.03848952003011155,-0.6938978017979938,-0.27629409592680737,-0.15825395235962303,-0.15971255916557736,-0.2378774254672708,-0.2438300077274777
-0.33399160103611786,-0.09804489517717688,0.15576182799414837,0.06445524886122636,0.3710076383003178,0.09033893290300299,0.11257365055570738,-0.0001734471079386246,-1.0,0.03858089192782759,-0.6975097116262079,-0.2779080753821823,-0.15915498394920552,-0.16091281471047267,-0.23910446410472158,-0.24506011985122866
-0.3350366335163246,-0.09995471031220482,0.1560278524938897,0.06422508661656186,0.37279329797881117,0.0903257436376554,0.11262017307620362,-0.0007695798746756566,-1.0,0.03867226382554362,-0.7011216214544217,-0.2795220548375572,-0.16005601553878793,-0.1621130702553679,-0.24033150274217227,-0.24629023197497957
-0.33608166599653144,-0.10186452544723296,0.15629387699363106,0.06399492437189735,0.3745789576573047,0.09031255437230783,0.11266669559669984,-0.001365712641412724,-1.0,0.03876363572325966,-0.7047335312826359,-0.2811360342929322,-0.16095704712837045,-0.16331332580026323,-0.24155854137962304,-0.24752034409873055
-0.3371266984767382,-0.1037743405822609,0.15655990149337243,0.06376476212723285,0.37636461733579807,0.09029936510696027,0.11271321811719608,-0.001961845408149756,-1.0,0.038855007620975685,-0.7083454411108498,-0.2827500137483071,-0.16185807871795288,-0.16451358134515848,-0.24278558001707373,-0.24875045622248146
-0.33817173095694514,-0.10568415571728906,0.1568259259931138,0.06353459988256834,0.3781502770142916,0.09028617584161269,0.1127597406376923,-0.002557978174886859,-1.0,0.038946379518691725,-0.7119573509390642,-0.28436399320368216,-0.16275911030753537,-0.16571383689005384,-0.2440126186545246,-0.2499805683462325
-0.3392167634371519,-0.10759397085231705,0.15709195049285513,0.06330443763790383,0.37993593669278497,0.09027298657626513,0.11280626315818854,-0.003154110941623891,-1.0,0.03903775141640776,-0.715569260767278,-0.28597797265905706,-0.1636601418971178,-0.16691409243494906,-0.24523965729197528,-0.2512106804699834
-0.3402617959173588,-0.10950378598734506,0.1573579749925965,0.06307427539323933,0.38172159637127834,0.09025979731091756,0.11285278567868477,-0.003750243708360941,-1.0,0.03912912331412379,-0.719181170595492,-0.287591952114432,-0.16456117348670027,-0.16811434797984437,-0.24646669592942602,-0.25244079259373436
-0.34123640362694574,-0.1112848986223474,0.15760607209321065,0.06285962378924184,0.3833869203897375,0.09024749687056284,0.11289617304511004,-0.004306203069819592,-1.0,0.03921433765687418,-0.722549673710547,-0.28909716544522923,-0.165401484530061,-0.16923371826707023,-0.24761104439578552,-0.2535880074240589
-0.3422110113365327,-0.11306601125734982,0.15785416919382483,0.06264497218524434,0.3850522444081966,0.09023519643020812,0.11293956041153531,-0.0048621624312782784,-1.0,0.03929955199962458,-0.7259181768256022,-0.29060237877602646,-0.1662417955734218,-0.17035308855429612,-0.24875539286214512,-0.25473522225438344
-0.3431856190461196,-0.11484712389235202,0.158102266294439,0.06243032058124687,0.3867175684266556,0.09022289598985339,0.11298294777796059,-0.005418121792736877,-1.0,0.03938476634237496,-0.7292866799406571,-0.29210759210682363,-0.16708210661678247,-0.17147245884152187,-0.24989974132850457,-0.25588243708470787
-0.34416022675570657,-0.1166282365273544,0.15835036339505315,0.062215668977249367,0.3883828924451147,0.09021059554949867,0.11302633514438586,-0.005974081154195563,-1.0,0.03946998068512536,-0.7326551830557122,-0.29361280543762086,-0.1679224176601433,-0.17259182912874776,-0.25104408979486414,-0.2570296519150324
-0.3451348344652936,-0.11840934916235675,0.1585984604956673,0.06200101737325188,0.39004821646357385,0.09019829510914396,0.11306972251081113,-0.006530040515654214,-1.0,0.03955519502787576,-0.7360236861707671,-0.2951180187684181,-0.168762728703504,-0.17371119941597363,-0.2521884382612237,-0.25817686674535695
-0.34610944217488054,-0.1201904617973591,0.1588465575962815,0.06178636576925438,0.39171354048203283,0.09018599466878924,0.1131131098772364,-0.007085999877112883,-1.0,0.03964040937062615,-0.7393921892858222,-0.2966232320992153,-0.16960303974686475,-0.17483056970319946,-0.2533327867275832,-0.2593240815756815
-0.34708404988446745,-0.12197157443236137,0.15909465469689565,0.061571714165256905,0.3933788645004919,0.09017369422843452,0.11315649724366167,-0.007641959238571516,-1.0,0.03972562371337654,-0.742760692400877,-0.2981284454300125,-0.1704433507902255,-0.1759499399904253,-0.2544771351939427,-0.26047129640600597
-0.3480586575940545,-0.12375268706736378,0.1593427517975098,0.06135706256125941,0.3950441885189511,0.09016139378807977,0.11319988461008697,-0.008197918600030185,-1.0,0.03981083805612694,-0.7461291955159323,-0.2996336587608098,-0.17128366183358626,-0.1770693102776512,-0.25562148366030235,-0.2616185112363305
-0.3490332653036415,-0.1255337997023661,0.159590848898124,0.06114241095726191,0.39670951253741016,0.09014909334772506,0.11324327197651224,-0.008753877961488854,-1.0,0.03989605239887733,-0.7494976986309873,-0.301138872091607,-0.17212397287694703,-0.17818868056487705,-0.2567658321266618,-0.26276572606665494
-0.3500078730132284,-0.12731491233736836,0.15983894599873813,0.06092775935326444,0.39837483655586914,0.09013679290737034,0.11328665934293751,-0.009309837322947488,-1.0,0.03998126674162772,-0.7528662017460422,-0.3026440854224042,-0.17296428392030772,-0.17930805085210286,-0.25791018059302134,-0.2639129408969794
-0.35091595561020594,-0.12897444916556353,0.1600701084010177,0.06072775951324054,0.3999264883072516,0.09012533207475902,0.1133270851593885,-0.009827847816606852,-1.0,0.04006066449408066,-0.7560047764018312,-0.3040465553772282,-0.1737472367196934,-0.1803510147722573,-0.2589764177230554,-0.2649818487377083
-0.3518240382071835,-0.13063398599375867,0.16030127080329726,0.06052775967321665,0.4014781400586341,0.09011387124214769,0.11336751097583947,-0.010345858310266217,-1.0,0.0401400622465336,-0.7591433510576201,-0.30544902533205226,-0.17453018951907903,-0.18139397869241175,-0.26004265485308947,-0.26605075657843713
-0.352732120804161,-0.13229352282195367,0.16053243320557684,0.06032775983319277,0.4030297918100163,0.09010241040953637,0.11340793679229046,-0.010863868803925545,-1.0,0.04021945999898653,-0.7622819257134088,-0.30685149528687616,-0.17531314231846465,-0.18243694261256616,-0.2611088919831234,-0.26711966441916585
-0.35364020340113866,-0.1339530596501489,0.1607635956078564,0.06012775999316888,0.4045814435613989,0.09009094957692504,0.11344836260874146,-0.011381879297584926,-1.0,0.04029885775143948,-0.7654205003691978,-0.3082539652417003,-0.17609609511785035,-0.18347990653272064,-0.2621751291131575,-0.2681885722598947
-0.3545482859981162,-0.13561259647834395,0.16099475801013596,0.059927760153145,0.40613309531278124,0.09007948874431372,0.11348878842519244,-0.011899889791244274,-1.0,0.040378255503892416,-0.7685590750249868,-0.3096564351965243,-0.17687904791723597,-0.18452287045287505,-0.2632413662431915,-0.2692574801006235
-0.3554563685950937,-0.13727213330653903,0.16122592041241554,0.05972776031312112,0.40768474706416363,0.09006802791170239,0.11352921424164343,-0.01241790028490362,-1.0,0.04045765325634536,-0.7716976496807757,-0.31105890515134826,-0.17766200071662158,-0.18556583437302948,-0.2643076033732255,-0.2703263879413522
-0.3563644511920712,-0.13893167013473418,0.16145708281469515,0.059527760473097234,0.4092363988155461,0.09005656707909107,0.11356964005809442,-0.012935910778562985,-1.0,0.0405370510087983,-0.7748362243365646,-0.31246137510617233,-0.17844495351600723,-0.18660879829318394,-0.2653738405032596,-0.2713952957820811
-0.3572725337890489,-0.14059120696292937,0.1616882452169747,0.05932776063307333,0.4107880505669286,0.09004510624647974,0.1136100658745454,-0.013453921272222367,-1.0,0.040616448761251235,-0.7779747989923537,-0.31386384506099646,-0.17922790631539295,-0.18765176221333843,-0.2664400776332937,-0.27246420362280993
-0.35818061638602644,-0.14225074379112437,0.16191940761925427,0.05912776079304946,0.41233970231831096,0.09003364541386842,0.11365049169099638,-0.013971931765881695,-1.0,0.04069584651370418,-0.7811133736481425,-0.31526631501582036,-0.18001085911477854,-0.1886947261334928,-0.26750631476332765,-0.27353311146353865
-0.35908869898300394,-0.1439102806193195,0.16215057002153382,0.05892776095302557,0.4138913540696933,0.09002218458125709,0.11369091750744736,-0.01448994225954106,-1.0,0.04077524426615712,-0.7842519483039314,-0.3166687849706444,-0.18079381191416422,-0.18973769005364727,-0.2685725518933617,-0.2746020193042675
-0.35993344853127673,-0.14545407519332185,0.16236561030041735,0.05874170984371334,0.4153347878723228,0.09001152306962426,0.11372852387750576,-0.01497182477989302,-1.0,0.04084910452484034,-0.7871716271211696,-0.3179734414685742,-0.1815221586810787,-0.19070791380129723,-0.2695644256909059,-0.27559637754723604
-0.36077819807954953,-0.14699786976732418,0.16258065057930085,0.0585556587344011,0.4167782216749524,0.09000086155799143,0.11376613024756416,-0.015453707300245013,-1.0,0.04092296478352357,-0.790091305938408,-0.3192780979665041,-0.18225050544799326,-0.19167813754894725,-0.2705562994884501,-0.2765907357902046
-0.3616229476278223,-0.1485416643413264,0.16279569085818438,0.05836960762508887,0.4182216554775817,0.08999020004635862,0.11380373661762257,-0.015935589820596955,-1.0,0.04099682504220679,-0.7930109847556462,-0.3205827544644338,-0.18297885221490773,-0.19264836129659713,-0.27154817328599423,-0.27758509403317305
-0.3624676971760951,-0.15008545891532873,0.16301073113706788,0.05818355651577665,0.4196650892802113,0.08997953853472578,0.11384134298768096,-0.016417472340948914,-1.0,0.04107068530089001,-0.7959306635728844,-0.3218874109623636,-0.18370719898182222,-0.1936185850442471,-0.27254004708353846,-0.2785794522761416
-0.3633124467243678,-0.151629253489331,0.1632257714159514,0.057997505406464415,0.4211085230828408,0.08996887702309295,0.11387894935773936,-0.016899354861300894,-1.0,0.04114454555957323,-0.7988503423901228,-0.32319206746029344,-0.18443554574873672,-0.19458880879189708,-0.27353192088108264,-0.27957381051911007
-0.36415719627264065,-0.15317304806333337,0.1634408116948349,0.05781145429715218,0.4225519568854703,0.08995821551146012,0.11391655572779776,-0.01738123738165287,-1.0,0.04121840581825646,-0.8017700212073612,-0.3244967239582233,-0.1851638925156513,-0.19555903253954707,-0.27452379467862686,-0.2805681687620787
-0.3650019458209134,-0.15471684263733557,0.16365585197371843,0.05762540318783996,0.4239953906880997,0.08994755399982729,0.11395416209785615,-0.01786311990200481,-1.0,0.04129226607693968,-0.8046897000245994,-0.3258013804561531,-0.18589223928256576,-0.19652925628719697,-0.27551566847617104,-0.28156252700504714
-0.36584669536918624,-0.15626063721133795,0.16387089225260193,0.05743935207852772,0.42543882449072923,0.08993689248819445,0.11399176846791455,-0.018345002422356805,-1.0,0.0413661263356229,-0.8076093788418377,-0.32710603695408286,-0.18662058604948029,-0.19749948003484696,-0.27650754227371527,-0.2825568852480157
-0.36669144491745903,-0.1578044317853403,0.16408593253148546,0.057253300969215486,0.4268822582933588,0.08992623097656162,0.11402937483797296,-0.018826884942708767,-1.0,0.04143998659430613,-0.8105290576590761,-0.3284106934520127,-0.18734893281639484,-0.19846970378249693,-0.27749941607125944,-0.28355124349098415
-0.3675361944657318,-0.15934822635934254,0.16430097281036896,0.05706724985990325,0.42832569209598814,0.08991556946492879,0.11406698120803135,-0.019308767463060726,-1.0,0.04151384685298935,-0.8134487364763143,-0.3297153499499425,-0.18807727958330933,-0.19943992753014692,-0.2784912898688036,-0.2845456017339527
-0.36832028233546155,-0.16078116065484443,0.16450057099248178,0.05689455912776879,0.42966547255247234,0.08990567355914064,0.11410188705515215,-0.01975604587784687,-1.0,0.04158240318783088,-0.8161587524198376,-0.33092631873504863,-0.18875332358482694,-0.20034047926528722,-0.279411936958284,-0.2854685548602036
-0.36910437020519127,-0.16221409495034628,0.16470016917459457,0.05672186839563434,0.4310052530089564,0.08989577765335252,0.11413679290227291,-0.020203324292633038,-1.0,0.0416509595226724,-0.818868768363361,-0.33213728752015476,-0.18942936758634457,-0.20124103100042753,-0.2803325840477643,-0.28639150798645446
-0.369888458074921,-0.16364702924584817,0.16489976735670736,0.05654917766349987,0.43234503346544045,0.08988588174756437,0.1141716987493937,-0.020650602707419186,-1.0,0.04171951585751392,-0.8215787843068845,-0.3333482563052609,-0.19010541158786218,-0.20214158273556787,-0.28125323113724465,-0.28731446111270537
-0.3706725459446507,-0.16507996354135002,0.1650993655388202,0.056376486931365426,0.4336848139219246,0.08987598584177622,0.11420660459651448,-0.02109788112220533,-1.0,0.04178807219235545,-0.8242888002504077,-0.33455922509036706,-0.19078145558937978,-0.20304213447070818,-0.28217387822672496,-0.28823741423895627
-0.37145663381438043,-0.16651289783685186,0.16529896372093297,0.05620379619923096,0.4350245943784087,0.08986608993598807,0.11424151044363526,-0.02154515953699148,-1.0,0.04185662852719697,-0.826998816193931,-0.3357701938754731,-0.19145749959089742,-0.2039426862058485,-0.28309452531620527,-0.28916036736520717
-0.37224072168411015,-0.1679458321323537,0.16549856190304577,0.05603110546709651,0.43636437483489265,0.08985619403019994,0.11427641629075604,-0.02199243795177761,-1.0,0.04192518486203849,-0.8297088321374543,-0.33698116266057915,-0.19213354359241502,-0.20484323794098877,-0.2840151724056856,-0.290083320491458
-0.3730248095538398,-0.16937876642785554,0.16569816008515859,0.05585841473496205,0.4377041552913768,0.08984629812441179,0.11431132213787681,-0.022439716366563757,-1.0,0.04199374119688001,-0.8324188480809775,-0.3381921314456853,-0.19280958759393266,-0.20574378967612908,-0.2849358194951659,-0.2910062736177088
-0.3738088974235697,-0.17081170072335752,0.1658977582672714,0.05568572400282758,0.43904393574786094,0.08983640221862364,0.11434622798499759,-0.022886994781349923,-1.0,0.04206229753172155,-0.835128864024501,-0.3394031002307915,-0.1934856315954503,-0.20664434141126947,-0.2858564665846463,-0.2919292267439598
-0.3745929852932994,-0.17224463501885928,0.16609735644938423,0.05551303327069313,0.4403837162043449,0.08982650631283551,0.11438113383211837,-0.023334273196136054,-1.0,0.04213085386656307,-0.8378388799680243,-0.3406140690158976,-0.19416167559696787,-0.2075448931464097,-0.28677711367412656,-0.2928521798702106
-0.37537707316302904,-0.17367756931436118,0.16629695463149702,0.05534034253855867,0.441723496660829,0.08981661040704736,0.11441603967923916,-0.0237815516109222,-1.0,0.04219941020140459,-0.8405488959115476,-0.3418250378010037,-0.1948377195984855,-0.20844544488155006,-0.28769776076360687,-0.29377513299646146
-0.3761027998653937,-0.1750038475557757,0.16648169633723545,0.05518050550957357,0.44296355468252985,0.08980745107254955,0.1144483474170606,-0.02419553823351016,-1.0,0.042262863756460725,-0.8430572001590377,-0.3429458718516368,-0.19546344434543744,-0.20927896681994876,-0.2885498823204936,-0.2946293889473692
-0.3768285265677582,-0.1763301257971903,0.16666643804297387,0.05502066848058845,0.4442036127042307,0.08979829173805172,0.11448065515488205,-0.024609524856098127,-1.0,0.04232631731151684,-0.8455655044065279,-0.3440667059022699,-0.19608916909238938,-0.21011248875834754,-0.2894020038773803,-0.2954836448982768
-0.3775542532701226,-0.17765640403860472,0.1668511797487123,0.05486083145160337,0.4454436707259314,0.08978913240355389,0.11451296289270349,-0.025023511478686037,-1.0,0.04238977086657297,-0.8480738086540177,-0.3451875399529029,-0.19671489383934126,-0.21094601069674618,-0.29025412543426693,-0.2963379008491843
-0.37827997997248725,-0.17898268228001932,0.1670359214544507,0.054700994422618256,0.44668372874763224,0.08977997306905607,0.11454527063052494,-0.025437498101274,-1.0,0.042453224421629104,-0.8505821129015078,-0.34630837400353603,-0.1973406185862932,-0.2117795326351449,-0.29110624699115367,-0.2971921568000919
-0.3790057066748518,-0.18030896052143391,0.1672206631601892,0.054541157393633154,0.44792378676933303,0.08977081373455825,0.11457757836834638,-0.025851484723861944,-1.0,0.042516677976685235,-0.8530904171489979,-0.34742920805416916,-0.19796634333324512,-0.2126130545735436,-0.2919583685480404,-0.2980464127509995
-0.3797314333772162,-0.18163523876284834,0.16740540486592756,0.05438132036464806,0.44916384479103383,0.08976165440006043,0.11460988610616782,-0.026265471346449888,-1.0,0.042580131531741366,-0.8555987213964881,-0.3485500421048022,-0.19859206808019703,-0.21344657651194232,-0.29281049010492705,-0.29890066870190707
-0.38045716007958075,-0.18296151700426286,0.16759014657166602,0.05422148333566296,0.4504039028127346,0.08975249506556261,0.11464219384398927,-0.026679457969037815,-1.0,0.042643585086797484,-0.8581070256439779,-0.34967087615543524,-0.19921779282714894,-0.21428009845034102,-0.29366261166181373,-0.29975492465281467
-0.3811828867819454,-0.1842877952456775,0.16777488827740444,0.05406164630667784,0.4516439608344355,0.0897433357310648,0.11467450158181074,-0.027093444591625798,-1.0,0.04270703864185363,-0.8606153298914683,-0.3507917102060685,-0.19984351757410093,-0.2151136203887398,-0.2945147332187005,-0.3006091806037224
-0.3819086134843099,-0.18561407348709202,0.16795962998314287,0.053901809277692746,0.4528840188561362,0.08973417639656697,0.11470680931963217,-0.027507431214213725,-1.0,0.042770492196909746,-0.8631236341389581,-0.35191254425670154,-0.20046924232105284,-0.2159471423271385,-0.2953668547755871,-0.3014634365546299
-0.3826343401866744,-0.18694035172850654,0.1681443716888813,0.053741972248707644,0.45412407687783707,0.08972501706206915,0.11473911705745361,-0.02792141783680167,-1.0,0.04283394575196588,-0.8656319383864483,-0.3530333783073346,-0.20109496706800475,-0.21678066426553716,-0.2962189763324738,-0.3023176925055375
-0.38330375366080405,-0.18816371656041248,0.16831477824365193,0.05359453787634837,0.4552679118031945,0.08971656845199744,0.1147689178556685,-0.028303280902287432,-1.0,0.042892475587780934,-0.8679456091595031,-0.354067240522012,-0.20167213830249456,-0.21754950853532745,-0.297004976971444,-0.3031056619188577
-0.3839731671349337,-0.18938708139231836,0.16848518479842256,0.05344710350398912,0.45641174672855195,0.08970811984192573,0.1147987186538834,-0.028685143967773177,-1.0,0.042951005423595985,-0.870259279932558,-0.35510110273668927,-0.20224930953698436,-0.21831835280511766,-0.2977909776104142,-0.30389363133217784
-0.3846425806090632,-0.1906104462242242,0.1686555913531932,0.05329966913162986,0.4575555816539093,0.08969967123185402,0.1148285194520983,-0.029067007033258888,-1.0,0.043009535259411036,-0.872572950705613,-0.35613496495136654,-0.20282648077147414,-0.2190871970749078,-0.29857697824938434,-0.304681600745498
-0.38531199408319283,-0.1918338110561301,0.16882599790796385,0.0531522347592706,0.45869941657926666,0.08969122262178232,0.11485832025031317,-0.029448870098744636,-1.0,0.0430680650952261,-0.8748866214786679,-0.35716882716604387,-0.20340365200596394,-0.21985604134469802,-0.29936297888835456,-0.30546957015881815
-0.38598140755732246,-0.19305717588803603,0.16899640446273445,0.053004800386911334,0.4598432515046242,0.08968277401171061,0.11488812104852807,-0.0298307331642304,-1.0,0.04312659493104116,-0.8772002922517228,-0.35820268938072125,-0.2039808232404538,-0.22062488561448831,-0.3001489795273248,-0.3062575395721383
-0.3866508210314521,-0.19428054071994197,0.16916681101750508,0.052857366014552064,0.4609870864299816,0.08967432540163892,0.11491792184674296,-0.030212596229716126,-1.0,0.04318512476685621,-0.8795139630247778,-0.3592365515953986,-0.2045579944749436,-0.22139372988427852,-0.30093498016629494,-0.30704550898545846
-0.3873202345055817,-0.19550390555184782,0.16933721757227574,0.05270993164219281,0.462130921355339,0.0896658767915672,0.11494772264495784,-0.03059445929520187,-1.0,0.04324365460267126,-0.8818276337978327,-0.36027041381007585,-0.2051351657094334,-0.22216257415406876,-0.30172098080526516,-0.3078334783987786
-0.38798964797971136,-0.1967272703837538,0.16950762412704634,0.05256249726983353,0.4632747562806965,0.08965742818149551,0.11497752344317273,-0.030976322360687637,-1.0,0.04330218443848632,-0.8841413045708879,-0.36130427602475323,-0.2057123369439232,-0.222931418423859,-0.3025069814442353,-0.3086214478120988
-0.38865906145384094,-0.19795063521565973,0.16967803068181697,0.052415062897474274,0.46441859120605394,0.0896489795714238,0.11500732424138763,-0.031358185426173385,-1.0,0.04336071427430138,-0.8864549753439428,-0.3623381382394305,-0.20628950817841304,-0.22370026269364923,-0.30329298208320554,-0.309409417225419
-0.3893284749279705,-0.19917400004756558,0.16984843723658763,0.05226762852511501,0.4655624261314113,0.08964053096135208,0.11503712503960252,-0.03174004849165913,-1.0,0.04341924411011643,-0.8887686461169977,-0.36337200045410784,-0.20686667941290285,-0.22446910696343944,-0.3040789827221757,-0.3101973866387391
-0.38994346278970016,-0.2002979011209152,0.1700049891537407,0.05213218107311899,0.46661326335250514,0.08963276925226886,0.11506450293066728,-0.03209086477963707,-1.0,0.043473015269446746,-0.8908942075173223,-0.36432180612324844,-0.2073969246455854,-0.22517544155596628,-0.3048010788121997,-0.31092129143500297
-0.3905584506514295,-0.20142180219426456,0.17016154107089373,0.05199673362112298,0.46766410057359886,0.08962500754318564,0.11509188082173205,-0.032441681067614955,-1.0,0.043526786428777046,-0.893019768917647,-0.3652716117923888,-0.2079271698782679,-0.225881776148493,-0.3055231749022235,-0.31164519623126663
-0.3911734385131591,-0.2025457032676141,0.17031809298804682,0.05186128616912697,0.4687149377946927,0.08961724583410241,0.11511925871279681,-0.032792497355592885,-1.0,0.04358055758810736,-0.8951453303179716,-0.36622141746152936,-0.20845741511095042,-0.2265881107410198,-0.3062452709922474,-0.31236910102753046
-0.39178842637488853,-0.20366960434096362,0.1704746449051999,0.05172583871713096,0.4697657750157865,0.08960948412501919,0.11514663660386157,-0.03314331364357079,-1.0,0.043634328747437674,-0.8972708917182962,-0.3671712231306698,-0.20898766034363295,-0.2272944453335466,-0.3069673670822713,-0.31309300582379423
-0.392403414236618,-0.2047935054143131,0.17063119682235292,0.05159039126513494,0.4708166122368802,0.08960172241593596,0.11517401449492634,-0.03349412993154871,-1.0,0.04368809990676798,-0.8993964531186208,-0.36812102879981035,-0.20951790557631544,-0.22800077992607334,-0.30768946317229523,-0.313816910620058
-0.3930184020983476,-0.20591740648766263,0.170787748739506,0.05145494381313893,0.471867449457974,0.08959396070685274,0.1152013923859911,-0.033844946219526634,-1.0,0.043741871066098295,-0.9015220145189456,-0.3690708344689508,-0.21004815080899797,-0.22870711451860015,-0.3084115592623191,-0.31454081541632173
-0.39363338996007713,-0.20704130756101213,0.17094430065665908,0.05131949636114291,0.47291828667906777,0.08958619899776953,0.11522877027705589,-0.03419576250750454,-1.0,0.04379564222542861,-0.9036475759192704,-0.37002064013809133,-0.2105783960416805,-0.22941344911112693,-0.309133655352343,-0.3152647202125855
-0.3942483778218066,-0.20816520863436166,0.17110085257381213,0.05118404890914689,0.4739691239001616,0.0895784372886863,0.11525614816812065,-0.03454657879548249,-1.0,0.04384941338475892,-0.905773137319595,-0.3709704458072319,-0.21110864127436305,-0.23011978370365377,-0.30985575144236693,-0.31598862500884933
-0.39486336568353614,-0.2092891097077112,0.1712574044909652,0.05104860145715087,0.4750199611212554,0.08957067557960308,0.11528352605918542,-0.03489739508346041,-1.0,0.04390318454408923,-0.9078986987199196,-0.3719202514763723,-0.21163888650704557,-0.23082611829618052,-0.3105778475323908,-0.3167125298051131
-0.39547835354526567,-0.21041301078106073,0.17141395640811827,0.050913154005154865,0.47607079834234917,0.08956291387051986,0.11531090395025018,-0.03524821137143833,-1.0,0.04395695570341954,-0.9100242601202442,-0.37287005714551286,-0.2121691317397281,-0.23153245288870733,-0.3112999436224147,-0.3174364346013768
-0.39604071424206533,-0.21144073479006026,0.17155711150221709,0.05078929737606628,0.47703171088819263,0.08955581636437376,0.11533593899704409,-0.035569006795922176,-1.0,0.044006125432629606,-0.9119679280599908,-0.3737385838452431,-0.21265400159990297,-0.23217834338239932,-0.31196024683425394,-0.3180983917406586
-0.39660307493886504,-0.2124684587990599,0.17170026659631593,0.05066544074697767,0.47799262343403615,0.08954871885822765,0.11536097404383801,-0.03588980222040606,-1.0,0.04405529516183968,-0.9139115959997377,-0.3746071105449735,-0.2131388714600779,-0.23282423387609139,-0.31262055004609324,-0.31876034887994054
-0.3971654356356646,-0.2134961828080594,0.17184342169041472,0.05054158411788909,0.47895353597987955,0.08954162135208156,0.11538600909063192,-0.0362105976448899,-1.0,0.044104464891049744,-0.9158552639394845,-0.37547563724470373,-0.21362374132025277,-0.2334701243697834,-0.3132808532579325,-0.31942230601922234
-0.3977277963324643,-0.214523906817059,0.17198657678451354,0.050417727488800496,0.479914448525723,0.08953452384593547,0.11541104413742584,-0.036531393069373766,-1.0,0.04415363462025982,-0.9177989318792313,-0.37634416394443404,-0.21410861118042768,-0.23411601486347544,-0.31394115646977183,-0.3200842631585042
-0.39829015702926396,-0.21555163082605858,0.17212973187861239,0.05029387085971191,0.4808753610715664,0.08952742633978937,0.11543607918421975,-0.03685218849385761,-1.0,0.04420280434946989,-0.919742599818978,-0.37721269064416435,-0.21459348104060255,-0.2347619053571674,-0.314601459681611,-0.32074622029778604
-0.39885251772606367,-0.21657935483505816,0.1722728869727112,0.05017001423062331,0.48183627361740994,0.08952032883364329,0.11546111423101367,-0.03717298391834147,-1.0,0.04425197407867995,-0.9216862677587246,-0.37808121734389466,-0.21507835090077745,-0.23540779585085944,-0.3152617628934503,-0.32140817743706784
-0.39941487842286333,-0.2176070788440577,0.17241604206681,0.050046157601534726,0.48279718616325334,0.0895132313274972,0.11548614927780758,-0.037493779342825294,-1.0,0.04430114380789002,-0.9236299356984713,-0.3789497440436249,-0.2155632207609523,-0.23605368634455143,-0.31592206610528956,-0.32207013457634964
-0.39997723911966304,-0.21863480285305725,0.17255919716090884,0.04992230097244613,0.48375809870909686,0.0895061338213511,0.1155111843246015,-0.03781457476730916,-1.0,0.04435031353710009,-0.9255736036382183,-0.3798182707433552,-0.2160480906211272,-0.23669957683824347,-0.3165823693171288,-0.32273209171563155
-0.40053959981646264,-0.21966252686205684,0.17270235225500766,0.04979844434335754,0.48471901125494027,0.089499036315205,0.11553621937139541,-0.03813537019179302,-1.0,0.044399483266310165,-0.9275172715779649,-0.38068679744308553,-0.21653296048130216,-0.2373454673319355,-0.3172426725289681,-0.32339404885491335
-0.40110196051326225,-0.22069025087105637,0.17284550734910645,0.049674587714268956,0.48567992380078373,0.08949193880905891,0.11556125441818932,-0.03845616561627686,-1.0,0.044448652995520234,-0.9294609395177116,-0.3815553241428158,-0.21701783034147704,-0.2379913578256275,-0.31790297574080734,-0.32405600599419515
-0.4016134575656109,-0.22162502068022455,0.17297571454366495,0.04956193350309599,0.486553925020216,0.08948548324860915,0.11558402512871972,-0.03874794616737901,-1.0,0.04449337548715034,-0.9312288091920728,-0.3823452955069709,-0.2174588453442386,-0.23857882968406907,-0.3185035567352369,-0.324658091323861
-0.4021249546179594,-0.22255979048939267,0.1731059217382234,0.04944927929192304,0.4874279262396481,0.08947902768815942,0.1156067958392501,-0.039039726718481126,-1.0,0.04453809797878045,-0.9329966788664342,-0.383135266871126,-0.21789986034700015,-0.23916630154251067,-0.31910413772966645,-0.32526017665352674
-0.40263645167030787,-0.2234945602985607,0.1732361289327818,0.049336625080750096,0.48830192745908024,0.08947257212770968,0.1156295665497805,-0.039331507269583225,-1.0,0.04458282047041055,-0.9347645485407952,-0.383925238235281,-0.21834087534976165,-0.23975377340095216,-0.31970471872409595,-0.3258622619831925
-0.40314794872265636,-0.2244293301077289,0.1733663361273403,0.04922397086957714,0.4891759286785124,0.08946611656725992,0.11565233726031089,-0.039623287820685374,-1.0,0.04462754296204066,-0.9365324182151565,-0.3847152095994361,-0.21878189035252324,-0.24034124525939377,-0.3203052997185255,-0.3264643473128583
-0.4036594457750049,-0.2253640999168971,0.17349654332189876,0.04911131665840419,0.49004992989794466,0.08945966100681017,0.1156751079708413,-0.03991506837178752,-1.0,0.04467226545367078,-0.9383002878895178,-0.38550518096359127,-0.21922290535528483,-0.24092871711783537,-0.3209058807129551,-0.3270664326425241
-0.40417094282735344,-0.22629886972606514,0.1736267505164572,0.04899866244723124,0.49092393111737676,0.08945320544636043,0.11569787868137167,-0.04020684892288962,-1.0,0.04471698794530088,-0.9400681575638788,-0.38629515232774625,-0.21966392035804636,-0.24151618897627689,-0.3215064617073846,-0.3276685179721899
-0.404682439879702,-0.22723363953523332,0.17375695771101565,0.048886008236058286,0.49179793233680896,0.08944674988591067,0.11572064939190206,-0.04049862947399175,-1.0,0.04476171043693099,-0.9418360272382401,-0.3870851236919014,-0.2201049353608079,-0.24210366083471846,-0.32210704270181423,-0.32827060330185576
-0.40519393693205047,-0.22816840934440152,0.1738871649055741,0.04877335402488533,0.4926719335562412,0.08944029432546094,0.11574342010243246,-0.0407904100250939,-1.0,0.044806432928561096,-0.9436038969126014,-0.3878750950560565,-0.2205459503635695,-0.2426911326931601,-0.3227076236962438,-0.3288726886315215
-0.40570543398439896,-0.22910317915356962,0.17401737210013254,0.04866069981371237,0.4935459347756733,0.08943383876501118,0.11576619081296284,-0.04108219057619602,-1.0,0.04485115542019122,-0.9453717665869626,-0.3886650664202116,-0.22098696536633103,-0.24327860455160163,-0.32330820469067334,-0.32947477396118735
-0.4062169310367475,-0.23003794896273774,0.17414757929469102,0.048548045602539426,0.49441993599510553,0.08942738320456144,0.11578896152349323,-0.04137397112729815,-1.0,0.044895877911821314,-0.947139636261324,-0.3894550377843666,-0.2214279803690926,-0.2438660764100432,-0.3239087856851029,-0.3300768592908531
-0.4066793337660778,-0.2308829980379381,0.1742652889899196,0.04844620412666436,0.49521004914912625,0.0894215472593539,0.11580954666401301,-0.041637746104251826,-1.0,0.0449363078656153,-0.9487378229151304,-0.39016918640594883,-0.22182666603114323,-0.24439716175941292,-0.3244517219341643,-0.3306211554865963
-0.4071417364954078,-0.23172804711313824,0.17438299868514814,0.048344362650789334,0.4960001623031467,0.08941571131414637,0.11583013180453276,-0.041901521081205415,-1.0,0.04497673781940928,-0.9503360095689365,-0.39088333502753075,-0.22222535169319374,-0.24492824710878247,-0.32499465818322565,-0.33116545168233935
-0.40760413922473804,-0.23257309618833866,0.1745007083803767,0.04824252117491426,0.4967902754571674,0.08940987536893884,0.11585071694505254,-0.04216529605815909,-1.0,0.04501716777320326,-0.9519341962227429,-0.39159748364911295,-0.22262403735524441,-0.24545933245815216,-0.3255375944322871,-0.33170974787808255
-0.40806654195406816,-0.2334181452635388,0.17461841807560524,0.04814067969903923,0.4975803886111879,0.08940403942373132,0.11587130208557231,-0.042429071035112675,-1.0,0.04505759772699724,-0.9535323828765491,-0.3923116322706949,-0.22302272301729495,-0.2459904178075217,-0.32608053068134835,-0.3322540440738255
-0.4085289446833984,-0.2342631943387392,0.17473612777083386,0.04803883822316417,0.4983705017652087,0.08939820347852379,0.11589188722609206,-0.042692846012066354,-1.0,0.04509802768079123,-0.9551305695303555,-0.393025780892277,-0.2234214086793456,-0.24652150315689142,-0.3266234669304098,-0.3327983402695688
-0.4089913474127286,-0.23510824341393943,0.17485383746606242,0.04793699674728912,0.49916061491922925,0.08939236753331625,0.11591247236661183,-0.04295662098902,-1.0,0.045138457634585204,-0.9567287561841619,-0.39373992951385905,-0.2238200943413962,-0.24705258850626102,-0.32716640317947115,-0.3333426364653118
-0.4094537501420587,-0.2359532924891397,0.17497154716129096,0.047835155271414076,0.49995072807324986,0.08938653158810872,0.1159330575071316,-0.043220395965973636,-1.0,0.04517888758837919,-0.9583269428379679,-0.39445407813544114,-0.22421878000344678,-0.24758367385563065,-0.32770933942853253,-0.33388693266105496
-0.409916152871389,-0.23679834156434013,0.17508925685651955,0.04773331379553901,0.5007408412272706,0.08938069564290119,0.11595364264765136,-0.043484170942927315,-1.0,0.045219317542173176,-0.9599251294917747,-0.39516822675702334,-0.22461746566549742,-0.24811475920500037,-0.32825227567759396,-0.3344312288567982
-0.4103785556007191,-0.2376433906395404,0.17520696655174814,0.04763147231966396,0.5015309543812912,0.08937485969769365,0.11597422778817114,-0.04374794591988094,-1.0,0.04525974749596715,-0.9615233161455808,-0.3958823753786054,-0.22501615132754801,-0.24864584455436997,-0.32879521192665534,-0.33497552505254125
-0.41084095833004924,-0.23848843971474068,0.17532467624697667,0.04752963084378891,0.5023210675353118,0.08936902375248612,0.1159948129286909,-0.044011720896834576,-1.0,0.045300177449761135,-0.9631215027993872,-0.3965965240001874,-0.22541483698959858,-0.24917692990373957,-0.3293381481757167,-0.3355198212482844
-0.4112560717629185,-0.2392470667735764,0.1754303479322176,0.04743820455675077,0.5030303768947002,0.08936378464143538,0.11601329285496563,-0.044248519966655915,-1.0,0.04533647268732272,-0.9645562450838636,-0.39723763761626235,-0.2257727496127557,-0.2496537018787726,-0.3298255590750933,-0.3360084530144504
-0.41167118519578766,-0.240005693832412,0.17553601961745852,0.04734677826971265,0.5037396862540885,0.08935854553038462,0.11603177278124037,-0.04448531903647719,-1.0,0.045372767924884295,-0.9659909873683398,-0.3978787512323371,-0.22613066223591274,-0.25013047385380544,-0.3303129699744698,-0.33649708478061635
-0.41208629862865676,-0.24076432089124758,0.1756416913026994,0.04725535198267451,0.5044489956134768,0.08935330641933385,0.11605025270751508,-0.044722118106298475,-1.0,0.045409063162445876,-0.9674257296528159,-0.3985198648484119,-0.22648857485906976,-0.25060724582883837,-0.3308003808738463,-0.33698571654678233
-0.4125014120615261,-0.2415229479500833,0.17574736298794033,0.04716392569563637,0.5051583049728652,0.0893480673082831,0.1160687326337898,-0.04495891717611981,-1.0,0.04544535840000746,-0.9688604719372924,-0.3991609784644868,-0.22684648748222688,-0.25108401780387135,-0.33128779177322293,-0.3374743483129483
-0.41291652549439534,-0.24228157500891903,0.17585303467318128,0.04707249940859823,0.5058676143322536,0.08934282819723234,0.11608721256006455,-0.04519571624594114,-1.0,0.04548165363756904,-0.9702952142217691,-0.39980209208056167,-0.22720440010538398,-0.2515607897789043,-0.3317752026725995,-0.3379629800791143
-0.4133316389272645,-0.24304020206775462,0.17595870635842217,0.04698107312156011,0.5065769236916419,0.08933758908618157,0.11610569248633926,-0.04543251531576242,-1.0,0.04551794887513062,-0.9717299565062453,-0.4004432056966365,-0.22756231272854102,-0.25203756175393716,-0.332262613571976,-0.33845161184528033
-0.4137467523601336,-0.2437988291265902,0.17606437804366304,0.04688964683452197,0.5072862330510302,0.08933234997513083,0.116124172412614,-0.045669314385583706,-1.0,0.0455542441126922,-0.9731646987907214,-0.4010843193127112,-0.22792022535169806,-0.2525143337289701,-0.3327500244713525,-0.33894024361144626
-0.41416186579300285,-0.24455745618542593,0.176170049728904,0.04679822054748383,0.5079955424104186,0.08932711086408007,0.11614265233888872,-0.04590611345540504,-1.0,0.045590539350253784,-0.9745994410751979,-0.4017254329287861,-0.22827813797485516,-0.25299110570400307,-0.33323743537072914,-0.33942887537761224
-0.41457697922587206,-0.24531608324426166,0.1762757214141449,0.04670679426044569,0.508704851769807,0.0893218717530293,0.11616113226516346,-0.04614291252522637,-1.0,0.04562683458781537,-0.9760341833596743,-0.40236654654486104,-0.22863605059801226,-0.253467877679036,-0.33372484627010573,-0.3399175071437783
-0.41499209265874126,-0.24607471030309724,0.1763813930993858,0.04661536797340756,0.5094141611291952,0.08931663264197855,0.11617961219143819,-0.046379711595047654,-1.0,0.045663129825376944,-0.9774689256441504,-0.40300766016093575,-0.22899396322116933,-0.2539446496540689,-0.3342122571694822,-0.3404061389099442
-0.4153617786895048,-0.24675031799006697,0.1764755007403041,0.046533946803948005,0.5100458481354271,0.08931196686627552,0.11619606979086129,-0.04659059686466101,-1.0,0.045695453140517636,-0.978746658760737,-0.4035786143368993,-0.22931270813891522,-0.2543692467041113,-0.3346463288869306,-0.3408412978902025
-0.4157314647202685,-0.2474259256770368,0.17656960838122238,0.046452525634488435,0.5106775351416589,0.08930730109057249,0.11621252739028438,-0.046801482134274416,-1.0,0.04572777645565832,-0.9800243918773234,-0.4041495685128628,-0.22963145305666124,-0.25479384375415387,-0.33508040060437916,-0.341276456870461
-0.41610115075103205,-0.2481015333640064,0.17666371602214068,0.046371104465028894,0.5113092221478905,0.08930263531486946,0.11622898498970746,-0.04701236740388774,-1.0,0.045760099770799006,-0.9813021249939092,-0.4047205226888262,-0.22995019797440708,-0.25521844080419614,-0.33551447232182746,-0.3417116158507193
-0.4164708367817957,-0.24877714105097623,0.17675782366305895,0.046289683295569324,0.5119409091541225,0.08929796953916641,0.11624544258913058,-0.04722325267350115,-1.0,0.0457924230859397,-0.9825798581104956,-0.4052914768647898,-0.2302689428921531,-0.2556430378542387,-0.33594854403927593,-0.3421467748309777
-0.4168405228125593,-0.24945274873794596,0.17685193130397728,0.04620826212610976,0.5125725961603543,0.08929330376346338,0.11626190018855369,-0.047434137943114525,-1.0,0.045824746401080384,-0.9838575912270818,-0.4058624310407532,-0.23058768780989902,-0.25606763490428114,-0.3363826157567243,-0.34258193381123603
-0.4172102088433229,-0.25012835642491565,0.17694603894489558,0.046126840956650206,0.5132042831665862,0.08928863798776034,0.11627835778797677,-0.04764502321272788,-1.0,0.045857069716221076,-0.9851353243436679,-0.40643338521671674,-0.23090643272764497,-0.2564922319543235,-0.3368166874741727,-0.3430170927914944
-0.41757989487408653,-0.2508039641118854,0.17704014658581385,0.04604541978719065,0.5138359701728179,0.08928397221205732,0.11629481538739986,-0.04785590848234125,-1.0,0.045889393031361754,-0.9864130574602541,-0.40700433939268016,-0.2312251776453909,-0.25691682900436597,-0.33725075919162106,-0.3434522517717528
-0.4179495809048501,-0.25147957179885516,0.17713425422673215,0.04596399861773108,0.5144676571790499,0.08927930643635427,0.11631127298682298,-0.04806679375195467,-1.0,0.045921716346502446,-0.9876907905768408,-0.40757529356864375,-0.23154392256313688,-0.25734142605440846,-0.33768483090906964,-0.34388741075201124
-0.4183192669356137,-0.2521551794858249,0.17722836186765042,0.045882577448271525,0.5150993441852816,0.08927464066065123,0.11632773058624607,-0.04827767902156802,-1.0,0.04595403966164313,-0.9889685236934269,-0.4081462477446072,-0.23186266748088283,-0.2577660231044509,-0.338118902626518,-0.34432256973226955
-0.4186889529663773,-0.2528307871727946,0.17732246950856873,0.04580115627881196,0.5157310311915134,0.0892699748849482,0.11634418818566916,-0.048488564291181396,-1.0,0.04598636297678382,-0.9902462568100131,-0.4087172019205707,-0.23218141239862874,-0.2581906201544933,-0.3385529743439664,-0.3447577287125279
-0.4182245308069287,-0.2519820475537333,0.17720424574521576,0.0459034425222687,0.5149374674127473,0.08927583631721013,0.11632351314461438,-0.04822363734193352,-1.0,0.04594575645511686,-0.9886410904693258,-0.40799993443064286,-0.23178098557506963,-0.25765721542056563,-0.3380076669544592,-0.3442110554371066
-0.41776010864748,-0.25113330793467187,0.1770860219818628,0.046005728765725465,0.514143903633981,0.08928169774947209,0.11630283810355961,-0.047958710392685636,-1.0,0.04590514993344988,-0.9870359241286383,-0.407282666940715,-0.23138055875151042,-0.25712381068663787,-0.3374623595649519,-0.3436643821616851
-0.4172956864880312,-0.25028456831561047,0.1769677982185098,0.04610801500918222,0.5133503398552147,0.08928755918173403,0.11628216306250481,-0.04769378344343773,-1.0,0.04586454341178291,-0.9854307577879508,-0.40656539945078707,-0.23098013192795125,-0.25659040595271015,-0.33691705217544465,-0.3431177088862637
-0.4168312643285825,-0.24943582869654896,0.17684957445515687,0.04621030125263898,0.5125567760764485,0.08929342061399596,0.11626148802145003,-0.04742885649418982,-1.0,0.045823936890115935,-0.9838255914472631,-0.4058481319608591,-0.23057970510439205,-0.2560570012187824,-0.33637174478593734,-0.34257103561084223
-0.4163668421691338,-0.24858708907748764,0.1767313506918039,0.04631258749609572,0.5117632122976822,0.08929928204625791,0.11624081298039526,-0.04716392954494197,-1.0,0.04578333036844898,-0.9822204251065759,-0.4051308644709313,-0.2301792782808329,-0.25552359648485473,-0.3358264373964302,-0.3420243623354209
