-0.015923086547566585,0.0730679456242196,0.0741061778564153,0.1645512014095705,-0.05211222626551681,0.062263487533335694,0.07495387509089378,0.12143426837004818,0.0332788899866146,0.02281727413685641,0.011056185161656105,0.03130077286689491,0.046540006133569435,0.06341700778038335,0.0083506987663466,0.012919565403847437
-0.016208822442013354,0.07437913204124719,0.07543599509697221,0.16750403248139803,-0.053047367422924215,0.0633807905919209,0.07629890405103724,0.12361337662180276,0.03387607152978558,0.023226724541767267,0.01125458570082906,0.031862457582058634,0.04737515516327598,0.06455501047773318,0.008500550013724401,0.013151403845816844
-0.01649455833646012,0.07569031845827479,0.07676581233752913,0.1704568635532256,-0.05398250858033163,0.06449809365050607,0.07764393301118071,0.12579248487355732,0.03447325307295656,0.02363617494667812,0.011452986240002018,0.03242414229722236,0.048210304192982514,0.065693013175083,0.008650401261102204,0.01338324228778625
-0.016780294230906885,0.07700150487530237,0.07809562957808605,0.1734096946250531,-0.05491764973773903,0.06561539670909125,0.07898896197132416,0.12797159312531187,0.035070434616127535,0.024045625351588974,0.011651386779174974,0.03298582701238608,0.049045453222689044,0.06683101587243281,0.008800252508480006,0.013615080729755655
-0.017066030125353647,0.07831269129232996,0.07942544681864297,0.1763625256968806,-0.05585279089514643,0.06673269976767643,0.0803339909314676,0.1301507013770664,0.035667616159298504,0.024455075756499828,0.01184978731834793,0.03354751172754981,0.04988060225239557,0.06796901856978263,0.008950103755857808,0.01384691917172506
-0.017351766019800416,0.07962387770935754,0.08075526405919987,0.17931535676870813,-0.05678793205255383,0.06785000282626162,0.08167901989161105,0.13232980962882096,0.03626479770246948,0.02486452616141068,0.01204818785752089,0.03410919644271353,0.050715751282102116,0.06910702126713245,0.00909995500323561,0.014078757613694466
-0.01763750191424718,0.08093506412638513,0.0820850812997568,0.18226818784053567,-0.057723073209961236,0.0689673058848468,0.0830240488517545,0.13450891788057553,0.03686197924564047,0.025273976566321542,0.012246588396693845,0.034670881157877254,0.05155090031180865,0.07024502396448225,0.009249806250613411,0.014310596055663871
-0.017923237808693947,0.08224625054341272,0.08341489854031371,0.18522101891236317,-0.05865821436736864,0.07008460894343198,0.08436907781189795,0.13668802613233008,0.03745916078881144,0.025683426971232392,0.012444988935866801,0.03523256587304098,0.05238604934151518,0.07138302666183206,0.009399657497991213,0.014542434497633277
-0.018208973703140716,0.08355743696044034,0.08474471578087064,0.18817384998419076,-0.05959335552477605,0.07120191200201717,0.08571410677204144,0.13886713438408468,0.03805634233198243,0.026092877376143252,0.01264338947503976,0.035794250588204714,0.05322119837122173,0.0725210293591819,0.009549508745369016,0.014774272939602684
-0.018494709597587478,0.08486862337746791,0.08607453302142754,0.19112668105601824,-0.06052849668218345,0.07231921506060235,0.08705913573218486,0.1410462426358392,0.038653523875153396,0.026502327781054102,0.012841790014212715,0.03635593530336843,0.05405634740092826,0.07365903205653171,0.009699359992746816,0.015006111381572087
-0.018780445492034246,0.08617980979449551,0.08740435026198445,0.19407951212784577,-0.061463637839590864,0.07343651811918754,0.08840416469232833,0.14322535088759378,0.03925070541832437,0.02691177818596496,0.013040190553385672,0.03691762001853215,0.054891496430634804,0.07479703475388153,0.009849211240124618,0.015237949823541494
-0.019247072479066353,0.08821768940585566,0.08933680570026276,0.19846033687952325,-0.06273362469128992,0.07503382520330755,0.09038809084152032,0.1463493911865443,0.04003608331105888,0.02751652367406552,0.013285913008541685,0.037743166823641434,0.05618095045560179,0.0764407877851647,0.010080264194067955,0.01557608173873435
-0.02003380625464275,0.09052924545581575,0.0899931920506,0.2010464529965016,-0.06207804201672986,0.07525459457246336,0.09142085779939661,0.14689008273308177,0.039295399650207036,0.027841010092443334,0.012848875295529038,0.038137499151951124,0.0575458000890819,0.07687735204895517,0.010321209496797086,0.015705970656956416
-0.020820540030219128,0.0928408015057758,0.09064957840093722,0.20363256911347988,-0.06142245934216981,0.07547536394161919,0.09245362475727287,0.1474307742796192,0.038554715989355205,0.028165496510821137,0.012411837582516403,0.038531831480260806,0.058910649722562,0.07731391631274563,0.010562154799526212,0.015835859575178482
-0.021607273805795524,0.09515235755573588,0.09130596475127445,0.20621868523045828,-0.06076687666760976,0.07569613331077499,0.09348639171514916,0.14797146582615667,0.03781403232850336,0.028489982929198954,0.011974799869503757,0.0389261638085705,0.060275499356042116,0.07775048057653612,0.010803100102255346,0.015965748493400548
-0.022394007581371916,0.09746391360569598,0.09196235110161169,0.20880480134743665,-0.0601112939930497,0.07591690267993081,0.09451915867302545,0.1485121573726941,0.03707334866765153,0.028814469347576768,0.011537762156491113,0.039320496136880184,0.06164034898952222,0.0781870448403266,0.011044045404984475,0.01609563741162261
-0.0231807413569483,0.09977546965565605,0.09261873745194892,0.21139091746441496,-0.05945571131848966,0.07613767204908661,0.09555192563090172,0.14905284891923157,0.0363326650067997,0.029138955765954582,0.011100724443478474,0.03971482846518988,0.06300519862300233,0.07862360910411707,0.011284990707713605,0.016225526329844676
-0.023967475132524688,0.10208702570561613,0.09327512380228616,0.2139770335813933,-0.058800128643929604,0.07635844141824243,0.096584692588778,0.149593540465769,0.03559198134594786,0.029463442184332393,0.01066368673046583,0.040109160793499556,0.06437004825648243,0.07906017336790755,0.011525936010442734,0.016355415248066742
-0.024754208908101077,0.1043985817555762,0.09393151015262338,0.21656314969837162,-0.058144545969369556,0.07657921078739824,0.09761745954665427,0.15013423201230647,0.034851297685096025,0.029787928602710206,0.01022664901745319,0.04050349312180925,0.06573489788996255,0.07949673763169803,0.011766881313171863,0.016485304166288805
-0.025540942683677462,0.10671013780553627,0.09458789650296062,0.21914926581535,-0.05748896329480949,0.07679998015655405,0.09865022650453055,0.15067492355884393,0.034110614024244194,0.030112415021088017,0.00978961130444055,0.04089782545011894,0.06709974752344264,0.0799333018954885,0.012007826615900994,0.016615193084510874
-0.026327676459253855,0.10902169385549636,0.09524428285329785,0.22173538193232833,-0.05683338062024945,0.07702074952570986,0.09968299346240682,0.15121561510538137,0.03336993036339235,0.030436901439465834,0.009352573591427906,0.04129215777842862,0.06846459715692275,0.08036986615927898,0.012248771918630124,0.016745082002732937
-0.02732231161568518,0.11194409910200732,0.09607412512080282,0.22500490217972818,-0.056004554406976756,0.07729985915954332,0.10098867825260385,0.15189918919062687,0.032433514473102464,0.030847136273055634,0.008800044784932664,0.0417906959233899,0.07019012041630888,0.0809217964033942,0.012553389155503936,0.016909295220094614
-0.028316946772116505,0.11486650434851828,0.09690396738830781,0.22827442242712803,-0.05517572819370407,0.07757896879337679,0.10229436304280089,0.15258276327587236,0.03149709858281257,0.031257371106645435,0.008247515978437422,0.04228923406835119,0.071915643675695,0.08147372664750943,0.012858006392377748,0.017073508437456295
-0.02931158192854782,0.11778890959502925,0.09773380965581278,0.23154394267452783,-0.05434690198043139,0.07785807842721024,0.10360004783299791,0.1532663373611179,0.030560682692522684,0.03166760594023523,0.007694987171942184,0.04278777221331247,0.07364116693508112,0.08202565689162465,0.013162623629251557,0.01723772165481797
-0.030306217084979156,0.12071131484154023,0.09856365192331776,0.23481346292192773,-0.05351807576715869,0.0781371880610437,0.10490573262319494,0.15394991144636339,0.02962426680223278,0.03207784077382504,0.007142458365446936,0.043286310358273745,0.07536669019446726,0.08257758713573989,0.013467240866125371,0.017401934872179652
-0.03130085224141047,0.12363372008805118,0.09939349419082273,0.23808298316932752,-0.052689249553886014,0.07841629769487715,0.10621141741339198,0.15463348553160888,0.028687850911942894,0.03248807560741484,0.006589929558951697,0.04378484850323502,0.07709221345385339,0.08312951737985509,0.013771858102999182,0.01756614808954133
-0.0322954873978418,0.12655612533456215,0.1002233364583277,0.24135250341672737,-0.05186042334061333,0.07869540732871061,0.10751710220358898,0.15531705961685438,0.027751435021653007,0.032898310441004636,0.006037400752456459,0.04428338664819629,0.0788177367132395,0.08368144762397031,0.01407647533987299,0.017730361306903007
-0.03329012255427312,0.1294785305810731,0.10105317872583268,0.2446220236641272,-0.051031597127340636,0.07897451696254405,0.10882278699378603,0.15600063370209988,0.02681501913136311,0.03330854527459444,0.005484871945961216,0.04478192479315757,0.08054325997262562,0.08423337786808555,0.014381092576746806,0.017894574524264684
-0.03428475771070445,0.13240093582758408,0.10188302099333764,0.24789154391152707,-0.05020277091406793,0.07925362659637751,0.11012847178398306,0.1566842077873454,0.02587860324107321,0.03371878010818424,0.00493234313946597,0.04528046293811885,0.08226878323201177,0.08478530811220075,0.01468570981362062,0.018058787741626364
-0.03527939286713577,0.13532334107409505,0.10271286326084261,0.25116106415892686,-0.04937394470079526,0.07953273623021097,0.11143415657418007,0.1573677818725909,0.024942187350783324,0.03412901494177405,0.004379814332970731,0.045779001083080126,0.08399430649139789,0.08533723835631597,0.01499032705049443,0.01822300095898804
-0.0362740280235671,0.13824574632060602,0.10354270552834759,0.25443058440632677,-0.04854511848752256,0.07981184586404443,0.11273984136437712,0.1580513559578364,0.02400577146049343,0.034539249775363844,0.003827285526475488,0.04627753922804141,0.08571982975078402,0.0858891686004312,0.015294944287368242,0.01838721417634972
-0.0374335815136817,0.1416527093474101,0.10451014217213413,0.25824221683190407,-0.047578866367753284,0.08013723407090953,0.1142620189645483,0.15884827200406007,0.02291409044885468,0.03501750477166055,0.0031831430971457735,0.04685873891941289,0.08773145834118491,0.08653261322102943,0.01565006945852489,0.018578655237007455
-0.03859313500379631,0.1450596723742142,0.10547757881592065,0.2620538492574815,-0.046612614247984,0.08046262227777465,0.11578419656471949,0.15964518805028374,0.021822409437215917,0.03549575976795726,0.0025390006678160547,0.047439938610784375,0.0897430869315858,0.08717605784162767,0.016005194629681543,0.018770096297665188
-0.039752688493910913,0.14846663540101823,0.10644501545970719,0.2658654816830588,-0.045646362128214726,0.08078801048463977,0.11730637416489065,0.16044210409650742,0.02073072842557717,0.035974014764253964,0.0018948582384863454,0.04802113830215585,0.09175471552198668,0.08781950246222589,0.01636031980083819,0.018961537358322914
-0.04091224198402551,0.15187359842782233,0.10741245210349373,0.26967711410863615,-0.04468011000844545,0.08111339869150487,0.11882855176506184,0.1612390201427311,0.019639047413938418,0.036452269760550673,0.0012507158091566307,0.048602337993527325,0.09376634411238755,0.08846294708282411,0.01671544497199484,0.01915297841898065
-0.04207179547414011,0.15528056145462643,0.10837988874728025,0.27348874653421357,-0.04371385788867617,0.08143878689836999,0.12035072936523301,0.1620359361889548,0.01854736640229966,0.036930524756847376,0.0006065733798269162,0.04918353768489881,0.09577797270278843,0.08910639170342234,0.017070570143151494,0.01934441947963838
-0.04323134896425472,0.15868752448143048,0.10934732539106676,0.27730037895979087,-0.042747605768906884,0.0817641751052351,0.12187290696540419,0.16283285223517843,0.017455685390660912,0.037408779753144085,-3.7569049502798046e-5,0.04976473737627029,0.09778960129318932,0.08974983632402056,0.01742569531430814,0.019535860540296112
-0.044390902454369316,0.16209448750823455,0.1103147620348533,0.28111201138536823,-0.04178135364913762,0.08208956331210021,0.12339508456557535,0.16362976828140213,0.016364004379022166,0.037887034749440794,-0.0006817114788325079,0.05034593706764177,0.09980122988359019,0.09039328094461878,0.01778082048546479,0.019727301600953845
-0.04555045594448393,0.16550145053503867,0.11128219867863982,0.28492364381094565,-0.040815101529368326,0.08241495151896533,0.12491726216574656,0.1644266843276258,0.0152723233673834,0.0383652897457375,-0.001325853908162231,0.05092713675901325,0.1018128584739911,0.09103672556521702,0.018135945656621445,0.019918742661611578
-0.04671000943459853,0.16890841356184272,0.11224963532242636,0.28873527623652295,-0.03984884940959905,0.08274033972583045,0.12643943976591773,0.1652236003738495,0.014180642355744654,0.038843544742034206,-0.001969996337491941,0.05150833645038473,0.10382448706439196,0.09168017018581524,0.01849107082777809,0.02011018372226931
-0.04786956292471313,0.17231537658864682,0.11321707196621288,0.2925469086621003,-0.03888259728982977,0.08306572793269557,0.1279616173660889,0.16602051642007318,0.0130889613441059,0.039321799738330915,-0.0026141387668216554,0.05208953614175621,0.10583611565479285,0.09232361480641346,0.01884619599893474,0.02030162478292704
-0.049167549290688506,0.17612907866955457,0.1143000056853428,0.29681359145223196,-0.03780098950869035,0.0834299624934646,0.1296655195909186,0.1669125720015049,0.01186695038800825,0.03985715103514033,-0.003335181908120464,0.052740122148991396,0.10808790180006897,0.09304387683133668,0.019243717660768943,0.020515920965673246
-0.05046553565666392,0.17994278075046236,0.11538293940447275,0.30108027424236367,-0.036719381727550904,0.08379419705423365,0.13136942181574832,0.1678046275829366,0.010644939431910585,0.04039250233194974,-0.004056225049419281,0.053390708156226575,0.11033968794534509,0.09376413885625987,0.019641239322603147,0.02073021714841946
-0.05176352202263927,0.18375648283137008,0.11646587312360268,0.3053469570324953,-0.03563777394641148,0.08415843161500267,0.133073324040578,0.16869668316436826,0.009422928475812949,0.04092785362875914,-0.0047772681907180805,0.05404129416346176,0.11259147409062117,0.09448440088118305,0.020038760984437343,0.020944513331165662
-0.05306150838861467,0.1875701849122779,0.1175488068427326,0.309613639822627,-0.034556166165272045,0.08452266617577171,0.13477722626540772,0.16958873874579997,0.008200917519715283,0.04146320492556856,-0.005498311332016897,0.05469188017069695,0.11484326023589732,0.09520466290610625,0.020436282646271554,0.02115880951391188
-0.05364781048955454,0.1879159146776634,0.11843439318348087,0.3126702127500962,-0.033722901017433,0.08474081444004605,0.1358491182696956,0.17026765578659475,0.005771864773872073,0.04192402318221599,-0.0074636155050152265,0.0544639579724105,0.11625752818991804,0.09474076200790707,0.020208755586191857,0.020619218393917216
-0.05377618526837517,0.1860302064955603,0.11919299799470906,0.31494815054945635,-0.03304942987182556,0.08486496469166402,0.13651434855324088,0.17080943060583242,0.0025661510259247914,0.04233688377397238,-0.01022952909184545,0.053670766974772126,0.11713290202840204,0.09351492132407663,0.01957904612377144,0.01959454475814349
-0.05390456004719582,0.18414449831345725,0.11995160280593727,0.3172260883488165,-0.03237595872621812,0.08498911494328201,0.13717957883678622,0.17135120542506999,-0.0006395627220224897,0.042749744365728766,-0.012995442678675678,0.05287757597713374,0.11800827586688606,0.09228908064024617,0.018949336661351027,0.01856987112236976
-0.054032934826016454,0.18225879013135415,0.12071020761716547,0.3195040261481767,-0.03170248758061067,0.08511326519489999,0.13784480912033156,0.17189298024430763,-0.0038452764699698095,0.04316260495748516,-0.015761356265505934,0.05208438497949535,0.11888364970537005,0.09106323995641573,0.018319627198930603,0.01754519748659602
-0.0541613096048371,0.1803730819492511,0.12146881242839365,0.32178196394753683,-0.03102901643500323,0.08523741544651799,0.13851003940387688,0.17243475506354525,-0.007050990217917091,0.043575465549241556,-0.01852726985233616,0.051291193981856976,0.11975902354385404,0.08983739927258527,0.017689917736510186,0.016520523850822286
-0.05428968438365774,0.17848737376714804,0.12222741723962186,0.324059901746897,-0.030355545289395786,0.08536156569813597,0.13917526968742222,0.17297652988278284,-0.010256703965864374,0.043988326140997944,-0.021293183439166388,0.0504980029842186,0.12063439738233805,0.08861155858875482,0.017060208274089772,0.015495850215048557
-0.05442995508798472,0.17642692531077117,0.12305631861849374,0.32654892601213603,-0.029619666538085693,0.08549722040692542,0.1399021439322682,0.1735685085890305,-0.0137594770917558,0.044439444705925944,-0.02431540205949412,0.04963131046932833,0.12159088826007583,0.08727212464625289,0.016372146408460575,0.014376224585188136
-0.054570225792311675,0.1743664768543943,0.12388521999736563,0.3290379502773749,-0.028883787786775594,0.08563287511571487,0.14062901817711426,0.1741604872952782,-0.01726225021764723,0.04489056327085394,-0.02733762067982185,0.04876461795443807,0.12254737913781362,0.08593269070375097,0.015684084542831378,0.013256598955327714
-0.05471049649663863,0.1723060283980174,0.12471412137623751,0.33152697454261393,-0.028147909035465504,0.08576852982450432,0.14135589242196026,0.17475246600152589,-0.020765023343538625,0.04534168183578193,-0.03035983930014955,0.04789792543954782,0.12350387001555138,0.08459325676124906,0.014996022677202188,0.012136973325467305
-0.05485076720096559,0.1702455799416405,0.1255430227551094,0.334015998807853,-0.027412030284155408,0.08590418453329378,0.1420827666668063,0.17534444470777352,-0.02426779646943005,0.045792800400709925,-0.033382057920477284,0.04703123292465755,0.12446036089328917,0.08325382281874713,0.014307960811572991,0.011017347695606885
-0.05499103790529256,0.1681851314852636,0.1263719241339813,0.3365050230730919,-0.026676151532845315,0.08603983924208322,0.1428096409116523,0.1759364234140212,-0.027770569595321478,0.04624391896563791,-0.03640427654080502,0.046164540409767287,0.12541685177102696,0.08191438887624519,0.013619898945943794,0.009897722065746465
-0.055131308609619525,0.16612468302888672,0.12720082551285317,0.33899404733833094,-0.025940272781535212,0.08617549395087266,0.14353651515649835,0.17652840212026888,-0.03127334272121291,0.04669503753056592,-0.03942649516113275,0.04529784789487702,0.12637334264876474,0.08057495493374325,0.012931837080314597,0.008778096435886043
-0.055271579313946495,0.16406423457250985,0.12802972689172507,0.34148307160356983,-0.025204394030225123,0.0863111486596621,0.14426338940134437,0.17712038082651652,-0.0347761158471043,0.047146156095493906,-0.04244871378146046,0.04443115537998677,0.1273298335265025,0.07923552099124134,0.012243775214685408,0.007658470806025635
-0.05541185001827346,0.16200378611613292,0.12885862827059694,0.3439720958688089,-0.024468515278915026,0.08644680336845158,0.1449902636461904,0.1777123595327642,-0.03827888897299573,0.04759727466042189,-0.04547093240178819,0.0435644628650965,0.12828632440424032,0.07789608704873942,0.011555713349056211,0.006538845176165213
-0.05555212072260043,0.159943337659756,0.12968752964946884,0.3464611201340479,-0.023732636527604923,0.08658245807724103,0.14571713789103644,0.17830433823901187,-0.0417816620988872,0.0480483932253499,-0.04849315102211595,0.042697770350206235,0.1292428152819781,0.07655665310623748,0.010867651483427006,0.005419219546304781
-0.05569239142692738,0.15788288920337915,0.1305164310283407,0.34895014439928684,-0.02299675777629483,0.08671811278603048,0.14644401213588243,0.17889631694525956,-0.04528443522477858,0.04849951179027789,-0.05151536964244366,0.04183107783531598,0.13019930615971587,0.07521721916373555,0.010179589617797817,0.004299593916444373
-0.05584094811459723,0.15570072722406583,0.13139429675120146,0.35158619874967983,-0.02221740965548957,0.08686178080496053,0.14721382384164777,0.1795232646475128,-0.048994121974682184,0.04897727854901508,-0.05471611487149372,0.04091318860207858,0.1312122982685452,0.07379866301685238,0.009450882991847273,0.0031138304614136817
-0.055989504802267075,0.15351856524475255,0.13227216247406218,0.3542222531000727,-0.02143806153468431,0.08700544882389058,0.14798363554741312,0.18015021234976605,-0.05270380872458574,0.04945504530775228,-0.05791686010054373,0.03999529936884119,0.13222529037737454,0.0723801068699692,0.008722176365896736,0.0019280670063830025
-0.05613806148993692,0.15133640326543926,0.1331500281969229,0.35685830745046565,-0.020658713413879048,0.08714911684282065,0.14875344725317846,0.18077716005201927,-0.056413495474489345,0.049932812066489474,-0.061117605329593774,0.0390774101356038,0.1332382824862039,0.07096155072308599,0.007993469739946194,0.0007423035513523129
-0.05628661817760677,0.14915424128612595,0.13402789391978367,0.3594943618008586,-0.01987936529307378,0.08729278486175068,0.1495232589589438,0.18140410775427251,-0.06012318222439294,0.05041057882522667,-0.06431835055864384,0.0381595209023664,0.13425127459503325,0.0695429945762028,0.00726476311399565,-0.0004434599036783776
-0.05643517486527661,0.14697207930681266,0.1349057596426444,0.3621304161512516,-0.019100017172268523,0.08743645288068075,0.15029307066470912,0.18203105545652576,-0.0638328689742965,0.05088834558396387,-0.06751909578769384,0.03724163166912901,0.13526426670386257,0.06812443842931963,0.006536056488045114,-0.0016292233587090566
-0.05658373155294646,0.14478991732749935,0.13578362536550512,0.3647664705016445,-0.018320669051463255,0.0875801208996108,0.15106288237047447,0.18265800315877903,-0.06754255572420009,0.05136611234270107,-0.0707198410167439,0.03632374243589162,0.1362772588126919,0.06670588228243644,0.005807349862094571,-0.0028149868137397464
-0.0567322882406163,0.1426077553481861,0.13666149108836587,0.3674025248520374,-0.017541320930657998,0.08772378891854088,0.1518326940762398,0.18328495086103228,-0.07125224247410367,0.051843879101438256,-0.07392058624579392,0.035405853202654235,0.13729025092152125,0.06528732613555327,0.005078643236144035,-0.004000750268770425
-0.05688084492828615,0.14042559336887275,0.13753935681122662,0.37003857920243044,-0.016761972809852727,0.0878674569374709,0.15260250578200515,0.18391189856328552,-0.0749619292240073,0.05232164586017546,-0.077121331474844,0.03448796396941683,0.1383032430303506,0.06386876998867005,0.004349936610193484,-0.005186513723801129
-0.05702940161595599,0.13824343138955947,0.13841722253408734,0.3726746335528233,-0.015982624689047466,0.08801112495640095,0.15337231748777047,0.18453884626553876,-0.07867161597391086,0.052799412618912654,-0.08032207670389402,0.03357007473617944,0.13931623513917996,0.062450213841786874,0.003621229984242948,-0.006372277178831807
-0.05717795830362584,0.13606126941024618,0.1392950882569481,0.37531068790321626,-0.015203276568242201,0.08815479297533102,0.15414212919353582,0.185165793967792,-0.08238130272381446,0.05327717937764984,-0.08352282193294407,0.03265218550294204,0.14032922724800928,0.06103165769490368,0.002892523358292404,-0.0075580406338624975
-0.05732989166227434,0.1338295072201187,0.1401929077345407,0.37800665936917466,-0.014406213982857302,0.08830172654654075,0.15492943860261335,0.18580699209622625,-0.08617531009088307,0.05376580570234871,-0.08679631961558297,0.03171343278665242,0.1413652445138285,0.05958085798195887,0.002147253341259315,-0.008770756312377425
-0.05748182502092285,0.1315977450299912,0.1410907272121333,0.38070263083513317,-0.013609151397472395,0.0884486601177505,0.15571674801169091,0.18644819022466053,-0.08996931745795173,0.05425443202704756,-0.0900698172982219,0.03077468007036278,0.14240126177964774,0.058130058269014045,0.001401983324226218,-0.009983471990892367
-0.057633758379571354,0.12936598283986375,0.14198854668972594,0.3833986023010915,-0.012812088812087502,0.08859559368896024,0.15650405742076845,0.18708938835309477,-0.09376332482502032,0.05474305835174641,-0.09334331498086076,0.029835927354073158,0.14343727904546694,0.05667925855606925,0.0006567133071931363,-0.011196187669407283
-0.05778569173821986,0.12713422064973626,0.14288636616731856,0.38609457376705003,-0.0120150262267026,0.08874252726016998,0.15729136682984599,0.18773058648152904,-0.09755733219208898,0.05523168467644526,-0.0966168126634997,0.028897174637783518,0.14447329631128616,0.05522845884312442,-8.855670983996034e-5,-0.012408903347922225
-0.05793762509686837,0.12490245845960878,0.14378418564491116,0.38879054523300843,-0.011217963641317698,0.08888946083137972,0.15807867623892352,0.18837178460996332,-0.10135133955915761,0.05572031100114412,-0.09989031034613857,0.027958421921493892,0.1455093135771054,0.05377765913017961,-0.0008338267268730498,-0.013621619026437153
-0.058089558455516874,0.12267069626948132,0.14468200512250376,0.3914865166989669,-0.010420901055932798,0.08903639440258945,0.15886598564800106,0.18901298273839756,-0.10514534692622622,0.05620893732584297,-0.10316380802877748,0.027019669205204263,0.14654533084292462,0.0523268594172348,-0.0015790967439061393,-0.01483433470495208
-0.05824149181416537,0.12043893407935384,0.14557982460009639,0.3941824881649253,-0.0096238384705479,0.0891833279737992,0.1596532950570786,0.18965418086683186,-0.10893935429329485,0.05669756365054182,-0.10643730571141637,0.02608091648891463,0.14758134810874385,0.050876059704289996,-0.0023243667609392287,-0.01604705038346701
-0.05839342517281388,0.11820717188922636,0.146477644077689,0.3968784596308837,-0.008826775885162993,0.08933026154500893,0.16044060446615613,0.19029537899526613,-0.11273336166036349,0.05718618997524067,-0.10971080339405528,0.025142163772624997,0.14861736537456308,0.049425259991345165,-0.003069636777972326,-0.01725976606198195
-0.05854535853146239,0.11597540969909888,0.1473754635552816,0.3995744310968422,-0.008029713299778096,0.08947719511621868,0.16122791387523366,0.19093657712370038,-0.11652736902743213,0.05767481629993952,-0.11298430107669417,0.024203411056335368,0.14965338264038228,0.04797446027840035,-0.0038149067950054142,-0.01847248174049688
-0.058697291890110886,0.1137436475089714,0.1482732830328742,0.4022704025628006,-0.007232650714393196,0.08962412868742842,0.1620152232843112,0.19157777525213465,-0.12032137639450075,0.05816344262463838,-0.11625779875933308,0.023264658340045735,0.1506893999062015,0.04652366056545554,-0.004560176812038504,-0.019685197419011806
-0.05884804666402322,0.11152919765153682,0.14916413790215732,0.40494546070960896,-0.006441771141121449,0.08976992245849287,0.1627964253390826,0.19221399944769624,-0.1240859527056672,0.058648278553777564,-0.11950590310875667,0.02233318776134794,0.15171738052920064,0.04508411506562194,-0.005299665584753545,-0.02088850576130552
-0.05899880143793554,0.10931474779410219,0.1500549927714404,0.4076205188564173,-0.005650891567849696,0.08991571622955734,0.163577627393854,0.1928502236432578,-0.12785052901683372,0.05913311448291676,-0.12275400745818028,0.021401717182650132,0.15274536115219978,0.04364456956578833,-0.006039154357468594,-0.02209181410359924
-0.059149556211847865,0.10710029793666763,0.15094584764072347,0.4102955770032256,-0.004860011994577957,0.09006151000062179,0.16435882944862537,0.19348644783881933,-0.13161510532800016,0.05961795041205594,-0.12600211180760384,0.02047024660395234,0.15377334177519889,0.042205024065954735,-0.006778643130183628,-0.023295122445892946
-0.059300310985760184,0.10488584807923304,0.15183670251000658,0.412970635150034,-0.00406913242130621,0.09020730377168623,0.16514003150339676,0.1941226720343809,-0.13537968163916664,0.060102786341195126,-0.12925021615702742,0.019538776025254542,0.15480132239819805,0.040765478566121144,-0.007518131902898671,-0.024498430788186656
-0.05945106575967251,0.10267139822179847,0.15272755737928967,0.4156456932968424,-0.003278252848034464,0.09035309754275071,0.16592123355816812,0.1947588962299425,-0.1391442579503331,0.06058762227033431,-0.13249832050645102,0.018607305446556744,0.15582930302119716,0.03932593306628754,-0.008257620675613713,-0.02570173913048037
-0.059601820533584836,0.10045694836436389,0.15361841224857276,0.4183207514436507,-0.0024873732747627253,0.09049889131381515,0.16670243561293951,0.19539512042550405,-0.14290883426149953,0.061072458199473496,-0.13574642485587457,0.017675834867858956,0.15685728364419627,0.03788638756645396,-0.008997109448328745,-0.026905047472774068
-0.059752575307497155,0.09824249850692929,0.15450926711785584,0.42099580959045907,-0.0016964937014909798,0.09064468508487962,0.16748363766771088,0.1960313446210656,-0.146673410572666,0.06155729412861268,-0.13899452920529817,0.01674436428916116,0.15788526426719543,0.036446842066620355,-0.009736598221043788,-0.028108355815067782
-0.05990333008140948,0.0960280486494947,0.15540012198713893,0.4236708677372675,-0.0009056141282192231,0.09079047885594407,0.16826483972248227,0.1966675688166272,-0.15043798688383253,0.062042130057751874,-0.14224263355472178,0.015812893710463353,0.15891324489019457,0.03500729656678675,-0.010476086993758838,-0.02931166415736151
-0.0600540848553218,0.09381359879206012,0.15629097685642201,0.42634592588407577,-0.00011473455494748653,0.09093627262700854,0.16904604177725363,0.19730379301218876,-0.15420256319499898,0.06252696598689106,-0.14549073790414535,0.014881423131765563,0.15994122551319367,0.03356775106695316,-0.011215575766473872,-0.030514972499655207
-0.060204839629234126,0.09159914893462552,0.1571818317257051,0.4290209840308842,0.0006761450183242612,0.091082066398073,0.16982724383202502,0.1979400172077503,-0.15796713950616542,0.06301180191603023,-0.14873884225356893,0.013949952553067763,0.1609692061361928,0.03212820556711957,-0.011955064539188914,-0.03171828084194892
-0.06034337199750705,0.08956423504625696,0.15800046075897886,0.4314791625066162,0.0014029042277389702,0.09121603997556478,0.17054511012533452,0.19852465968557287,-0.16142650373322032,0.06345732989331683,-0.15172360735417478,0.01309400071887509,0.16191384348695137,0.03080537085911517,-0.012634599444365655,-0.03282403126095364
-0.060481904365779965,0.08752932115788842,0.15881908979225265,0.4339373409823484,0.0021296634371536795,0.09135001355305658,0.17126297641864405,0.19910930216339545,-0.16488586796027516,0.06390285787060342,-0.15470837245478067,0.01223804888468241,0.16285848083770993,0.02948253615111078,-0.013314134349542395,-0.033929781679958346
-0.0606204367340529,0.08549440726951986,0.1596377188255264,0.4363955194580805,0.002856422646568388,0.09148398713054837,0.17198084271195355,0.19969394464121798,-0.16834523218733,0.06434838584789,-0.1576931375553865,0.011382097050489733,0.16380311818846852,0.028159701443106387,-0.013993669254719135,-0.03503553209896306
-0.06075896910232582,0.0834594933811513,0.1604563478588002,0.4388536979338127,0.0035831818559830973,0.09161796070804015,0.17269870900526307,0.20027858711904054,-0.17180459641438486,0.0647939138251766,-0.16067790265599236,0.010526145216297057,0.16474775553922708,0.026836866735101998,-0.014673204159895877,-0.03614128251796777
-0.06089750147059874,0.08142457949278274,0.16127497689207396,0.4413118764095448,0.004309941065397805,0.09175193428553195,0.17341657529857257,0.20086322959686306,-0.1752639606414397,0.06523944180246319,-0.16366266775659824,0.00967019338210438,0.16569239288998566,0.025514032027097608,-0.015352739065072616,-0.037247032936972485
-0.06103603383887166,0.07938966560441417,0.16209360592534772,0.4437700548852769,0.005036700274812514,0.09188590786302374,0.1741344415918821,0.20144787207468562,-0.17872332486849454,0.06568496977974977,-0.1666474328572041,0.0088142415479117,0.16663703024074422,0.024191197319093215,-0.016032273970249356,-0.0383527833559772
-0.061174566207144586,0.07735475171604561,0.1629122349586215,0.44622823336100903,0.005763459484227223,0.09201988144051551,0.1748523078851916,0.20203251455250817,-0.1821826890955494,0.06613049775703636,-0.16963219795780993,0.007958289713719027,0.16758166759150278,0.02286836261108882,-0.016711808875426098,-0.039458533774981916
-0.0613130985754175,0.07531983782767707,0.1637308639918953,0.44868641183674113,0.006490218693641931,0.0921538550180073,0.17557017417850113,0.20261715703033073,-0.18564205332260425,0.06657602573432295,-0.1726169630584158,0.007102337879526348,0.16852630494226134,0.021545527903084435,-0.017391343780602836,-0.04056428419398663
-0.061451630943690425,0.0732849239393085,0.16454949302516905,0.4511445903124733,0.00721697790305664,0.0922878285954991,0.17628804047181063,0.20320179950815326,-0.1891014175496591,0.06702155371160953,-0.17560172815902167,0.00624638604533367,0.16947094229301993,0.020222693195080035,-0.018070878685779578,-0.04167003461299134
-0.061590163311963354,0.07125001005093994,0.1653681220584428,0.45360276878820543,0.00794373711247135,0.09242180217299088,0.17700590676512015,0.20378644198597584,-0.19256078177671399,0.06746708168889612,-0.17858649325962753,0.005390434211140996,0.1704155796437785,0.01889985848707565,-0.01875041359095632,-0.042775785031996055
-0.061717763091200334,0.06937568590446648,0.16612214716625678,0.45586695465854704,0.00861314250729621,0.09254520292853029,0.17766712104803417,0.2043249461062241,-0.19574714260469658,0.06787744983790278,-0.18133570900364215,0.004602031714005448,0.17128566884328117,0.0176814182134218,-0.019376321492231417,-0.04379427270469816
-0.061845362870437307,0.06750136175799307,0.16687617227407073,0.45813114052888865,0.009282547902121057,0.09266860368406968,0.17832833533094816,0.20486345022647234,-0.19893350343267915,0.06828781798690942,-0.1840849247476567,0.003813629216869918,0.17215575804278382,0.016462977939767986,-0.0200022293935065,-0.044812760377400236
-0.06197296264967429,0.06562703761151965,0.16763019738188467,0.4603953263992302,0.009951953296945903,0.09279200443960907,0.1789895496138622,0.20540195434672057,-0.20211986426066172,0.06869818613591605,-0.18683414049167124,0.0030252267197343886,0.1730258472422865,0.015244537666114173,-0.020628137294781586,-0.04583124805010231
-0.062100562428911266,0.0637527134650462,0.16838422248969867,0.46265951226957186,0.010621358691770763,0.09291540519514846,0.17965076389677623,0.20594045846696882,-0.20530622508864432,0.06910855428492271,-0.18958335623568587,0.002236824222598841,0.1738959364417892,0.014026097392460324,-0.021254045196056684,-0.04684973572280441
-0.06222816220814824,0.061878389318572785,0.16913824759751264,0.4649236981399134,0.011290764086595611,0.09303880595068786,0.18031197817969022,0.2064789625872171,-0.2084925859166269,0.06951892243392935,-0.1923325719797004,0.0014484217254633115,0.17476602564129187,0.01280765711880651,-0.021879953097331768,-0.04786822339550649
-0.062355761987385225,0.06000406517209932,0.16989227270532659,0.4671878840102551,0.01196016948142047,0.09316220670622727,0.18097319246260427,0.20701746670746535,-0.21167894674460952,0.069929290582936,-0.195081787723715,0.0006600192283277639,0.17563611484079455,0.01158921684515267,-0.022505860998606866,-0.048886711068208584
-0.0624833617666222,0.05812974102562592,0.17064629781314053,0.4694520698805966,0.012629574876245317,0.09328560746176665,0.18163440674551828,0.2075559708277136,-0.2148653075725921,0.07033965873194264,-0.19783100346772958,-0.00012838326880776574,0.1765062040402972,0.010370776571498848,-0.02313176889988195,-0.049905198740910664
-0.06261096154585917,0.05625541687915245,0.17140032292095453,0.4717162557509383,0.013298980271070177,0.09340900821730605,0.18229562102843228,0.20809447494796185,-0.21805166840057472,0.07075002688094928,-0.20058021921174418,-0.0009167857659433132,0.17737629323979986,0.009152336297845008,-0.02375767680115705,-0.050923686413612765
-0.06273856132509616,0.054381092732679,0.1721543480287685,0.4739804416212799,0.013968385665895039,0.09353240897284545,0.18295683531134632,0.2086329790682101,-0.22123802922855734,0.07116039502995593,-0.20332943495575878,-0.0017051882630788606,0.1782463824393026,0.007933896024191159,-0.024383584702432147,-0.05194217408631487
-0.06286616110433313,0.05250676858620558,0.17290837313658244,0.4762446274916215,0.014637791060719885,0.09365580972838485,0.18361804959426034,0.20917148318845835,-0.2244243900565399,0.07157076317896258,-0.20607865069977335,-0.00249359076021439,0.17911647163880523,0.0067154557505373445,-0.02500949260370723,-0.052960661759016946
-0.06298405413219282,0.05077502774668671,0.17360503815884176,0.47833657255209006,0.015256273548177338,0.09376982316005147,0.1842289640828507,0.20966902230357765,-0.2273683585187948,0.07194991386333575,-0.2086187285136969,-0.003222018020161461,0.1799203715424788,0.005589704483676208,-0.025587786532457506,-0.05390167118936723
-0.0631019471600525,0.04904328690716778,0.17430170318110108,0.4804285176125587,0.015874756035634808,0.0938838365917181,0.18483987857144107,0.2101665614186969,-0.23031232698104978,0.07232906454770895,-0.21115880632762046,-0.0039504452801085495,0.18072427144615244,0.004463953216815035,-0.02616608046120779,-0.05484268061971753
-0.06321984018791219,0.04731154606764891,0.1749983682033604,0.4825204626730274,0.01649323852309226,0.09399785002338472,0.18545079306003145,0.2106641005338162,-0.23325629544330473,0.07270821523208212,-0.213698884141544,-0.004678872540055625,0.18152817134982605,0.0033382019499538984,-0.026744374389958067,-0.05578369005006781
-0.06333773321577187,0.04557980522813002,0.17569503322561966,0.484612407733496,0.01711172101054971,0.09411186345505135,0.18606170754862184,0.21116163964893547,-0.2362002639055596,0.0730873659164553,-0.21623896195546752,-0.005407299800002696,0.18233207125349962,0.0022124506830927615,-0.027322668318708342,-0.05672469948041809
-0.06345562624363155,0.043848064388611156,0.17639169824787898,0.48670435279396457,0.017730203498007163,0.09422587688671796,0.1866726220372122,0.21165917876405477,-0.2391442323678145,0.07346651660082848,-0.21877903976939106,-0.006135727059949763,0.18313597115717323,0.0010866994162316158,-0.02790096224745861,-0.057665708910768367
-0.06357351927149123,0.042116323549092234,0.1770883632701383,0.4887962978544333,0.01834868598546463,0.0943398903183846,0.18728353652580257,0.21215671787917403,-0.2420882008300695,0.07384566728520166,-0.22131911758331466,-0.0068641543198968554,0.1839398710608468,-3.9051850629547854e-5,-0.0284792561762089,-0.05860671834111868
-0.06369141229935092,0.040384582709573354,0.17778502829239762,0.49088824291490185,0.018967168472922083,0.09445390375005124,0.18789445101439295,0.21265425699429333,-0.2450321692923244,0.07422481796957485,-0.2238591953972382,-0.007592581579843922,0.18474377096452038,-0.0011648031174906937,-0.02905755010495917,-0.05954772777146895
-0.0638093053272106,0.038652841870054466,0.1784816933146569,0.49298018797537047,0.01958565096037954,0.09456791718171786,0.18850536550298333,0.2131517961094126,-0.24797613775457933,0.07460396865394803,-0.2263992732111617,-0.008321008839790998,0.185547670868194,-0.0022905543843518305,-0.029635844033709446,-0.060488737201819236
-0.06392719835507028,0.036921101030535544,0.17917835833691623,0.4950721330358392,0.020204133447837006,0.09468193061338448,0.1891162799915737,0.2136493352245319,-0.2509201062168343,0.0749831193383212,-0.22893935102508534,-0.00904943609973809,0.18635157077186762,-0.003416305651213003,-0.030214137962459735,-0.06142974663216954
-0.06404509138292998,0.03518936019101668,0.17987502335917555,0.4971640780963078,0.02082261593529446,0.09479594404505111,0.18972719448016406,0.21414687433965118,-0.2538640746790892,0.07536227002269438,-0.23147942883900885,-0.009777863359685158,0.1871554706755412,-0.00454205691807414,-0.030792431891210007,-0.06237075606251983
-0.06415435302691332,0.033584406492616965,0.1805206829627981,0.499102864134628,0.021395817036168233,0.09490161013240367,0.19029338166331178,0.2146079867790454,-0.25659250433995046,0.07571366168549341,-0.2338335381772238,-0.010452959770295896,0.18790051409895697,-0.005585387777978621,-0.031328386786151276,-0.06324287071790283
-0.06426361467089667,0.03197945279421731,0.18116634256642064,0.5010416501729481,0.02196901813704198,0.09500727621975623,0.19085956884645952,0.21506909921843967,-0.2593209340008117,0.07606505334829242,-0.23618764751543866,-0.011128056180906606,0.18864555752237278,-0.006628718637883075,-0.03186434168109253,-0.0641149853732858
-0.06437287631488,0.03037449909581765,0.1818120021700432,0.5029804362112682,0.02254221923791573,0.09511294230710879,0.1914257560296072,0.21553021165783393,-0.26204936366167286,0.07641644501109143,-0.23854175685365359,-0.011803152591517319,0.18939060094578852,-0.007672049497787521,-0.032400296576033785,-0.0649871000286688
-0.06448213795886336,0.028769545397417957,0.1824576617736658,0.5049192222495884,0.023115420338789505,0.09521860839446133,0.19199194321275495,0.21599132409722815,-0.26477779332253415,0.07676783667389044,-0.24089586619186854,-0.012478249002128057,0.19013564436920433,-0.008715380357692003,-0.03293625147097505,-0.0658592146840518
-0.06459139960284671,0.027164591699018244,0.18310332137728835,0.5068580082879086,0.023688621439663278,0.09532427448181391,0.1925581303959027,0.2164524365366224,-0.2675062229833954,0.07711922833668947,-0.24324997553008348,-0.013153345412738786,0.19088068779262013,-0.009758711217596482,-0.03347220636591632,-0.06673132933943479
-0.06470066124683005,0.025559638000618553,0.18374898098091094,0.5087967943262288,0.02426182254053705,0.09542994056916645,0.1931243175790504,0.21691354897601667,-0.27023465264425667,0.07747061999948848,-0.24560408486829846,-0.013828441823349524,0.19162573121603593,-0.010802042077500964,-0.034008161260857594,-0.0676034439948178
-0.0648099228908134,0.023954684302218893,0.1843946405845335,0.510735580364549,0.024835023641410797,0.095535606656519,0.19369050476219812,0.21737466141541092,-0.2729630823051179,0.0778220116622875,-0.24795819420651333,-0.014503538233960236,0.1923707746394517,-0.011845372937405419,-0.034544116155798846,-0.06847555865020079
-0.06491918453479675,0.022349730603819184,0.18504030018815606,0.5126743664028691,0.025408224742284567,0.09564127274387157,0.19425669194534584,0.21783577385480515,-0.27569151196597913,0.07817340332508652,-0.2503123035447283,-0.015178634644570975,0.19311581806286748,-0.0128887037973099,-0.03508007105074012,-0.06934767330558379
-0.06502844617878009,0.020744776905419524,0.1856859597917786,0.5146131524411893,0.025981425843158323,0.09574693883122412,0.19482287912849355,0.21829688629419938,-0.2784199416268403,0.07852479498788552,-0.2526664128829432,-0.015853731055181685,0.19386086148628326,-0.013932034657214345,-0.03561602594568137,-0.07021978796096677
-0.06513770782276344,0.01913982320701981,0.1863316193954012,0.5165519384795094,0.026554626944032097,0.0958526049185767,0.19538906631164127,0.2187579987335936,-0.2811483712877016,0.07887618665068455,-0.2550205222211581,-0.016528827465792425,0.19460590490969906,-0.014975365517118826,-0.036151980840622634,-0.07109190261634976
-0.06523924057216547,0.017648399906759912,0.18693160665848513,0.5183535796574777,0.027087281237068817,0.0959507964520035,0.1959152028338955,0.21918649323585748,-0.283683798679399,0.07920272174882358,-0.2572081077707438,-0.01715616924998882,0.19529824583049674,-0.015944893769487285,-0.03665002363089178,-0.07190232606895983
-0.06534077332156749,0.016156976606499996,0.18753159392156907,0.520155220835446,0.02761993553010554,0.09604898798543031,0.1964413393561497,0.21961498773812133,-0.2862192260710965,0.07952925684696259,-0.2593956933203294,-0.01778351103418522,0.19599058675129444,-0.016914422021855734,-0.03714806642116092,-0.07271274952156986
-0.06544230607096951,0.014665553306240132,0.188131581184653,0.5219568620134142,0.028152589823142254,0.09614717951885712,0.19696747587840388,0.2200434822403851,-0.2887546534627939,0.0798557919451016,-0.261583278869915,-0.0184108528183816,0.19668292767209217,-0.017883950274224167,-0.037646109211430044,-0.07352317297417989
-0.06554383882037154,0.013174130005980177,0.18873156844773697,0.5237585031913825,0.028685244116178996,0.09624537105228395,0.1974936124006581,0.22047197674264896,-0.2912900808544914,0.08018232704324063,-0.2637708644195007,-0.019038194602578024,0.19737526859288987,-0.018853478526592644,-0.0381441520016992,-0.07433359642678997
-0.06564537156977356,0.011682706705720313,0.18933155571082086,0.5255601443693507,0.029217898409215702,0.09634356258571077,0.1980197489229123,0.22090047124491277,-0.2938255082461888,0.08050886214137964,-0.2659584499690863,-0.019665536386774405,0.19806760951368754,-0.019823006778961066,-0.038642194791968315,-0.07514401987939999
-0.06574690431917558,0.01019128340546036,0.18993154297390483,0.527361785547319,0.029750552702252443,0.09644175411913757,0.19854588544516652,0.22132896574717661,-0.2963609356378863,0.08083539723951867,-0.268146035518672,-0.02029287817097082,0.19875995043448527,-0.020792535031329544,-0.03914023758223747,-0.07595444333201005
-0.06584843706857761,0.008699860105200496,0.19053153023698877,0.5291634267252872,0.030283206995289157,0.09653994565256438,0.1990720219674207,0.22175746024944043,-0.29889636302958367,0.08116193233765769,-0.2703336210682576,-0.0209202199551672,0.19945229135528295,-0.021762063283697966,-0.03963828037250659,-0.07676486678462009
-0.06594996981797963,0.007208436804940579,0.19113151750007268,0.5309650679032555,0.030815861288325877,0.0966381371859912,0.19959815848967494,0.22218595475170425,-0.30143179042128115,0.08148846743579671,-0.27252120661784324,-0.021547561739363598,0.20014463227608065,-0.022731591536066426,-0.04013632316277573,-0.07757529023723014
-0.06605150256738165,0.005717013504680679,0.19173150476315662,0.5327667090812237,0.031348515581362604,0.09673632871941802,0.20012429501192913,0.2226144492539681,-0.3039672178129786,0.08181500253393573,-0.2747087921674289,-0.022174903523560007,0.20083697319687835,-0.023701119788434886,-0.04063436595304488,-0.07838571368984018
-0.06615303531678368,0.004225590204420762,0.19233149202624056,0.5345683502591919,0.031881169874399325,0.09683452025284484,0.20065043153418333,0.22304294375623193,-0.30650264520467607,0.08214153763207475,-0.27689637771701453,-0.022802245307756402,0.20152931411767605,-0.024670648040803326,-0.04113240874331401,-0.07919613714245023
-0.0662475769964891,0.002836859329025465,0.19289016697582959,0.5362459388618322,0.03237714808697187,0.09692595077706184,0.20114034075914997,0.22344193413349586,-0.3088634949383228,0.08244558905235688,-0.2789333363690275,-0.023386391274221655,0.20217398368455478,-0.02557341911753084,-0.04159615863913115,-0.07995075863092228
-0.06634211867619451,0.0014481284536301687,0.19344884192541859,0.5379235274644724,0.03287312629954441,0.09701738130127885,0.2016302499841166,0.2238409245107598,-0.31122434467196963,0.08274964047263902,-0.2809702950210405,-0.023970537240686894,0.2028186532514335,-0.026476190194258332,-0.04205990853494827,-0.08070538011939435
-0.06643666035589993,5.939757823485437e-5,0.1940075168750076,0.5396011160671126,0.033369104512116964,0.09710881182549587,0.20212015920908327,0.22423991488802372,-0.31358519440561644,0.08305369189292115,-0.28300725367305346,-0.024554683207152147,0.2034633228183122,-0.027378961270985824,-0.042523658430765415,-0.0814600016078664
-0.06653120203560534,-0.0013293332971604777,0.19456619182459664,0.5412787046697528,0.03386508272468952,0.09720024234971288,0.2026100684340499,0.22463890526528765,-0.3159460441392633,0.0833577433132033,-0.2850442123250665,-0.025138829173617414,0.20410799238519092,-0.02828173234771335,-0.04298740832658256,-0.08221462309633848
-0.06662574371531076,-0.0027180641725557384,0.19512486677418564,0.5429562932723929,0.03436106093726205,0.09729167287392988,0.20309997765901655,0.22503789564255158,-0.31830689387291,0.08366179473348544,-0.28708117097707947,-0.025722975140082645,0.20475266195206962,-0.02918450342444083,-0.04345115822239967,-0.08296924458481052
-0.06672028539501618,-0.004106795047951088,0.19568354172377467,0.5446338818750333,0.034857039149834616,0.09738310339814689,0.2035898868839832,0.22543688601981554,-0.3206677436065569,0.08396584615376756,-0.2891181296290925,-0.026307121106547916,0.20539733151894837,-0.030087274501168357,-0.04391490811821683,-0.08372386607328258
-0.06681482707472158,-0.005495525923346385,0.19624221667336367,0.5463114704776735,0.03535301736240716,0.09747453392236391,0.20407979610894983,0.22583587639707947,-0.3230285933402037,0.08426989757404972,-0.2911550882811055,-0.026891267073013165,0.2060420010858271,-0.03099004557789585,-0.044378658014033956,-0.08447848756175463
-0.066909368754427,-0.006884256798741681,0.19680089162295272,0.5479890590803137,0.035848995574979704,0.09756596444658092,0.20456970533391647,0.2262348667743434,-0.32538944307385054,0.08457394899433185,-0.29319204693311846,-0.027475413039478407,0.2066866706527058,-0.031892816654623346,-0.04484240790985109,-0.08523310905022669
-0.06700391043413241,-0.008272987674136978,0.19735956657254172,0.5496666476829539,0.03634497378755225,0.09765739497079792,0.2050596145588831,0.22663385715160733,-0.3277502928074973,0.08487800041461398,-0.29522900558513143,-0.028059559005943657,0.20733134021958452,-0.032795587731350856,-0.045306157805668226,-0.08598773053869874
-0.06709845211383783,-0.009661718549532293,0.19791824152213075,0.551344236285594,0.0368409520001248,0.09774882549501493,0.20554952378384975,0.22703284752887126,-0.3301111425411441,0.0851820518348961,-0.2972659642371444,-0.02864370497240891,0.20797600978646322,-0.033698358808078345,-0.04576990770148536,-0.0867423520271708
-0.06718659694402623,-0.01095648555145699,0.19843911558228577,0.5529083164137076,0.037303371490243584,0.09783406967574301,0.20600628492430093,0.2274048415442126,-0.3323122531996498,0.08546553062322332,-0.29916509883092285,-0.0291883266374751,0.20857705992305076,-0.034540046871005654,-0.04620227949712152,-0.08744591455287529
-0.06727474177421464,-0.01225125255338174,0.19895998964244083,0.5544723965418212,0.0377657909803624,0.09791931385647111,0.20646304606475213,0.227776835559554,-0.3345133638581556,0.08574900941155054,-0.30106423342470134,-0.02973294830254131,0.20917811005963827,-0.03538173493393297,-0.04663465129275769,-0.08814947707857979
-0.06736288660440304,-0.013546019555306437,0.19948086370259585,0.5560364766699347,0.0382282104704812,0.09800455803719918,0.2069198072052033,0.22814882957489538,-0.3367144745166613,0.08603248819987776,-0.3029633680184798,-0.030277569967607502,0.20977916019622583,-0.03622342299686026,-0.047067023088393854,-0.08885303960428427
-0.06745103143459144,-0.014840786557231186,0.2000017377627509,0.5576005567980483,0.03869062996060001,0.09808980221792726,0.2073765683456545,0.22852082359023676,-0.3389155851751671,0.08631596698820498,-0.3048625026122583,-0.03082219163267371,0.21038021033281334,-0.037065111059787596,-0.04749939488403003,-0.08955660212998877
-0.06753917626477983,-0.016135553559155885,0.20052261182290593,0.5591646369261619,0.03915304945071881,0.09817504639865535,0.20783332948610567,0.2288928176055781,-0.3411166958336729,0.08659944577653218,-0.3067616372060368,-0.0313668132977399,0.21098126046940088,-0.037906799122714885,-0.047931766679666185,-0.09026016465569325
-0.06762732109496823,-0.01743032056108058,0.20104348588306095,0.5607287170542754,0.03961546894083761,0.09826029057938342,0.20829009062655682,0.22926481162091947,-0.34331780649217863,0.0868829245648594,-0.3086607717998152,-0.031911434962806094,0.2115823106059884,-0.03874848718564219,-0.04836413847530235,-0.09096372718139774
-0.06771546592515663,-0.018725087563005297,0.201564359943216,0.562292797182389,0.04007788843095641,0.0983455347601115,0.20874685176700802,0.22963680563626085,-0.34551891715068433,0.08716640335318662,-0.3105599063935936,-0.032456056627872286,0.21218336074257593,-0.039590175248569476,-0.04879651027093851,-0.09166728970710222
-0.06780361075534504,-0.020019854564930047,0.20208523400337108,0.5638568773105025,0.04054030792107522,0.09843077894083958,0.2092036129074592,0.23000879965160223,-0.34772002780919015,0.08744988214151382,-0.31245904098737215,-0.03300067829293849,0.21278441087916344,-0.0404318633114968,-0.049228882066574685,-0.09237085223280675
-0.06789175558553343,-0.021314621566854725,0.20260610806352608,0.5654209574386161,0.04100272741119402,0.09851602312156765,0.20966037404791038,0.23038079366694358,-0.3499211384676959,0.08773336092984105,-0.3143581755811506,-0.03354529995800468,0.21338546101575098,-0.0412735513744241,-0.04966125386221085,-0.0930744147585112
-0.06797990041572183,-0.02260938856877946,0.2031269821236811,0.5669850375667296,0.04146514690131282,0.09860126730229574,0.21011713518836153,0.23075278768228497,-0.3521222491262016,0.08801683971816825,-0.31625731017492903,-0.034089921623070875,0.2139865111523385,-0.042115239437351404,-0.050093625657847,-0.09377797728421569
-0.0680621237533929,-0.023817174257141253,0.20361286432052345,0.5684440441612586,0.041896501454954375,0.0986807848535976,0.21054321151531202,0.23109979146537307,-0.3541754910978397,0.08828127464969399,-0.31802886256947466,-0.034597956081518534,0.21454718326699634,-0.042900383633146764,-0.05049695109481316,-0.0944342750954438
-0.068144347091064,-0.025024959945503085,0.20409874651736584,0.5699030507557876,0.04232785600859594,0.09876030240489947,0.21096928784226252,0.23144679524846123,-0.3562287330694779,0.08854570958121974,-0.3198004149640204,-0.03510599053996622,0.2151078553816542,-0.043685527828942174,-0.05090027653177934,-0.09509057290667194
-0.06822657042873508,-0.026232745633864844,0.20458462871420813,0.5713620573503165,0.04275921056223748,0.09883981995620132,0.21139536416921292,0.2317937990315493,-0.3582819750411159,0.08881014451274546,-0.321571967358566,-0.03561402499841386,0.215668527496312,-0.04447067202473751,-0.05130360196874549,-0.0957468707179
-0.06830879376640615,-0.027440531322226677,0.20507051091105052,0.5728210639448456,0.04319056511587905,0.09891933750750319,0.21182144049616342,0.23214080281463748,-0.3603352170127541,0.08907457944427122,-0.3233435197531117,-0.03612205945686154,0.21622919961096987,-0.0452558162205329,-0.05170692740571166,-0.09640316852912814
-0.06839101710407723,-0.028648317010588436,0.20555639310789287,0.5742800705393745,0.04362191966952059,0.09899885505880505,0.21224751682311385,0.23248780659772555,-0.36238845898439215,0.08933901437579696,-0.3251150721476573,-0.03663009391530918,0.21678987172562766,-0.04604096041632824,-0.05211025284267781,-0.09705946634035621
-0.06847324044174832,-0.029856102698950268,0.20604227530473523,0.5757390771339034,0.044053274223162166,0.09907837261010691,0.21267359315006434,0.2328348103808137,-0.36444170095603035,0.08960344930732271,-0.326886624542203,-0.037138128373756865,0.21735054384028551,-0.04682610461212364,-0.05251357827964399,-0.09771576415158435
-0.0685554637794194,-0.031063888387312028,0.20652815750157752,0.5771980837284323,0.0444846287768037,0.09915789016140876,0.21309966947701478,0.23318181416390182,-0.3664949429276683,0.08986788423884845,-0.32865817693674854,-0.037646162832204504,0.21791121595494334,-0.04761124880791898,-0.052916903716610134,-0.09837206196281242
-0.06863768711709048,-0.032271674075673926,0.20701403969841992,0.5786570903229614,0.04491598333044529,0.09923740771271064,0.21352574580396527,0.23352881794698999,-0.3685481848993066,0.09013231917037419,-0.33042972933129433,-0.038154197290652204,0.21847188806960122,-0.04839639300371441,-0.053320229153576315,-0.09902835977404058
-0.06871991045476157,-0.03347945976403565,0.20749992189526226,0.5801160969174903,0.045347337884086826,0.09931692526401248,0.21395182213091574,0.23387582173007807,-0.3706014268709446,0.09039675410189993,-0.3322012817258399,-0.03866223174909984,0.21903256018425904,-0.049181537199509746,-0.05372355459054247,-0.09968465758526865
-0.06880213379243265,-0.03468724545239745,0.2079858040921046,0.5815751035120192,0.045778692437728384,0.09939644281531435,0.21437789845786617,0.2342228255131662,-0.37265466884258275,0.09066118903342568,-0.3339728341203856,-0.0391702662075475,0.21959323229891686,-0.04996668139530512,-0.05412688002750863,-0.10034095539649675
-0.06887881609687772,-0.035813638426492635,0.2084389426729264,0.5829357876077755,0.046180977994882834,0.0994706016764159,0.21477526148818676,0.23454644470075986,-0.37456954277531446,0.09090780368687462,-0.33562500154519115,-0.0396440642083914,0.22011612070271827,-0.05069891469987016,-0.05450302535101279,-0.10095302527826863
-0.0689554984013228,-0.03694003140058786,0.20889208125374822,0.5842964717035318,0.04658326355203731,0.09954476053751746,0.21517262451850738,0.23487006388835358,-0.3764844167080463,0.09115441834032356,-0.3372771689699967,-0.04011786220923533,0.22063900910651968,-0.05143114800443521,-0.05487917067451697,-0.10156509516004053
-0.06903218070576786,-0.038066424374682946,0.20934521983456997,0.585657155799288,0.046985549109191733,0.099618919398619,0.21556998754882792,0.2351936830759472,-0.37839929064077793,0.09140103299377249,-0.3389293363948021,-0.040591660210079185,0.22116189751032103,-0.052163381309000174,-0.0552553159980211,-0.10217716504181236
-0.06910886301021293,-0.039192817348778136,0.20979835841539177,0.5870178398950443,0.047387834666346204,0.09969307825972056,0.2159673505791485,0.2355173022635409,-0.3803141645735097,0.09164764764722143,-0.3405815038196077,-0.04106545821092309,0.22168478591412247,-0.05289561461356525,-0.055631461321525286,-0.10278923492358427
-0.06918554531465801,-0.040319210322873326,0.2102514969962136,0.5883785239908006,0.04779012022350067,0.09976723712082211,0.2163647136094691,0.23584092145113458,-0.3822290385062415,0.09189426230067038,-0.34223367124441323,-0.041539256211767,0.22220767431792385,-0.053627847918130266,-0.05600760664502944,-0.10340130480535616
-0.06926222761910308,-0.041445603296968475,0.2107046355770354,0.5897392080865569,0.048192405780655125,0.09984139598192365,0.21676207663978972,0.23616454063872822,-0.3841439124389732,0.09214087695411932,-0.34388583866921885,-0.042013054212610895,0.22273056272172526,-0.0543600812226953,-0.05638375196853361,-0.10401337468712804
-0.06933890992354814,-0.04257199627106363,0.21115777415785714,0.5910998921823131,0.04859469133780957,0.09991555484302522,0.21715943967011025,0.2364881598263219,-0.38605878637170493,0.09238749160756825,-0.3455380060940243,-0.04248685221345477,0.2232534511255266,-0.055092314527260294,-0.05675989729203776,-0.10462544456889988
-0.06941559222799323,-0.04369838924515882,0.21161091273867896,0.5924605762780694,0.04899697689496404,0.09998971370412678,0.21755680270043087,0.23681177901391556,-0.3879736603044367,0.0926341062610172,-0.3471901735188299,-0.04296065021429868,0.22377633952932804,-0.055824547831825354,-0.05713604261554194,-0.10523751445067181
-0.06949227453243831,-0.04482478221925401,0.2120640513195008,0.5938212603738257,0.049399262452118495,0.10006387256522832,0.21795416573075144,0.23713539820150928,-0.38988853423716846,0.09288072091446614,-0.3488423409436354,-0.04343444821514259,0.22429922793312942,-0.056556781136390386,-0.057512187939046104,-0.10584958433244367
-0.06956895683688337,-0.04595117519334913,0.21251718990032256,0.595181944469582,0.04980154800927294,0.10013803142632988,0.21835152876107203,0.2374590173891029,-0.39180340816990017,0.09312733556791507,-0.35049450836844087,-0.04390824621598646,0.2248221163369308,-0.05728901444095538,-0.05788833326255025,-0.10646165421421554
-0.06964040493387433,-0.04700068244336578,0.21293939799001416,0.5964497505162466,0.050176374218704634,0.10020712832605227,0.21872176844722155,0.23776054686543588,-0.39358757597055977,0.09335711671242454,-0.3520339015735234,-0.044349703547810204,0.22530931324188308,-0.057971266709496,-0.05823880352750782,-0.10703194521674281
-0.0697118530308653,-0.04805018969338242,0.2133616060797057,0.5977175565629114,0.05055120042813632,0.10027622522577465,0.21909200813337107,0.23806207634176885,-0.3953717437712194,0.09358689785693398,-0.35357329477860583,-0.044791160879633946,0.2257965101468354,-0.05865351897803662,-0.05858927379246539,-0.10760223621927008
-0.06978330112785625,-0.04909969694339896,0.21378381416939723,0.598985362609576,0.05092602663756799,0.10034532212549703,0.2194622478195206,0.2383636058181018,-0.39715591157187885,0.09381667900144343,-0.35511268798368817,-0.045232618211457645,0.22628370705178769,-0.05933577124657718,-0.05893974405742292,-0.10817252722179731
-0.0698547492248472,-0.05014920419341564,0.21420602225908883,0.6002531686562408,0.051300852846999694,0.10041441902521943,0.21983248750567014,0.23866513529443478,-0.3989400793725386,0.0940464601459529,-0.3566520811887707,-0.0456740755432814,0.22677090395674,-0.06001802351511782,-0.059290214322380505,-0.10874281822432462
-0.06992619732183816,-0.05119871144343225,0.2146282303487804,0.6015209747029054,0.051675679056431376,0.10048351592494181,0.22020272719181969,0.23896666477076775,-0.4007242471731981,0.09427624129046233,-0.3581914743938531,-0.04611553287510512,0.2272581008616923,-0.06070027578365839,-0.059640684587338046,-0.10931310922685186
-0.06999764541882912,-0.052248218693448825,0.21505043843847194,0.6027887807495701,0.05205050526586306,0.1005526128246642,0.22057296687796918,0.2392681942471007,-0.4025084149738577,0.0945060224349718,-0.35973086759893547,-0.04655699020692884,0.2277452977666446,-0.06138252805219899,-0.0599911548522956,-0.10988340022937912
-0.07006909351582008,-0.05329772594346547,0.21547264652816348,0.6040565867962349,0.05242533147529475,0.10062170972438658,0.2209432065641187,0.23956972372343366,-0.4042925827745173,0.09473580357948126,-0.3612702608040179,-0.0469984475387526,0.2282324946715969,-0.062064780320739595,-0.06034162511725317,-0.11045369123190639
-0.07014054161281104,-0.054347233193482156,0.21589485461785507,0.6053243928428996,0.05280015768472646,0.10069080662410897,0.22131344625026828,0.23987125319976663,-0.406076750575177,0.09496558472399073,-0.3628096540091005,-0.04743990487057635,0.22871969157654923,-0.06274703258928023,-0.060692095382210744,-0.1110239822344337
-0.070211989709802,-0.055396740443498696,0.21631706270754664,0.6065921988895643,0.05317498389415812,0.10075990352383137,0.22168368593641777,0.2401727826760996,-0.40786091837583655,0.09519536586850016,-0.36434904721418276,-0.04788136220240005,0.2292068884815015,-0.0634292848578208,-0.061042565647168284,-0.11159427323696092
-0.07028343780679296,-0.05644624769351534,0.21673927079723818,0.607860004936229,0.053549810103589814,0.10082900042355375,0.2220539256225673,0.24047431215243256,-0.40964508617649614,0.09542514701300962,-0.36588844041926527,-0.04832281953422379,0.22969408538645378,-0.06411153712636142,-0.061393035912125846,-0.1121645642394882
-0.07034990284847413,-0.057422558414931435,0.21713203252863925,0.6090393894864694,0.053898494542816054,0.10089327824918527,0.22239834341965803,0.24075481184460923,-0.411304819496644,0.09563890236816347,-0.3673204706320849,-0.04873348799420862,0.23014730337207337,-0.06474620659098501,-0.06171906308079017,-0.11269508103209319
-0.0704163678901553,-0.05839886913634757,0.2175247942600403,0.6102187740367099,0.054247178982042295,0.10095755607481678,0.22274276121674885,0.24103531153678592,-0.41296455281679195,0.09585265772331733,-0.36875250084490463,-0.04914415645419348,0.23060052135769296,-0.06538087605560863,-0.06204509024945451,-0.11322559782469818
-0.07048283293183648,-0.059375179857763596,0.21791755599144133,0.6113981585869503,0.054595863421268515,0.10102183390044829,0.22308717901383956,0.24131581122896256,-0.41462428613693963,0.09606641307847116,-0.37018453105772414,-0.04955482491417829,0.23105373934331247,-0.06601554552023221,-0.06237111741811882,-0.11375611461730316
-0.07054929797351765,-0.06035149057917966,0.21831031772284237,0.6125775431371907,0.054944547860494734,0.10108611172607981,0.22343159681093033,0.24159631092113926,-0.41628401945708754,0.09628016843362502,-0.37161656127054377,-0.04996549337416314,0.23150695732893203,-0.06665021498485582,-0.06269714458678315,-0.11428663140990813
-0.07061576301519883,-0.06132780130059576,0.21870307945424344,0.6137569276874311,0.05529323229972096,0.10115038955171132,0.2237760146080211,0.24187681061331592,-0.4179437527772354,0.09649392378877884,-0.3730485914833634,-0.050376161834147976,0.23196017531455163,-0.06728488444947942,-0.06302317175544747,-0.11481714820251313
-0.07068222805688,-0.062304112022011894,0.21909584118564446,0.6149363122376715,0.055641916738947216,0.10121466737734285,0.2241204324051119,0.24215731030549262,-0.41960348609738335,0.0967076791439327,-0.3744806216961831,-0.05078683029413282,0.2324133933001712,-0.06791955391410304,-0.06334919892411181,-0.11534766499511813
-0.07074869309856117,-0.06328042274342792,0.21948860291704547,0.616115696787912,0.05599060117817342,0.10127894520297435,0.22446485020220266,0.24243780999766926,-0.42126321941753114,0.09692143449908656,-0.37591265190900275,-0.05119749875411765,0.23286661128579078,-0.06855422337872662,-0.06367522609277612,-0.11587818178772309
-0.07081515814024235,-0.06425673346484405,0.21988136464844657,0.6172950813381525,0.056339285617399676,0.10134322302860588,0.22480926799929343,0.24271830968984595,-0.422922952737679,0.09713518985424041,-0.37734468212182243,-0.051608167214102496,0.23331982927141035,-0.06918889284335024,-0.06400125326144046,-0.1164086985803281
-0.07088162318192352,-0.06523304418626015,0.2202741263798476,0.6184744658883928,0.0566879700566259,0.10140750085423739,0.2251536857963842,0.24299880938202265,-0.42458268605782684,0.09734894520939426,-0.37877671233464205,-0.05201883567408734,0.2337730472570299,-0.06982356230797385,-0.06432728043010479,-0.11693921537293309
-0.0709480882236047,-0.06620935490767621,0.22066688811124865,0.6196538504386332,0.05703665449585213,0.10147177867986891,0.22549810359347494,0.24327930907419934,-0.4262424193779747,0.09756270056454809,-0.3802087425474617,-0.052429504134072186,0.23422626524264945,-0.07045823177259744,-0.06465330759876911,-0.11746973216553806
-0.07100978039384598,-0.06711555650945826,0.22103144552346066,0.6207485430862717,0.057360299817379445,0.10153144069859779,0.2258177886615168,0.24353966601259408,-0.42778296682896183,0.097761106093629,-0.38153793830880206,-0.05281068238816308,0.23464693753018634,-0.0710473254625754,-0.06495592267405942,-0.1179621524131961
-0.07107147256408726,-0.06802175811124027,0.2213960029356727,0.6218432357339103,0.05768394513890676,0.10159110271732669,0.22613747372955864,0.24380002295098882,-0.429323514279949,0.09795951162270988,-0.3828671340701424,-0.05319186064225399,0.23506760981772318,-0.07163641915255335,-0.06525853774934974,-0.11845457266085413
-0.07113316473432854,-0.06892795971302228,0.22176056034788474,0.6229379283815487,0.058007590460434084,0.10165076473605557,0.22645715879760048,0.2440603798893836,-0.43086406173093617,0.09815791715179077,-0.3841963298314828,-0.053573038896344884,0.23548828210526004,-0.07222551284253131,-0.06556115282464005,-0.11894699290851216
-0.07119485690456981,-0.06983416131480431,0.22212511776009677,0.6240326210291872,0.058331235781961394,0.10171042675478446,0.2267768438656423,0.24432073682777833,-0.43240460918192336,0.09835632268087165,-0.3855255255928231,-0.05395421715043581,0.2359089543927969,-0.07281460653250929,-0.06586376789993037,-0.1194394131561702
-0.0712565490748111,-0.07074036291658632,0.2224896751723088,0.6251273136768257,0.05865488110348872,0.10177008877351336,0.22709652893368418,0.2445810937661731,-0.43394515663291044,0.09855472820995254,-0.3868547213541634,-0.054335395404526705,0.23632962668033378,-0.07340370022248725,-0.06616638297522068,-0.11993183340382822
-0.07131824124505239,-0.0716465645183683,0.2228542325845208,0.6262220063244642,0.05897852642501602,0.10182975079224224,0.227416214001726,0.24484145070456784,-0.43548570408389753,0.09875313373903342,-0.38818391711550376,-0.05471657365861759,0.23675029896787061,-0.07399279391246517,-0.06646899805051097,-0.12042425365148623
-0.07137993341529367,-0.07255276612015034,0.22321878999673284,0.6273166989721026,0.059302171746543335,0.10188941281097114,0.22773589906976785,0.24510180764296258,-0.43702625153488467,0.09895153926811431,-0.38951311287684404,-0.05509775191270849,0.2371709712554075,-0.07458188760244312,-0.0667716131258013,-0.12091667389914428
-0.07144162558553495,-0.07345896772193239,0.2235833474089449,0.6284113916197412,0.059625817068070665,0.10194907482970002,0.2280555841378097,0.24536216458135737,-0.43856679898587186,0.09914994479719522,-0.3908423086381845,-0.05547893016679941,0.2375916435429444,-0.07517098129242111,-0.06707422820109162,-0.12140909414680232
-0.07150331775577622,-0.07436516932371436,0.2239479048211569,0.6295060842673798,0.05994946238959797,0.10200873684842893,0.22837526920585155,0.24562252151975209,-0.440107346436859,0.09934835032627606,-0.39217150439952475,-0.055860108420890314,0.2380123158304812,-0.07576007498239906,-0.06737684327638192,-0.12190151439446034
-0.0715650099260175,-0.0752713709254964,0.22431246223336893,0.6306007769150181,0.06027310771112528,0.10206839886715782,0.22869495427389339,0.24588287845814688,-0.44164789388784614,0.09954675585535697,-0.39350070016086514,-0.05624128667498121,0.23843298811801808,-0.07634916867237701,-0.06767945835167223,-0.12239393464211837
-0.07162211022943929,-0.07611012220010217,0.22464988493661564,0.6316139894846085,0.06057266348924069,0.10212362012714676,0.22899084456780286,0.246123856529143,-0.4430737754307227,0.09973039367952125,-0.3947309613266283,-0.0565940930988962,0.23882234895855184,-0.07689441498661835,-0.06795954920520365,-0.12284970310418318
-0.0716792105328611,-0.07694887347470797,0.2249873076398624,0.6326272020541988,0.06087221926735608,0.10217884138713572,0.22928673486171236,0.24636483460013917,-0.4444996569735992,0.09991403150368551,-0.3959612224923915,-0.0569468995228112,0.2392117097990856,-0.07743966130085966,-0.06823964005873509,-0.12330547156624799
-0.07173631083628289,-0.07778762474931365,0.2253247303431091,0.633640414623789,0.061171775045471444,0.10223406264712467,0.22958262515562183,0.2466058126711353,-0.44592553851647565,0.10009766932784978,-0.39719148365815454,-0.05729970594672615,0.23960107063961927,-0.07798490761510095,-0.06851973091226649,-0.12376124002831278
-0.07179341113970468,-0.07862637602391942,0.22566215304635587,0.6346536271933791,0.06147133082358684,0.10228928390711363,0.2298785154495313,0.24684679074213148,-0.44735142005935224,0.10028130715201403,-0.3984217448239178,-0.05765251237064115,0.23999043148015303,-0.07853015392934228,-0.06879982176579792,-0.12421700849037759
-0.07185051144312647,-0.07946512729852521,0.22599957574960264,0.6356668397629694,0.06177088660170225,0.10234450516710257,0.23017440574344084,0.2470877688131276,-0.44877730160222873,0.10046494497617832,-0.399652005989681,-0.058005318794556136,0.2403797923206868,-0.07907540024358359,-0.06907991261932935,-0.1246727769524424
-0.07190761174654826,-0.08030387857313094,0.22633699845284938,0.6366800523325596,0.06207044237981763,0.10239972642709154,0.23047029603735025,0.24732874688412376,-0.45020318314510527,0.10064858280034258,-0.40088226715544406,-0.0583581252184711,0.2407691531612205,-0.0796206465578249,-0.06936000347286077,-0.1251285454145072
-0.07196471204997006,-0.08114262984773667,0.2266744211560961,0.6376932649021498,0.06236999815793301,0.1024549476870805,0.23076618633125975,0.24756972495511992,-0.4516290646879817,0.10083222062450684,-0.4021125283212072,-0.05871093164238608,0.24115851400175423,-0.08016589287206621,-0.06964009432639218,-0.12558431387657198
-0.07202181235339186,-0.0819813811223425,0.22701184385934287,0.6387064774717401,0.06266955393604842,0.10251016894706944,0.23106207662516925,0.24781070302611607,-0.45305494623085835,0.10101585844867111,-0.4033427894869705,-0.05906373806630109,0.24154787484228799,-0.08071113918630754,-0.06992018517992361,-0.12604008233863684
-0.07207891265681365,-0.08282013239694823,0.2273492665625896,0.6397196900413303,0.0629691097141638,0.10256539020705839,0.23135796691907873,0.2480516810971122,-0.4544808277737349,0.1011994962728354,-0.4045730506527336,-0.05941654449021607,0.24193723568282174,-0.08125638550054884,-0.07020027603345504,-0.12649585080070164
-0.07213601296023545,-0.08365888367155395,0.22768668926583632,0.6407329026109205,0.06326866549227919,0.10262061146704735,0.23165385721298823,0.24829265916810836,-0.4559067093166113,0.10138313409699964,-0.4058033118184967,-0.05976935091413104,0.24232659652335545,-0.08180163181479017,-0.07048036688698645,-0.1269516192627664
-0.07218868252904544,-0.08443255150385937,0.2279979294383347,0.6416674943022989,0.06354497704795227,0.10267154779800304,0.2319267877100498,0.24851493839136005,-0.4572219486680151,0.1015525224265938,-0.4069381100812271,-0.060094781097640465,0.24268574466011616,-0.082304569392095,-0.07073872391136424,-0.1273720220791372
-0.07224135209785543,-0.08520621933616472,0.22830916961083303,0.642602085993677,0.0638212886036253,0.10272248412895872,0.2321997182071113,0.24873721761461173,-0.45853718801941873,0.10172191075618796,-0.4080729083439574,-0.06042021128114989,0.24304489279687685,-0.08280750696939983,-0.070997080935742,-0.12779242489550796
-0.07229402166666542,-0.08597988716847002,0.22862040978333142,0.6435366776850552,0.06409760015929836,0.1027734204599144,0.23247264870417284,0.24895949683786336,-0.4598524273708223,0.10189129908578211,-0.40920770660668765,-0.06074564146465928,0.24340404093363754,-0.08331044454670465,-0.07125543796011977,-0.1282128277118787
-0.07234669123547541,-0.08675355500077536,0.2289316499558298,0.6444712693764333,0.06437391171497142,0.10282435679087008,0.23274557920123434,0.24918177606111505,-0.461167666722226,0.10206068741537627,-0.4103425048694179,-0.06107107164816869,0.24376318907039823,-0.08381338212400948,-0.07151379498449754,-0.12863323052824943
-0.07239936080428541,-0.08752722283308075,0.22924289012832816,0.6454058610678115,0.0646502232706445,0.10287529312182578,0.23301850969829588,0.2494040552843667,-0.46248290607362974,0.10223007574497042,-0.4114773031321483,-0.061396501831678114,0.24412233720715895,-0.08431631970131434,-0.07177215200887532,-0.12905363334462022
-0.0724520303730954,-0.08830089066538609,0.2295541303008265,0.6463404527591896,0.06492653482631754,0.10292622945278147,0.23329144019535739,0.2496263345076184,-0.4637981454250334,0.10239946407456457,-0.4126121013948786,-0.06172193201518754,0.2444814853439197,-0.08481925727861916,-0.0720305090332531,-0.12947403616099096
-0.07250469994190539,-0.08907455849769143,0.22986537047332486,0.6472750444505678,0.0652028463819906,0.10297716578373714,0.23356437069241892,0.24984861373087008,-0.46511338477643704,0.10256885240415875,-0.41374689965760886,-0.06204736219869694,0.24484063348068041,-0.085322194855924,-0.07228886605763088,-0.12989443897736172
-0.0725573695107154,-0.08984822632999681,0.23017661064582323,0.6482096361419462,0.06547915793766368,0.10302810211469283,0.2338373011894805,0.25007089295412177,-0.4664286241278408,0.10273824073375291,-0.41488169792033924,-0.06237279238220637,0.24519978161744113,-0.08582513243322883,-0.07254722308200867,-0.13031484179373248
-0.07261003907952539,-0.09062189416230218,0.23048785081832157,0.6491442278333243,0.06575546949333672,0.10307903844564853,0.23411023168654205,0.25029317217737346,-0.46774386347924446,0.10290762906334706,-0.4160164961830695,-0.06269822256571579,0.24555892975420182,-0.08632807001053365,-0.07280558010638644,-0.13073524461010325
-0.07266270864833538,-0.09139556199460752,0.23079909099081994,0.6500788195247026,0.06603178104900978,0.10312997477660421,0.23438316218360356,0.2505154514006251,-0.4690591028306481,0.10307701739294123,-0.4171512944457998,-0.06302365274922521,0.2459180778909625,-0.08683100758783847,-0.07306393713076421,-0.131155647426474
-0.07271109600047643,-0.09210632797746594,0.2310850262693382,0.6509374257047144,0.0662856275271009,0.10317676980907577,0.23463390249474966,0.2507196585603214,-0.470267408709812,0.1032326338701185,-0.4181938297159455,-0.0633226243421692,0.24624802605186233,-0.08729305461438258,-0.0733012888425616,-0.13154187005134885
-0.07275948335261748,-0.09281709396032425,0.23137096154785639,0.6517960318847261,0.06653947400519199,0.1032235648415473,0.23488464280589574,0.2509238657200177,-0.47147571458897575,0.10338825034729576,-0.4192363649860911,-0.06362159593511317,0.24657797421276206,-0.08775510164092662,-0.07353864055435895,-0.13192809267622366
-0.07280787070475853,-0.09352785994318263,0.23165689682637455,0.6526546380647378,0.06679332048328307,0.10327035987401885,0.23513538311704182,0.251128072879714,-0.47268402046813945,0.10354386682447302,-0.42027890025623676,-0.06392056752805715,0.24690792237366188,-0.08821714866747069,-0.07377599226615632,-0.1323143153010985
-0.07285625805689958,-0.09423862592604099,0.23194283210489278,0.6535132442447497,0.06704716696137418,0.10331715490649039,0.2353861234281879,0.25133228003941027,-0.47389232634730327,0.10369948330165028,-0.42132143552638246,-0.06421953912100113,0.24723787053456167,-0.08867919569401476,-0.07401334397795369,-0.1327005379259733
-0.07290464540904062,-0.09494939190889937,0.232228767383411,0.6543718504247613,0.06730101343946528,0.10336394993896195,0.235636863739334,0.2515364871991066,-0.475100632226467,0.10385509977882755,-0.4223639707965281,-0.06451851071394513,0.24756781869546146,-0.08914124272055883,-0.07425069568975105,-0.13308676055084814
-0.07295303276118167,-0.09566015789175776,0.23251470266192917,0.6552304566047732,0.06755485991755637,0.10341074497143347,0.23588760405048007,0.2517406943588029,-0.4763089381056308,0.10401071625600482,-0.4234065060666738,-0.06481748230688911,0.24789776685636122,-0.08960328974710287,-0.07448804740154842,-0.13347298317572295
-0.07300142011332272,-0.09637092387461614,0.23280063794044742,0.656089062784785,0.06780870639564746,0.10345754000390503,0.2361383443616262,0.2519449015184992,-0.47751724398479456,0.10416633273318208,-0.42444904133681943,-0.06511645389983309,0.248227715017261,-0.09006533677364693,-0.0747253991133458,-0.1338592058005978
-0.07304980746546377,-0.09708168985747456,0.23308657321896561,0.6569476689647967,0.06806255287373858,0.10350433503637657,0.23638908467277225,0.2521491086781955,-0.47872554986395843,0.10432194921035937,-0.42549157660696524,-0.0654154254927771,0.24855766317816083,-0.09052738380019104,-0.07496275082514318,-0.13424542842547263
-0.07309819481760484,-0.0977924558403329,0.23337250849748387,0.6578062751448086,0.06831639935182969,0.10355113006884813,0.2366398249839184,0.25235331583789183,-0.47993385574312214,0.1044775656875366,-0.4265341118771109,-0.06571439708572108,0.24888761133906062,-0.09098943082673511,-0.07520010253694055,-0.13463165105034747
-0.07314658216974587,-0.0985032218231913,0.23365844377600203,0.6586648813248204,0.06857024582992077,0.10359792510131967,0.23689056529506444,0.2525575229975881,-0.48114216162228596,0.10463318216471387,-0.42757664714725657,-0.06601336867866506,0.2492175594999604,-0.09145147785327915,-0.07543745424873792,-0.13501787367522228
-0.07319082880737837,-0.09915316449402325,0.2339199103389597,0.6594500128692219,0.06880236956956334,0.10364071568094746,0.23711984867587027,0.2527442552694989,-0.48224706755366925,0.10477548186847194,-0.42852996817591643,-0.06628675598237291,0.24951927257304377,-0.09187398552208222,-0.07565449475041153,-0.1353710455635805
-0.07323507544501089,-0.09980310716485534,0.23418137690191743,0.6602351444136235,0.06903449330920595,0.10368350626057525,0.2373491320566761,0.25293098754140964,-0.4833519734850526,0.10491778157223003,-0.42948328920457646,-0.06656014328608079,0.24982098564612712,-0.09229649319088537,-0.07587153525208518,-0.13572421745193877
-0.07327932208264337,-0.1004530498356873,0.23444284346487507,0.6610202759580251,0.06926661704884854,0.10372629684020303,0.23757841543748193,0.2531177198133204,-0.4844568794164359,0.10506008127598808,-0.43043661023323637,-0.06683353058978861,0.2501226987192105,-0.09271900085968846,-0.07608857575375878,-0.136077389340297
-0.07332356872027587,-0.1011029925065193,0.2347043100278328,0.6618054075024267,0.06949874078849114,0.10376908741983083,0.23780769881828775,0.25330445208523117,-0.4855617853478192,0.10520238097974616,-0.43138993126189634,-0.06710691789349647,0.25042441179229386,-0.09314150852849157,-0.07630561625543242,-0.13643056122865524
-0.07336781535790837,-0.10175293517735128,0.23496577659079043,0.6625905390468283,0.06973086452813371,0.10381187799945861,0.23803698219909353,0.2534911843571419,-0.48666669127920253,0.10534468068350421,-0.4323432522905562,-0.06738030519720431,0.2507261248653772,-0.09356401619729461,-0.07652265675710604,-0.13678373311701347
-0.07341206199554087,-0.10240287784818328,0.23522724315374813,0.6633756705912299,0.0699629882677763,0.10385466857908641,0.23826626557989933,0.2536779166290527,-0.4877715972105858,0.10548698038726229,-0.4332965733192162,-0.06765369250091217,0.25102783793846056,-0.09398652386609772,-0.07673969725877967,-0.1371369050053717
-0.07345630863317337,-0.10305282051901525,0.23548870971670577,0.6641608021356314,0.07019511200741889,0.10389745915871419,0.23849554896070516,0.25386464890096344,-0.4888765031419691,0.10562928009102034,-0.43424989434787614,-0.06792707980462,0.2513295510115439,-0.0944090315349008,-0.07695673776045328,-0.13749007689372994
-0.07350055527080587,-0.10370276318984725,0.23575017627966346,0.6649459336800331,0.07042723574706146,0.10394024973834198,0.23872483234151098,0.25405138117287424,-0.4899814090733524,0.10577157979477843,-0.43520321537653606,-0.06820046710832786,0.2516312640846273,-0.09483153920370391,-0.07717377826212692,-0.13784324878208817
-0.07354480190843837,-0.1043527058606793,0.23601164284262116,0.6657310652244348,0.07065935948670406,0.10398304031796977,0.2389541157223168,0.254238113444785,-0.49108631500473576,0.10591387949853649,-0.436156536405196,-0.06847385441203571,0.2519329771577107,-0.09525404687250702,-0.07739081876380055,-0.1381964206704464
-0.07358904854607089,-0.10500264853151126,0.23627310940557883,0.6665161967688362,0.07089148322634664,0.10402583089759757,0.2391833991031226,0.25442484571669577,-0.492191220936119,0.10605617920229456,-0.43710985743385594,-0.06874724171574355,0.252234690230794,-0.0956765545413101,-0.07760785926547417,-0.13854959255880464
-0.07362929322329344,-0.10559380606122129,0.2365109271922799,0.6672303157905829,0.07110261214997696,0.10406475121239278,0.23939194456887455,0.25459468867905827,-0.49319619182089325,0.10618560837370809,-0.43797695376344725,-0.06899590205205772,0.25250911436536705,-0.09606084780436581,-0.07780526917957037,-0.13887082123089292
-0.073669537900516,-0.10618496359093128,0.23674874497898088,0.6679444348123293,0.07131374107360725,0.104103671527188,0.2396004900346265,0.25476453164142077,-0.4942011627056674,0.10631503754512163,-0.4388440500930386,-0.0692445623883719,0.2527835384999401,-0.09644514106742154,-0.07800267909366657,-0.1391920499029812
-0.07370978257773855,-0.10677612112064125,0.23698656276568195,0.6686585538340758,0.07152486999723752,0.1041425918419832,0.23980903550037844,0.25493437460378326,-0.49520613359044136,0.10644446671653515,-0.4397111464226299,-0.06949322272468603,0.2530579626345132,-0.09682943433047718,-0.07820008900776276,-0.13951327857506945
-0.07375002725496112,-0.10736727865035128,0.23722438055238299,0.6693726728558224,0.07173599892086782,0.10418151215677841,0.24001758096613038,0.25510421756614576,-0.4962111044752156,0.10657389588794869,-0.44057824275222124,-0.06974188306100021,0.2533323867690862,-0.09721372759353293,-0.07839749892185896,-0.13983450724715776
-0.07379027193218368,-0.10795843618006132,0.23746219833908402,0.6700867918775688,0.07194712784449814,0.10422043247157363,0.24022612643188235,0.25527406052850826,-0.4972160753599898,0.10670332505936223,-0.4414453390818126,-0.06999054339731439,0.2536068109036593,-0.09759802085658865,-0.07859490883595517,-0.14015573591924604
-0.07383051660940623,-0.10854959370977127,0.23770001612578504,0.6708009108993153,0.07215825676812841,0.10425935278636884,0.24043467189763426,0.25544390349087076,-0.4982210462447638,0.10683275423077575,-0.44231243541140386,-0.07023920373362853,0.25388123503823234,-0.09798231411964434,-0.07879231875005135,-0.1404769645913343
-0.0738707612866288,-0.1091407512394813,0.2379378339124861,0.6715150299210617,0.07236938569175873,0.10429827310116407,0.24064321736338626,0.25561374645323326,-0.499226017129538,0.1069621834021893,-0.4431795317409953,-0.07048786406994272,0.2541556591728054,-0.09836660738270005,-0.07898972866414758,-0.1407981932634226
-0.07391100596385136,-0.10973190876919137,0.23817565169918717,0.6722291489428084,0.07258051461538903,0.10433719341595929,0.2408517628291382,0.25578358941559576,-0.5002309880143122,0.10709161257360282,-0.44404662807058665,-0.0707365244062569,0.2544300833073785,-0.09875090064575581,-0.07918713857824379,-0.1411194219355109
-0.07395125064107393,-0.11032306629890137,0.23841346948588818,0.6729432679645548,0.07279164353901933,0.1043761137307545,0.24106030829489014,0.25595343237795826,-0.5012359588990862,0.10722104174501636,-0.4449137244001779,-0.07098518474257105,0.25470450744195156,-0.09913519390881148,-0.07938454849233999,-0.14144065060759917
-0.07399149531829648,-0.11091422382861137,0.2386512872725892,0.6736573869863013,0.07300277246264962,0.10441503404554972,0.24126885376064208,0.25612327534032076,-0.5022409297838604,0.1073504709164299,-0.44578082072976927,-0.07123384507888522,0.25497893157652457,-0.0995194871718672,-0.07958195840643618,-0.14176187927968745
-0.0740278772456278,-0.1114486410924977,0.23886627891945977,0.674302963697264,0.07319363688714427,0.10445021872492384,0.24145738269176767,0.25627681649758327,-0.5031494419207013,0.10746747726444653,-0.44656469173656066,-0.07145863858973715,0.2552270160341731,-0.0998668953394887,-0.07976042059435264,-0.1420522758988483
-0.0740642591729591,-0.11198305835638386,0.23908127056633022,0.6749485404082263,0.07338450131163883,0.10448540340429797,0.2416459116228932,0.2564303576548458,-0.504057954057542,0.10758448361246313,-0.4473485627433518,-0.07168343210058904,0.2554751004918214,-0.10021430350711004,-0.07993888278226903,-0.14234267251800906
-0.07410064110029042,-0.11251747562027024,0.23929626221320077,0.6755941171191888,0.07357536573613349,0.10452058808367211,0.24183444055401876,0.25658389881210825,-0.5049664661943828,0.10770148996047973,-0.44813243375014317,-0.07190822561144099,0.2557231849494699,-0.10056171167473149,-0.08011734497018548,-0.1426330691371699
-0.07413702302762172,-0.1130518928841564,0.23951125386007124,0.6762396938301513,0.07376623016062807,0.10455577276304623,0.24202296948514426,0.2567374399693707,-0.5058749783312234,0.10781849630849631,-0.44891630475693434,-0.07213301912229285,0.25597126940711834,-0.10090911984235287,-0.08029580715810188,-0.14292346575633064
-0.07417340495495303,-0.11358631014804274,0.23972624550694177,0.6768852705411139,0.0739570945851227,0.10459095744242038,0.24221149841626982,0.2568909811266332,-0.5067834904680644,0.10793550265651294,-0.4497001757637257,-0.07235781263314481,0.2562193538647668,-0.10125652800997433,-0.08047426934601833,-0.1432138623754915
-0.07420978688228436,-0.11412072741192901,0.23994123715381227,0.6775308472520762,0.07414795900961729,0.10462614212179451,0.24240002734739538,0.2570445222838957,-0.5076920026049051,0.10805250900452956,-0.450484046770517,-0.07258260614399671,0.2564674383224152,-0.10160393617759574,-0.08065273153393475,-0.1435042589946523
-0.07424616880961567,-0.11465514467581528,0.24015622880068277,0.6781764239630388,0.07433882343411191,0.10466132680116864,0.24258855627852094,0.2571980634411582,-0.508600514741746,0.10816951535254617,-0.45126791777730824,-0.07280739965484863,0.2567155227800636,-0.10195134434521716,-0.08083119372185116,-0.1437946556138131
-0.07428255073694698,-0.11518956193970162,0.24037122044755335,0.6788220006740014,0.07452968785860654,0.10469651148054276,0.24277708520964647,0.2573516045984207,-0.5095090268785868,0.1082865217005628,-0.4520517887840997,-0.07303219316570056,0.25696360723771206,-0.10229875251283865,-0.08100965590976761,-0.14408505223297394
-0.07431893266427829,-0.11572397920358789,0.24058621209442385,0.6794675773849639,0.07472055228310116,0.10473169615991691,0.24296561414077203,0.2575051457556832,-0.5104175390154275,0.10840352804857939,-0.4528356597908909,-0.07325698667655248,0.2572116916953605,-0.10264616068046006,-0.08118811809768404,-0.14437544885213474
-0.0743553145916096,-0.11625839646747416,0.24080120374129435,0.6801131540959264,0.07491141670759578,0.10476688083929105,0.24315414307189756,0.2576586869129457,-0.5113260511522683,0.10852053439659601,-0.4536195307976822,-0.0734817801874044,0.25745977615300897,-0.10299356884808147,-0.08136658028560045,-0.14466584547129555
-0.07438797578885378,-0.11673815960667053,0.24099420848566497,0.6806927085571561,0.07508276168771591,0.1047984672294937,0.2433233914063701,0.25779652562546856,-0.5121416509919874,0.10862557466498504,-0.45432323638572475,-0.07368358437249568,0.2576824893515342,-0.10330544805622768,-0.08152679138896193,-0.1449265436242846
-0.07442063698609795,-0.11721792274586683,0.24118721323003547,0.6812722630183856,0.075254106667836,0.10483005361969637,0.24349263974084262,0.25793436433799144,-0.5129572508317063,0.10873061493337408,-0.45502694197376725,-0.07388538855758693,0.25790520255005944,-0.10361732726437385,-0.08168700249232337,-0.14518724177727357
-0.07445329818334212,-0.11769768588506309,0.241380217974406,0.6818518174796152,0.07542545164795608,0.10486164000989902,0.24366188807531514,0.2580722030505143,-0.5137728506714252,0.1088356552017631,-0.4557306475618097,-0.07408719274267819,0.2581279157485847,-0.10392920647251998,-0.08184721359568481,-0.14544793993026256
-0.0744859593805863,-0.11817744902425947,0.2415732227187766,0.6824313719408448,0.07559679662807621,0.1048932264001017,0.2438311364097877,0.25821004176303725,-0.5145884505111442,0.10894069547015213,-0.4564343531498523,-0.07428899692776948,0.25835062894711,-0.10424108568066619,-0.08200742469904627,-0.14570863808325157
-0.07451862057783049,-0.11865721216345584,0.24176622746314722,0.6830109264020746,0.07576814160819634,0.10492481279030436,0.24400038474426025,0.2583478804755601,-0.5154040503508633,0.10904573573854119,-0.45713805873789487,-0.07449080111286077,0.25857334214563527,-0.10455296488881238,-0.08216763580240775,-0.14596933623624062
-0.07455128177507465,-0.11913697530265215,0.24195923220751772,0.683590480863304,0.07593948658831642,0.104956399180507,0.24416963307873274,0.258485719188083,-0.5162196501905822,0.10915077600693021,-0.4578417643259374,-0.07469260529795203,0.2587960553441605,-0.10486484409695855,-0.08232784690576919,-0.1462300343892296
-0.07458394297231882,-0.11961673844184845,0.24215223695188826,0.6841700353245337,0.07611083156843651,0.10498798557070967,0.2443388814132053,0.2586235579006059,-0.517035250030301,0.10925581627531923,-0.4585454699139798,-0.0748944094830433,0.25901876854268574,-0.10517672330510468,-0.08248805800913063,-0.14649073254221856
-0.074616604169563,-0.12009650158104482,0.24234524169625885,0.6847495897857633,0.07628217654855664,0.10501957196091233,0.24450812974767783,0.25876139661312875,-0.5178508498700202,0.10936085654370828,-0.45924917550202243,-0.07509621366813458,0.259241481741211,-0.10548860251325091,-0.08264826911249208,-0.1467514306952076
-0.07464926536680719,-0.12057626472024119,0.24253824644062946,0.685329144246993,0.07645352152867677,0.105051158351115,0.24467737808215037,0.2588992353256517,-0.5186664497097392,0.10946589681209731,-0.45995288109006505,-0.07529801785322589,0.25946419493973627,-0.10580048172139712,-0.08280848021585356,-0.14701212884819662
-0.07468192656405137,-0.12105602785943745,0.24273125118499997,0.6859086987082225,0.07662486650879685,0.10508274474131765,0.2448466264166229,0.25903707403817455,-0.5194820495494582,0.10957093708048635,-0.4606565866781075,-0.07549982203831714,0.25968690813826156,-0.10611236092954325,-0.082968691319215,-0.1472728270011856
-0.07471101352538077,-0.12148328873945832,0.2429031347045761,0.686424830375903,0.07677746057243398,0.10511087451572525,0.24499735327831956,0.2591598285493113,-0.5202083952746569,0.10966448240284,-0.46128328315446937,-0.07567954204318961,0.259885249005702,-0.10639011003956445,-0.08311136992750906,-0.14750499598868325
-0.07474010048671019,-0.12191054961947927,0.24307501822415234,0.6869409620435835,0.07693005463607115,0.10513900429013284,0.24514808014001624,0.25928258306044805,-0.5209347409998558,0.10975802772519369,-0.4619099796308314,-0.07585926204806209,0.2600835898731425,-0.10666785914958567,-0.08325404853580316,-0.14773716497618092
-0.0747691874480396,-0.12233781049950004,0.24324690174372843,0.6874570937112636,0.07708264869970825,0.10516713406454042,0.24529880700171286,0.2594053375715848,-0.5216610867250544,0.10985157304754732,-0.4625366761071931,-0.07603898205293451,0.2602819307405829,-0.10694560825960679,-0.08339672714409721,-0.14796933396367848
-0.07479827440936902,-0.12276507137952099,0.24341878526330463,0.6879732253789441,0.07723524276334542,0.10519526383894803,0.24544953386340956,0.25952809208272154,-0.5223874324502534,0.10994511836990101,-0.4631633725835551,-0.07621870205780701,0.26048027160802345,-0.10722335736962801,-0.08353940575239133,-0.14820150295117615
-0.07482736137069844,-0.12319233225954186,0.24359066878288074,0.6884893570466245,0.07738783682698255,0.10522339361335561,0.2456002607251062,0.2596508465938583,-0.5231137781754522,0.11003866369225467,-0.46379006905991704,-0.07639842206267947,0.26067861247546387,-0.10750110647964917,-0.08368208436068539,-0.1484336719386738
-0.07485644833202784,-0.1236195931395627,0.2437625523024569,0.6890054887143049,0.07754043089061968,0.10525152338776321,0.24575098758680283,0.259773601104995,-0.5238401239006509,0.11013220901460834,-0.46441676553627886,-0.07657814206755192,0.2608769533429044,-0.10777885558967036,-0.08382476296897946,-0.1486658409261714
-0.07488553529335727,-0.12404685401958357,0.24393443582203309,0.6895216203819854,0.07769302495425681,0.1052796531621708,0.2459017144484995,0.2598963556161317,-0.5245664696258497,0.11022575433696201,-0.4650434620126407,-0.07675786207242438,0.26107529421034487,-0.10805660469969151,-0.08396744157727352,-0.14889800991366905
-0.07491462225468667,-0.12447411489960451,0.24410631934160926,0.6900377520496659,0.07784561901789397,0.10530778293657841,0.2460524413101962,0.2600191101272685,-0.5252928153510488,0.11031929965931568,-0.4656701584890028,-0.07693758207729688,0.26127363507778534,-0.10833435380971278,-0.08411012018556763,-0.14913017890116673
-0.07494370921601609,-0.12490137577962536,0.2442782028611854,0.6905538837173463,0.0779982130815311,0.105335912710986,0.24620316817189283,0.2601418646384052,-0.5260191610762475,0.11041284498166934,-0.4662968549653646,-0.07711730208216934,0.26147197594522587,-0.10861210291973393,-0.0842527987938617,-0.14936234788866434
-0.07497279617734551,-0.12532863665964622,0.24445008638076154,0.6910700153850265,0.07815080714516823,0.10536404248539359,0.2463538950335895,0.26026461914954196,-0.5267455068014463,0.11050639030402301,-0.4669235514417264,-0.07729702208704181,0.2616703168126663,-0.10888985202975512,-0.08439547740215579,-0.14959451687616196
-0.07493625536090052,-0.12479188545988527,0.2442341558107849,0.6904216192766617,0.07795910916727326,0.10532870414559159,0.2461645427487561,0.26011040743906316,-0.5258330269614416,0.11038887295957785,-0.4661362570712314,-0.07707124684585515,0.26142114890720514,-0.10854092664246216,-0.08421623582455494,-0.14930285202123644
-0.07489971454445554,-0.12425513426012426,0.2440182252408082,0.6897732231682968,0.07776741118937824,0.10529336580578957,0.2459751904639227,0.25995619572858425,-0.5249205471214369,0.11027135561513267,-0.4653489627007362,-0.07684547160466845,0.26117198100174394,-0.10819200125516919,-0.08403699424695406,-0.1490111871663109
-0.07486317372801056,-0.12371838306036324,0.24380229467083153,0.6891248270599318,0.07757571321148324,0.10525802746598757,0.24578583817908925,0.2598019840181054,-0.524008067281432,0.11015383827068749,-0.46456166833024104,-0.07661969636348175,0.2609228130962827,-0.1078430758678762,-0.08385775266935319,-0.14871952231138533
-0.07482663291156558,-0.12318163186060221,0.2435863641008548,0.688476430951567,0.07738401523358823,0.10522268912618557,0.2455964858942558,0.2596477723076266,-0.5230955874414273,0.11003632092624233,-0.4637743739597459,-0.07639392112229505,0.2606736451908215,-0.10749415048058321,-0.08367851109175231,-0.14842785745645976
-0.0747900920951206,-0.12264488066084127,0.24337043353087817,0.6878280348432021,0.07719231725569325,0.10518735078638355,0.24540713360942243,0.25949356059714773,-0.5221831076014226,0.10991880358179718,-0.46298707958925084,-0.0761681458811084,0.2604244772853603,-0.10714522509329029,-0.08349926951415147,-0.14813619260153424
