-0.03937853885448011,0.030867928737108575,-0.09825427828715752,-0.19634793509312704,0.10024531330891798,-0.05540463533053004,-0.10459015794039367,-0.2176752306497671,-0.27591003332332475,-0.08997713458560677,-0.15343910388636403,-0.09803830922891628,-0.15388656624962144,-0.16890414740001714,-0.09384239864061562,-0.05675608368627216
-0.040085177105046624,0.03142184617020603,-0.10001742728504405,-0.19987135077569673,0.10204419094340508,-0.05639885796352109,-0.10646700274935403,-0.22158135943596796,-0.2808611714034306,-0.09159175226376692,-0.15619253108536277,-0.09979758271486328,-0.1566480230513115,-0.17193509102322366,-0.09552637753707552,-0.057774557729539294
-0.04079181535561314,0.031975763603303495,-0.10178057628293058,-0.2033947664582664,0.1038430685778922,-0.05739308059651213,-0.1083438475583144,-0.22548748822216882,-0.28581230948353636,-0.0932063699419271,-0.15894595828436148,-0.10155685620081024,-0.15940947985300155,-0.1749660346464302,-0.0972103564335354,-0.05879303177280642
-0.041498453606179646,0.03252968103640095,-0.1035437252808171,-0.20691818214083604,0.1056419462123793,-0.05838730322950317,-0.11022069236727475,-0.2293936170083697,-0.29076344756364214,-0.09482098762008727,-0.16169938548336021,-0.10331612968675724,-0.16217093665469162,-0.1779969782696367,-0.09889433532999528,-0.059811505816073536
-0.04220509185674615,0.033083598469498404,-0.10530687427870361,-0.2104415978234057,0.10744082384686639,-0.05938152586249421,-0.1120975371762351,-0.23329974579457052,-0.2957145856437479,-0.09643560529824743,-0.16445281268235892,-0.10507540317270422,-0.16493239345638164,-0.1810279218928432,-0.10057831422645513,-0.06082997985934066
-0.04291173010731266,0.033637515902595866,-0.10707002327659013,-0.21396501350597535,0.10923970148135348,-0.06037574849548525,-0.11397438198519547,-0.23720587458077133,-0.3006657237238537,-0.09805022297640759,-0.16720623988135763,-0.10683467665865119,-0.16769385025807168,-0.1840588655160497,-0.10226229312291502,-0.06184845390260778
-0.043618368357879175,0.03419143333569332,-0.10883317227447666,-0.21748842918854502,0.11103857911584057,-0.06136997112847629,-0.11585122679415584,-0.2411120033669722,-0.3056168618039595,-0.09966484065456777,-0.16995966708035634,-0.10859395014459819,-0.17045530705976172,-0.1870898091392562,-0.10394627201937488,-0.06286692794587491
-0.04432500660844568,0.034745350768790775,-0.11059632127236318,-0.22101184487111472,0.11283745675032768,-0.06236419376146733,-0.11772807160311619,-0.24501813215317303,-0.3105679998840653,-0.10127945833272793,-0.17271309427935505,-0.11035322363054517,-0.1732167638614518,-0.1901207527624627,-0.10563025091583476,-0.06388540198914203
-0.045031644859012204,0.035299268201888244,-0.11235947027024971,-0.2245352605536844,0.1146363343848148,-0.06335841639445838,-0.11960491641207657,-0.24892426093937392,-0.31551913796417114,-0.10289407601088812,-0.17546652147835382,-0.11211249711649217,-0.17597822066314187,-0.19315169638566926,-0.10731422981229466,-0.06490387603240916
-0.045738283109578705,0.0358531856349857,-0.11412261926813622,-0.22805867623625403,0.11643521201930188,-0.06435263902744942,-0.1214817612210369,-0.2528303897255747,-0.3204702760442769,-0.10450869368904828,-0.17821994867735252,-0.11387177060243914,-0.17873967746483188,-0.1961826400088757,-0.10899820870875451,-0.06592235007567628
-0.04644492136014522,0.03640710306808315,-0.11588576826602276,-0.2315820919188237,0.118234089653789,-0.06534686166044047,-0.12335860602999726,-0.2567365185117756,-0.3254214141243827,-0.10612331136720846,-0.18097337587635123,-0.11563104408838613,-0.18150113426652192,-0.19921358363208225,-0.1106821876052144,-0.06694082411894339
-0.04764243010644353,0.03757968886005638,-0.11858600314901359,-0.23734685027075067,0.12124042363232211,-0.0669150274445886,-0.1263686455353331,-0.2629383813324246,-0.3333693690431933,-0.10875449832196045,-0.1853588564776473,-0.11840309698279715,-0.18594832738682926,-0.2040201773149967,-0.1132954434911038,-0.06849754773656505
-0.05013471276759562,0.0424712805884454,-0.12119067578422923,-0.24718337593255962,0.12705558831190186,-0.06895569323927314,-0.13084563158623724,-0.2714684448912799,-0.3452731196599616,-0.11312979977830356,-0.19154494209967024,-0.12197873780972517,-0.19276700249016934,-0.21056725727169373,-0.11621362441851399,-0.06996376956588023
-0.05262699542874767,0.04736287231683432,-0.12379534841944485,-0.25701990159436844,0.13287075299148146,-0.07099635903395765,-0.1353226176371412,-0.27999850845013513,-0.3571768702767297,-0.11750510123464655,-0.197731027721693,-0.1255543786366531,-0.19958567759350931,-0.21711433722839066,-0.11913180534592413,-0.07142999139519536
-0.05511927808989976,0.05225446404522334,-0.1264000210546605,-0.2668564272561775,0.1386859176710612,-0.07303702482864219,-0.1397996036880453,-0.28852857200899046,-0.36908062089349797,-0.12188040269098964,-0.2039171133437159,-0.12913001946358113,-0.20640435269684942,-0.22366141718508764,-0.12204998627333433,-0.07289621322451052
-0.05761156075105183,0.057146055773612314,-0.12900469368987616,-0.27669295291798635,0.14450108235064085,-0.07507769062332673,-0.14427658973894936,-0.29705863556784573,-0.38098437151026615,-0.12625570414733267,-0.21010319896573876,-0.13270566029050912,-0.21322302780018945,-0.23020849714178465,-0.1249681672007445,-0.07436243505382568
-0.06010384341220391,0.062037647502001275,-0.13160936632509176,-0.28652947857979527,0.15031624703022053,-0.07711835641801124,-0.14875357578985338,-0.305588699126701,-0.39288812212703433,-0.13063100560367574,-0.2162892845877616,-0.1362813011174371,-0.22004170290352945,-0.23675557709848163,-0.12788634812815464,-0.07582865688314085
-0.06259612607335598,0.06692923923039025,-0.1342140389603074,-0.29636600424160414,0.1561314117098002,-0.07915902221269576,-0.15323056184075742,-0.3141187626855563,-0.4047918727438025,-0.1350063070600188,-0.22247537020978445,-0.13985694194436507,-0.2268603780068695,-0.2433026570551786,-0.13080452905556483,-0.07729487871245601
-0.06508840873450804,0.07182083095877922,-0.13681871159552306,-0.30620252990341307,0.16194657638937987,-0.08119968800738028,-0.15770754789166147,-0.32264882624441155,-0.4166956233605707,-0.13938160851636183,-0.22866145583180728,-0.1434325827712931,-0.23367905311020956,-0.24984973701187557,-0.13372270998297497,-0.07876110054177117
-0.06758069139566011,0.07671242268716819,-0.13942338423073866,-0.31603905556522194,0.1677617410689595,-0.08324035380206482,-0.16218453394256552,-0.3311788898032668,-0.4285993739773389,-0.14375690997270488,-0.23484754145383013,-0.14700822359822105,-0.24049772821354956,-0.2563968169685725,-0.13664089091038517,-0.0802273223710863
-0.07007297405681219,0.08160401441555716,-0.14202805686595432,-0.32587558122703086,0.17357690574853918,-0.08528101959674933,-0.16666151999346954,-0.3397089533621221,-0.44050312459410707,-0.1481322114290479,-0.24103362707585296,-0.15058386442514904,-0.2473164033168896,-0.2629438969252695,-0.1395590718377953,-0.08169354420040147
-0.07322386452510299,0.08778825266108033,-0.14532103735618693,-0.33831149607409094,0.18092877929243292,-0.08786094943442924,-0.172321589332452,-0.3504931619033345,-0.45555254693288283,-0.15366372511711307,-0.2488544407123979,-0.15510440006711787,-0.25593697381813213,-0.2712211008525152,-0.14324840796818206,-0.08354722815784371
-0.07637475499339379,0.0939724909066035,-0.14861401784641956,-0.350747410921151,0.1882806528363266,-0.09044087927210917,-0.17798165867143445,-0.3612773704445469,-0.4706019692716586,-0.15919523880517825,-0.2566752543489428,-0.15962493570908667,-0.2645575443193747,-0.27949830477976084,-0.14693774409856875,-0.08540091211528594
-0.07952564546168456,0.10015672915212663,-0.15190699833665217,-0.36318332576821105,0.19563252638022025,-0.09302080910978905,-0.18364172801041684,-0.37206157898575926,-0.48565139161043436,-0.1647267524932433,-0.26449606798548764,-0.16414547135105542,-0.2731781148206172,-0.2877755087070065,-0.15062708022895543,-0.08725459607272815
-0.08267653592997538,0.10634096739764985,-0.1551999788268848,-0.37561924061527124,0.20298439992411402,-0.095600738947469,-0.18930179734939934,-0.38284578752697174,-0.5007008139492103,-0.17025826618130857,-0.2723168816220326,-0.16866600699302428,-0.28179868532185987,-0.29605271263425226,-0.1543164163593422,-0.08910828003017039
-0.08582742639826617,0.11252520564317299,-0.1584929593171174,-0.38805515546233127,0.21033627346800762,-0.09818066878514888,-0.1949618666883817,-0.393629996068184,-0.5157502362879859,-0.17578977986937366,-0.28013769525857746,-0.17318654263499306,-0.29041925582310235,-0.3043299165614978,-0.15800575248972887,-0.09096196398761261
-0.08897831686655693,0.11870944388869611,-0.16178593980734998,-0.40049107030939124,0.2176881470119013,-0.10076059862282878,-0.20062193602736414,-0.4044142046093963,-0.5307996586267616,-0.18132129355743878,-0.28795850889512226,-0.17770707827696186,-0.29903982632434484,-0.31260712048874345,-0.16169508862011553,-0.09281564794505483
-0.09212920733484772,0.1248936821342193,-0.1650789202975826,-0.4129269851564514,0.22504002055579497,-0.1033405284605087,-0.20628200536634658,-0.41519841315060874,-0.5458490809655374,-0.18685280724550396,-0.29577932253166717,-0.18222761391893066,-0.30766039682558743,-0.32088432441598913,-0.16538442475050227,-0.09466933190249704
-0.09528009780313855,0.1310779203797425,-0.16837190078781525,-0.4253629000035115,0.23239189409968872,-0.10592045829818864,-0.21194207470532905,-0.4259826216918212,-0.5608985033043133,-0.19238432093356916,-0.30360013616821213,-0.1867481495608995,-0.3162809673268301,-0.3291615283432348,-0.16907376088088902,-0.09652301585993929
-0.09843098827142932,0.13726215862526564,-0.17166488127804785,-0.43779881485057154,0.2397437676435824,-0.10850038813586853,-0.21760214404431147,-0.43676683023303353,-0.575947925643089,-0.1979158346216343,-0.311420949804757,-0.19126868520286827,-0.3249015378280726,-0.3374387322704805,-0.1727630970112757,-0.09837669981738152
-0.1015818787397201,0.1434463968707888,-0.1749578617682805,-0.4502347296976316,0.24709564118747607,-0.11108031797354843,-0.22326221338329388,-0.4475510387742459,-0.5909973479818648,-0.20344734830969943,-0.3192417634413019,-0.19578922084483708,-0.33352210832931517,-0.3457159361977261,-0.17645243314166245,-0.10023038377482375
-0.10525521163555737,0.15065603046852472,-0.1787968443295129,-0.4647326170590786,0.25566651320178313,-0.1140880204744997,-0.229860766746173,-0.4601233539304415,-0.6085420829374917,-0.20989603048339808,-0.32835932950475083,-0.20105929685908094,-0.34357203723727747,-0.3553655656524745,-0.18075349022629728,-0.10239142311525247
-0.10892854453139467,0.15786566406626068,-0.1826358268907453,-0.4792305044205256,0.2642373852160902,-0.11709572297545097,-0.2364593201090522,-0.4726956690866372,-0.6260868178931187,-0.2163447126570968,-0.33747689556819993,-0.20632937287332478,-0.3536219661452399,-0.365015195107223,-0.1850545473109321,-0.10455246245568123
-0.11260187742723189,0.16507529766399656,-0.1864748094519777,-0.49372839178197253,0.2728082572303972,-0.12010342547640221,-0.2430578734719313,-0.4852679842428328,-0.6436315528487455,-0.22279339483079535,-0.34659446163164886,-0.21159944888756857,-0.36367189505320213,-0.3746648245619714,-0.1893556043955669,-0.10671350179610997
-0.11627521032306916,0.17228493126173244,-0.19031379201321014,-0.5082262791434194,0.28137912924470426,-0.12311112797735348,-0.24965642683481046,-0.49784029939902835,-0.6611762878043725,-0.229242077004494,-0.3557120276950978,-0.2168695249018124,-0.37372182396116443,-0.3843144540167198,-0.19365666148020172,-0.10887454113653869
-0.11994854321890641,0.1794945648594684,-0.19415277457444255,-0.5227241665048664,0.28995000125901127,-0.12611883047830474,-0.2562549801976896,-0.510412614555224,-0.6787210227599993,-0.23569075917819265,-0.3648295937585468,-0.22213960091605622,-0.38377175286912674,-0.39396408347146816,-0.19795771856483654,-0.11103558047696742
-0.12362187611474366,0.1867041984572043,-0.19799175713567496,-0.5372220538663134,0.2985208732733183,-0.12912653297925597,-0.26285353356056873,-0.5229849297114196,-0.6962657577156264,-0.2421394413518913,-0.3739471598219958,-0.2274096769303001,-0.39382168177708915,-0.4036137129262166,-0.20225877564947137,-0.11319661981739618
-0.12729520901058092,0.19391383205494017,-0.20183073969690735,-0.5517199412277602,0.3070917452876253,-0.13213423548020725,-0.26945208692344785,-0.5355572448676151,-0.7138104926712531,-0.24858812352558993,-0.38306472588544466,-0.23267975294454388,-0.40387161068505134,-0.413263342380965,-0.20655983273410616,-0.1153576591578249
-0.1309685419064182,0.2011234656526762,-0.20566972225813981,-0.5662178285892074,0.31566261730193246,-0.13514193798115853,-0.27605064028632703,-0.5481295600238109,-0.7313552276268804,-0.25503680569928866,-0.39218229194889376,-0.23794982895878777,-0.4139215395930138,-0.4229129718357135,-0.21086088981874102,-0.11751869849825367
-0.13464187480225545,0.20833309925041207,-0.2095087048193722,-0.5807157159506542,0.3242334893162394,-0.13814964048210976,-0.28264919364920615,-0.5607018751800064,-0.748899962582507,-0.26148548787298725,-0.4012998580123427,-0.24321990497303156,-0.42397146850097606,-0.4325626012904619,-0.21516194690337584,-0.11967973783868237
-0.13831520769809272,0.21554273284814796,-0.2133476873806046,-0.5952136033121013,0.3328043613305464,-0.14115734298306104,-0.28924774701208533,-0.573274190336202,-0.7664446975381342,-0.2679341700466859,-0.4104174240757916,-0.24848998098727543,-0.43402139740893836,-0.44221223074521027,-0.21946300398801064,-0.1218407771791111
-0.14242708011892807,0.2236130859567522,-0.21764498549248767,-0.6114423157354885,0.3423984638139006,-0.1445241189640112,-0.29663406629204503,-0.5873474468100148,-0.7860840043585591,-0.27515272581951367,-0.42062348748047945,-0.25438922312871926,-0.44527113346058683,-0.45301387773757107,-0.224277541223879,-0.12425981142300417
-0.14653895253976348,0.23168343906535646,-0.22194228360437085,-0.627671028158876,0.35199256629725484,-0.1478908949449614,-0.3040203855720049,-0.6014207032838278,-0.8057233111789844,-0.2823712815923415,-0.43082955088516733,-0.2602884652701632,-0.4565208695122353,-0.46381552472993204,-0.22909207845974733,-0.12667884566689724
-0.1506508249605988,0.23975379217396062,-0.22623958171625386,-0.6438997405822632,0.3615866687806089,-0.15125767092591155,-0.3114067048519646,-0.6154939597576403,-0.8253626179994094,-0.28958983736516913,-0.44103561428985494,-0.26618770741160697,-0.46777060556388356,-0.4746171717222928,-0.23390661569561563,-0.12909787991079028
-0.15476269738143422,0.2478241452825649,-0.23053687982813698,-0.6601284530056506,0.37118077126396315,-0.15462444690686175,-0.31879302413192445,-0.6295672162314534,-0.8450019248198347,-0.296808393137997,-0.45124167769454276,-0.2720869495530509,-0.47902034161553203,-0.4854188187146537,-0.238721152931484,-0.13151691415468336
-0.1707833784393838,0.289232415308935,-0.23126928498255114,-0.6903862870499688,0.39667633565678106,-0.15800551000285223,-0.3355992813168354,-0.650598087560657,-0.8724082208213061,-0.3124956410395031,-0.4652495770724387,-0.27861286615924385,-0.49816886228412477,-0.49923158602440276,-0.24158822264267316,-0.13023932897883894
-0.1944666833837163,0.35209169074487945,-0.22970788940838816,-0.7296710427380265,0.4324035634820035,-0.16139576602420672,-0.3584667192124489,-0.6761057783104881,-0.90481212142266,-0.33363199846733027,-0.4817037361920206,-0.28554201123848544,-0.5223997902298454,-0.5149818336625269,-0.2432022105698412,-0.1265831847776803
-0.21814998832804883,0.41495096618082383,-0.22814649383422508,-0.7689557984260841,0.468130791307226,-0.16478602204556117,-0.3813341571080624,-0.7016134690603192,-0.9372160220240141,-0.35476835589515743,-0.4981578953116025,-0.2924711563177271,-0.546630718175566,-0.5307320813006511,-0.24481619849700922,-0.12292704057652168
-0.24183329327238162,0.4778102416167691,-0.226585098260062,-0.8082405541141423,0.5038580191324489,-0.16817627806691568,-0.4042015950036762,-0.7271211598101508,-0.9696199226253683,-0.3759047133229849,-0.5146120544311846,-0.2994003013969688,-0.5708616461212868,-0.5464823289387755,-0.24643018642417724,-0.11927089637536299
-0.26551659821671414,0.5406695170527135,-0.22502370268589897,-0.8475253098022,0.5395852469576714,-0.1715665340882701,-0.4270690328992896,-0.7526288505599819,-1.0,-0.39704107075081213,-0.5310662135507664,-0.3063294464762104,-0.5950925740670073,-0.5622325765768996,-0.2480441743513453,-0.11561475217420437
-0.28919990316104666,0.603528792488658,-0.2234623071117359,-0.8868100654902576,0.5753124747828938,-0.17495679010962462,-0.4499364707949032,-0.7781365413098129,-1.0,-0.4181774281786393,-0.5475203726703484,-0.31325859155545205,-0.6193235020127278,-0.5779828242150238,-0.24965816227851334,-0.11195860797304574
-0.31507783569461106,0.6722129602035772,-0.22175622388469599,-0.9297351665132209,0.6143503875001238,-0.1786612062288418,-0.4749229334726878,-0.8060079174485185,-1.0,-0.44127239878380836,-0.5654992662662344,-0.3208298299994684,-0.64579980335998,-0.5951925779518578,-0.2514217113603418,-0.10796366498713418
-0.3409557682281754,0.7408971279184965,-0.22005014065765605,-0.9726602675361841,0.6533883002173536,-0.18236562234805895,-0.4999093961504726,-0.8338792935872239,-1.0,-0.4643673693889774,-0.5834781598621203,-0.3284010684434848,-0.6722761047072322,-0.612402331688692,-0.2531852604421703,-0.10396872200122263
-0.3668337007617395,0.809581295633415,-0.21834405743061616,-1.0,0.6924262129345832,-0.18607003846727607,-0.5248958588282571,-0.8617506697259291,-1.0,-0.48746233999414623,-0.601457053458006,-0.3359723068875012,-0.6987524060544843,-0.6296120854255259,-0.25494880952399873,-0.09997377901531111
-0.3927116332953039,0.8782654633483341,-0.21663797420357625,-1.0,0.731464125651813,-0.18977445458649328,-0.5498823215060418,-0.8896220458646346,-1.0,-0.5105573105993153,-0.6194359470538919,-0.34354354533151754,-0.7252287074017364,-0.64682183916236,-0.25671235860582725,-0.09597883602939956
-0.4185895658288682,0.9469496310632535,-0.21493189097653634,-1.0,0.7705020383690429,-0.19347887070571043,-0.5748687841838265,-0.9174934220033402,-1.0,-0.5336522812044843,-0.6374148406497779,-0.35111478377553396,-0.7517050087489886,-0.6640315928991941,-0.2584759076876557,-0.09198389304348802
-0.44446749836243254,1.0156337987781727,-0.2132258077494964,-1.0,0.8095399510862729,-0.19718328682492764,-0.5998552468616113,-0.9453647981420455,-1.0,-0.5567472518096533,-0.6553937342456638,-0.35868602221955037,-0.7781813100962408,-0.6812413466360283,-0.26023945676948423,-0.08798895005757645
-0.4703454308959967,1.0843179664930913,-0.2115197245224565,-1.0,0.8485778638035022,-0.20088770294414476,-0.6248417095393958,-0.9732361742807507,-1.0,-0.5798422224148222,-0.6733726278415496,-0.3662572606635667,-0.8046576114434927,-0.6984511003728622,-0.26200300585131264,-0.08399400707166495
-0.496223363429561,1.1530021342080103,-0.20981364129541652,-1.0,0.8876157765207321,-0.20459211906336194,-0.6498281722171805,-1.0,-1.0,-0.6029371930199912,-0.6913515214374354,-0.3738284991075831,-0.8311339127907451,-0.7156608541096964,-0.26376655493314116,-0.0799990640857534
-0.5221012959631257,1.2216863019229303,-0.2081075580683766,-1.0,0.9266536892379623,-0.20829653518257918,-0.6748146348949655,-1.0,-1.0,-0.6260321636251605,-0.7093304150333216,-0.3813997375515996,-0.8576102141379975,-0.7328706078465307,-0.2655301040149697,-0.0760041210998418
-0.5479792284966898,1.2903704696378488,-0.2064014748413367,-1.0,0.9656916019551918,-0.2120009513017963,-0.6998010975727499,-1.0,-1.0,-0.6491271342303293,-0.7273093086292073,-0.3889709759956159,-0.8840865154852493,-0.7500803615833647,-0.26729365309679814,-0.07200917811393028
-0.5753858060809094,1.363111905563805,-0.2045946109326238,-1.0,1.0070355378443154,-0.21592419237385171,-0.7262635449512536,-1.0,-1.0,-0.6735863564991438,-0.746350240186432,-0.39698945790314183,-0.9121268083515938,-0.768306719132682,-0.2691613774473436,-0.06777824835376066
-0.6027923836651288,1.4358533414897605,-0.2027877470239109,-1.0,1.0483794737334389,-0.21984743344590715,-0.7527259923297569,-1.0,-1.0,-0.6980455787679581,-0.7653911717436566,-0.4050079398106676,-0.9401671012179379,-0.7865330766819993,-0.2710291017978891,-0.0635473185935911
-0.6301989612493485,1.5085947774157165,-0.20098088311519796,-1.0,1.0897234096225625,-0.22377067451796256,-0.7791884397082608,-1.0,-1.0,-0.7225048010367726,-0.7844321033008812,-0.4130264217181936,-0.9682073940842822,-0.8047594342313167,-0.2728968261484346,-0.059316388833421475
-0.6576055388335681,1.5813362133416726,-0.19917401920648506,-1.0,1.1310673455116862,-0.227693915590018,-0.8056508870867645,-1.0,-1.0,-0.7469640233055871,-0.8034730348581058,-0.4210449036257195,-0.9962476869506267,-0.822985791780634,-0.2747645504989801,-0.05508545907325185
-0.6850121164177874,1.6540776492676281,-0.19736715529777216,-1.0,1.1724112814008096,-0.23161715666207341,-0.8321133344652678,-1.0,-1.0,-0.7714232455744015,-0.8225139664153305,-0.4290633855332453,-1.0,-0.8412121493299513,-0.2766322748495255,-0.05085452931308228
-0.7124186940020071,1.726819085193584,-0.19556029138905923,-1.0,1.2137552172899333,-0.23554039773412885,-0.8585757818437715,-1.0,-1.0,-0.7958824678432159,-0.8415548979725551,-0.43708186744077127,-1.0,-0.8594385068792688,-0.27849999920007107,-0.04662359955291266
-0.7398252715862265,1.7995605211195393,-0.1937534274803463,-1.0,1.2550991531790567,-0.23946363880618424,-0.8850382292222748,-1.0,-1.0,-0.8203416901120302,-0.8605958295297796,-0.4451003493482971,-1.0,-0.8776648644285859,-0.2803677235506165,-0.04239266979274309
-0.7672318491704463,1.8723019570454964,-0.19194656357163337,-1.0,1.2964430890681808,-0.24338687987823973,-0.9115006766007789,-1.0,-1.0,-0.844800912380845,-0.8796367610870044,-0.45311883125582303,-1.0,-0.8958912219779036,-0.28223544790116206,-0.03816174003257342
-0.7946384267546657,1.9450433929714515,-0.19013969966292044,-1.0,1.337787024957304,-0.24731012095029514,-0.9379631239792822,-1.0,-1.0,-0.8692601346496593,-0.8986776926442289,-0.4611373131633488,-1.0,-0.9141175795272208,-0.2841031722517075,-0.03393081027240385
-0.8220450043388853,2.017784828897408,-0.18833283575420753,-1.0,1.379130960846428,-0.2512333620223506,-0.964425571357786,-1.0,-1.0,-0.8937193569184738,-0.9177186242014537,-0.4691557950708748,-1.0,-0.9323439370765384,-0.285970896602253,-0.029699880512234232
-0.8500745292747492,2.09217966662903,-0.18648490210290253,-1.0,1.4214146381275419,-0.2552457777689231,-0.9914895061515573,-1.0,-1.0,-0.9187345335996484,-0.9371923532449739,-0.4773565358559695,-1.0,-0.9509845769685006,-0.2878810740440026,-0.025372782360334866
-0.8781040542106134,2.166574504360653,-0.18463696845159747,-1.0,1.4636983154086562,-0.2592581935154956,-1.0,-1.0,-1.0,-0.9437497102808234,-0.9566660822884943,-0.4855572766410642,-1.0,-0.9696252168604631,-0.28979125148575213,-0.021045684208435462
-0.9061335791464772,2.2409693420922747,-0.18278903480029243,-1.0,1.50598199268977,-0.263270609262068,-1.0,-1.0,-1.0,-0.9687648869619978,-0.9761398113320143,-0.4937580174261588,-1.0,-0.9882658567524254,-0.29170142892750167,-0.016718586056536148
-0.9341631040823415,2.3153641798238978,-0.1809411011489874,-1.0,1.5482656699708843,-0.2672830250086406,-1.0,-1.0,-1.0,-0.9937800636431728,-0.9956135403755348,-0.5019587582112536,-1.0,-1.0,-0.29361160636925127,-0.012391487904636742
-0.9621926290182055,2.38975901755552,-0.17909316749768237,-1.0,1.590549347251998,-0.2712954407552131,-1.0,-1.0,-1.0,-1.0,-1.0,-0.5101594989963483,-1.0,-1.0,-0.29552178381100075,-0.008064389752737378
-0.9902221539540694,2.4641538552871425,-0.17724523384637736,-1.0,1.6328330245331122,-0.2753078565017856,-1.0,-1.0,-1.0,-1.0,-1.0,-0.518360239781443,-1.0,-1.0,-0.29743196125275034,-0.0037372916008380176
-1.0,2.5385486930187646,-0.17539730019507233,-1.0,1.6751167018142263,-0.2793202722483581,-1.0,-1.0,-1.0,-1.0,-1.0,-0.5265609805665377,-1.0,-1.0,-0.2993421386944999,0.0005898065510613426
-1.0,2.6129435307503877,-0.17354936654376726,-1.0,1.7174003790953407,-0.2833326879949306,-1.0,-1.0,-1.0,-1.0,-1.0,-0.5347617213516324,-1.0,-1.0,-0.3012523161362495,0.004916904702960752
-1.0,2.6873383684820102,-0.17170143289246223,-1.0,1.7596840563764544,-0.2873451037415031,-1.0,-1.0,-1.0,-1.0,-1.0,-0.542962462136727,-1.0,-1.0,-0.303162493577999,0.009244002854860111
-1.0,2.7617332062136324,-0.1698534992411572,-1.0,1.8019677336575686,-0.2913575194880756,-1.0,-1.0,-1.0,-1.0,-1.0,-0.5511632029218217,-1.0,-1.0,-0.30507267101974855,0.013571101006759472
-1.0,2.83555094474215,-0.16801990046939594,-1.0,1.843923405969422,-0.2953388099307899,-1.0,-1.0,-1.0,-1.0,-1.0,-0.5593003285272043,-1.0,-1.0,-0.306968030741438,0.01786463278535444
-1.0,2.9093686832706673,-0.16618630169763463,-1.0,1.8858790782812762,-0.2993201003735043,-1.0,-1.0,-1.0,-1.0,-1.0,-0.567437454132587,-1.0,-1.0,-0.3088633904631275,0.02215816456394945
-1.0,2.9831864217991835,-0.16435270292587337,-1.0,1.9278347505931293,-0.30330139081621865,-1.0,-1.0,-1.0,-1.0,-1.0,-0.5755745797379694,-1.0,-1.0,-0.3107587501848169,0.026451696342544385
-1.0,3.0570041603277014,-0.1625191041541121,-1.0,1.9697904229049827,-0.307282681258933,-1.0,-1.0,-1.0,-1.0,-1.0,-0.583711705343352,-1.0,-1.0,-0.3126541099065064,0.03074522812113935
-1.0,3.130821898856218,-0.1606855053823508,-1.0,2.0117460952168362,-0.3112639717016474,-1.0,-1.0,-1.0,-1.0,-1.0,-0.5918488309487345,-1.0,-1.0,-0.31454946962819585,0.03503875989973432
-1.0,3.2046396373847346,-0.15885190661058954,-1.0,2.0537017675286897,-0.31524526214436166,-1.0,-1.0,-1.0,-1.0,-1.0,-0.599985956554117,-1.0,-1.0,-0.3164448293498853,0.03933229167832925
-1.0,3.278457375913251,-0.15701830783882825,-1.0,2.095657439840543,-0.319226552587076,-1.0,-1.0,-1.0,-1.0,-1.0,-0.6081230821594996,-1.0,-1.0,-0.31834018907157474,0.04362582345692422
-1.0,3.352275114441769,-0.15518470906706697,-1.0,2.1376131121523976,-0.32320784302979044,-1.0,-1.0,-1.0,-1.0,-1.0,-0.6162602077648822,-1.0,-1.0,-0.32023554879326427,0.04791935523551923
-1.0,3.4260928529702857,-0.15335111029530568,-1.0,2.1795687844642506,-0.3271891334725047,-1.0,-1.0,-1.0,-1.0,-1.0,-0.6243973333702647,-1.0,-1.0,-0.3221309085149537,0.05221288701411417
-1.0,3.499910591498803,-0.15151751152354442,-1.0,2.221524456776104,-0.33117042391521906,-1.0,-1.0,-1.0,-1.0,-1.0,-0.6325344589756473,-1.0,-1.0,-0.32402626823664316,0.05650641879270913
-1.0,3.567743575314322,-0.1498325713142072,-1.0,2.260078583434966,-0.3348289322297374,-1.0,-1.0,-1.0,-1.0,-1.0,-0.6400118691550654,-1.0,-1.0,-0.32576796214231973,0.06045185355479327
-1.0,3.6355765591298406,-0.14814763110487003,-1.0,2.2986327100938273,-0.3384874405442558,-1.0,-1.0,-1.0,-1.0,-1.0,-0.6474892793344835,-1.0,-1.0,-0.3275096560479963,0.06439728831687738
-1.0,3.703409542945359,-0.14646269089553282,-1.0,2.337186836752689,-0.3421459488587742,-1.0,-1.0,-1.0,-1.0,-1.0,-0.6549666895139016,-1.0,-1.0,-0.32925134995367294,0.06834272307896153
-1.0,3.7712425267608785,-0.14477775068619564,-1.0,2.3757409634115505,-0.34580445717329256,-1.0,-1.0,-1.0,-1.0,-1.0,-0.6624440996933199,-1.0,-1.0,-0.3309930438593496,0.07228815784104564
-1.0,3.839075510576397,-0.14309281047685843,-1.0,2.414295090070412,-0.3494629654878109,-1.0,-1.0,-1.0,-1.0,-1.0,-0.6699215098727379,-1.0,-1.0,-0.3327347377650261,0.07623359260312979
-1.0,3.9069084943919155,-0.14140787026752125,-1.0,2.452849216729274,-0.3531214738023292,-1.0,-1.0,-1.0,-1.0,-1.0,-0.6773989200521561,-1.0,-1.0,-0.33447643167070273,0.08017902736521389
-1.0,3.9747414782074344,-0.13972293005818404,-1.0,2.4914033433881353,-0.3567799821168476,-1.0,-1.0,-1.0,-1.0,-1.0,-0.6848763302315741,-1.0,-1.0,-0.33621812557637937,0.08412446212729804
-1.0,4.042574462022953,-0.13803798984884683,-1.0,2.529957470046997,-0.36043849043136594,-1.0,-1.0,-1.0,-1.0,-1.0,-0.6923537404109922,-1.0,-1.0,-0.33795981948205595,0.08806989688938216
-1.0,4.110407445838472,-0.13635304963950964,-1.0,2.5685115967058585,-0.36409699874588436,-1.0,-1.0,-1.0,-1.0,-1.0,-0.6998311505904105,-1.0,-1.0,-0.3397015133877326,0.09201533165146629
-1.0,4.178240429653991,-0.13466810943017243,-1.0,2.6070657233647205,-0.3677555070604027,-1.0,-1.0,-1.0,-1.0,-1.0,-0.7073085607698286,-1.0,-1.0,-0.3414432072934092,0.0959607664135504
-1.0,4.240720223132968,-0.1331161400137876,-1.0,2.642577265625034,-0.37112529607858735,-1.0,-1.0,-1.0,-1.0,-1.0,-0.7141958745438802,-1.0,-1.0,-0.34304745156233624,0.09959483844243554
-1.0,4.303200016611944,-0.1315641705974028,-1.0,2.6780888078853478,-0.3744950850967718,-1.0,-1.0,-1.0,-1.0,-1.0,-0.7210831883179317,-1.0,-1.0,-0.34465169583126326,0.10322891047132057
-1.0,4.36567981009092,-0.13001220118101803,-1.0,2.713600350145661,-0.3778648741149563,-1.0,-1.0,-1.0,-1.0,-1.0,-0.7279705020919832,-1.0,-1.0,-0.34625594010019023,0.1068629825002056
-1.0,4.428159603569896,-0.12846023176463317,-1.0,2.7491118924059754,-0.3812346631331409,-1.0,-1.0,-1.0,-1.0,-1.0,-0.7348578158660348,-1.0,-1.0,-0.3478601843691173,0.11049705452909073
-1.0,4.490639397048873,-0.12690826234824837,-1.0,2.7846234346662886,-0.3846044521513254,-1.0,-1.0,-1.0,-1.0,-1.0,-0.7417451296400864,-1.0,-1.0,-0.3494644286380443,0.11413112655797576
-1.0,4.553119190527849,-0.12535629293186354,-1.0,2.8201349769266026,-0.38797424116951,-1.0,-1.0,-1.0,-1.0,-1.0,-0.748632443414138,-1.0,-1.0,-0.3510686729069714,0.1177651985868609
-1.0,4.615598984006826,-0.12380432351547874,-1.0,2.8556465191869167,-0.3913440301876945,-1.0,-1.0,-1.0,-1.0,-1.0,-0.7555197571881895,-1.0,-1.0,-0.3526729171758983,0.12139927061574593
-1.0,4.678078777485803,-0.12225235409909391,-1.0,2.8911580614472303,-0.3947138192058791,-1.0,-1.0,-1.0,-1.0,-1.0,-0.7624070709622413,-1.0,-1.0,-0.35427716144482546,0.12503334264463106
-1.0,4.74055857096478,-0.12070038468270906,-1.0,2.9266696037075444,-0.3980836082240637,-1.0,-1.0,-1.0,-1.0,-1.0,-0.7692943847362929,-1.0,-1.0,-0.3558814057137525,0.12866741467351617
-1.0,4.803038364443756,-0.11914841526632426,-1.0,2.9621811459678575,-0.4014533972422482,-1.0,-1.0,-1.0,-1.0,-1.0,-0.7761816985103444,-1.0,-1.0,-0.35748564998267945,0.1323014867024012
-1.0,4.860765204390745,-0.11771450703593914,-1.0,2.9949912594811434,-0.40456684017277444,-1.0,-1.0,-1.0,-1.0,-1.0,-0.7825450815780741,-1.0,-1.0,-0.35896785642081996,0.13565910814585025
-1.0,4.918492044337736,-0.11628059880555394,-1.0,3.02780137299443,-0.4076802831033008,-1.0,-1.0,-1.0,-1.0,-1.0,-0.7889084646458039,-1.0,-1.0,-0.3604500628589604,0.13901672958929936
-1.0,4.976218884284725,-0.1148466905751688,-1.0,3.060611486507716,-0.4107937260338271,-1.0,-1.0,-1.0,-1.0,-1.0,-0.7952718477135338,-1.0,-1.0,-0.36193226929710093,0.1423743510327484
-1.0,5.033945724231713,-0.11341278234478366,-1.0,3.0934216000210015,-0.41390716896435337,-1.0,-1.0,-1.0,-1.0,-1.0,-0.8016352307812633,-1.0,-1.0,-0.3634144757352413,0.14573197247619743
-1.0,5.091672564178703,-0.11197887411439851,-1.0,3.1262317135342874,-0.41702061189487966,-1.0,-1.0,-1.0,-1.0,-1.0,-0.8079986138489932,-1.0,-1.0,-0.3648966821733818,0.14908959391964646
-1.0,5.149399404125693,-0.11054496588401333,-1.0,3.159041827047574,-0.42013405482540606,-1.0,-1.0,-1.0,-1.0,-1.0,-0.814361996916723,-1.0,-1.0,-0.36637888861152235,0.15244721536309558
-1.0,5.207126244072682,-0.10911105765362819,-1.0,3.1918519405608596,-0.42324749775593234,-1.0,-1.0,-1.0,-1.0,-1.0,-0.8207253799844527,-1.0,-1.0,-0.36786109504966275,0.15580483680654464
-1.0,5.264853084019672,-0.10767714942324305,-1.0,3.224662054074146,-0.4263609406864586,-1.0,-1.0,-1.0,-1.0,-1.0,-0.8270887630521824,-1.0,-1.0,-0.3693433014878032,0.15916245824999364
-1.0,5.322579923966662,-0.10624324119285786,-1.0,3.257472167587432,-0.42947438361698487,-1.0,-1.0,-1.0,-1.0,-1.0,-0.8334521461199123,-1.0,-1.0,-0.37082550792594376,0.16252007969344276
-1.0,5.38030676391365,-0.10480933296247272,-1.0,3.2902822811007177,-0.43258782654751116,-1.0,-1.0,-1.0,-1.0,-1.0,-0.8398155291876421,-1.0,-1.0,-0.37230771436408416,0.16587770113689182
-1.0,5.4338072087582665,-0.10348040644817871,-1.0,3.3206902450560474,-0.4354733228250563,-1.0,-1.0,-1.0,-1.0,-1.0,-0.845713025484908,-1.0,-1.0,-0.37368140299600805,0.16898949871682695
-1.0,5.48730765360288,-0.10215147993388474,-1.0,3.351098209011376,-0.43835881910260127,-1.0,-1.0,-1.0,-1.0,-1.0,-0.8516105217821739,-1.0,-1.0,-0.3750550916279319,0.172101296296762
-1.0,5.540808098447494,-0.10082255341959076,-1.0,3.381506172966705,-0.44124431538014636,-1.0,-1.0,-1.0,-1.0,-1.0,-0.8575080180794395,-1.0,-1.0,-0.37642878025985566,0.17521309387669703
-1.0,5.594308543292109,-0.09949362690529676,-1.0,3.411914136922034,-0.4441298116576914,-1.0,-1.0,-1.0,-1.0,-1.0,-0.8634055143767057,-1.0,-1.0,-0.3778024688917796,0.17832489145663216
-1.0,5.647808988136725,-0.09816470039100274,-1.0,3.4423221008773637,-0.4470153079352366,-1.0,-1.0,-1.0,-1.0,-1.0,-0.8693030106739716,-1.0,-1.0,-0.3791761575237034,0.18143668903656732
-1.0,5.701309432981341,-0.09683577387670873,-1.0,3.4727300648326933,-0.44990080421278167,-1.0,-1.0,-1.0,-1.0,-1.0,-0.8752005069712376,-1.0,-1.0,-0.3805498461556273,0.18454848661650242
-1.0,5.754809877825954,-0.09550684736241476,-1.0,3.5031380287880216,-0.4527863004903267,-1.0,-1.0,-1.0,-1.0,-1.0,-0.8810980032685035,-1.0,-1.0,-0.38192353478755114,0.1876602841964375
-1.0,5.80831032267057,-0.09417792084812074,-1.0,3.533545992743351,-0.4556717967678718,-1.0,-1.0,-1.0,-1.0,-1.0,-0.8869954995657694,-1.0,-1.0,-0.38329722341947503,0.19077208177637262
-1.0,5.861810767515184,-0.09284899433382676,-1.0,3.56395395669868,-0.4585572930454168,-1.0,-1.0,-1.0,-1.0,-1.0,-0.8928929958630352,-1.0,-1.0,-0.38467091205139886,0.1938838793563077
-1.0,5.9153112123598,-0.09152006781953276,-1.0,3.594361920654009,-0.4614427893229619,-1.0,-1.0,-1.0,-1.0,-1.0,-0.8987904921603013,-1.0,-1.0,-0.38604460068332275,0.1969956769362428
-1.0,5.965027169957262,-0.09028514623286797,-1.0,3.622618901526206,-0.4641241728329255,-1.0,-1.0,-1.0,-1.0,-1.0,-0.9042708143650535,-1.0,-1.0,-0.3873211180277148,0.19988735376220682
-1.0,6.0147431275547225,-0.08905022464620319,-1.0,3.650875882398403,-0.46680555634288906,-1.0,-1.0,-1.0,-1.0,-1.0,-0.9097511365698057,-1.0,-1.0,-0.38859763537210684,0.20277903058817082
-1.0,6.064459085152184,-0.08781530305953844,-1.0,3.679132863270598,-0.4694869398528525,-1.0,-1.0,-1.0,-1.0,-1.0,-0.9152314587745576,-1.0,-1.0,-0.3898741527164989,0.20567070741413473
-1.0,6.114175042749648,-0.08658038147287363,-1.0,3.707389844142796,-0.4721683233628161,-1.0,-1.0,-1.0,-1.0,-1.0,-0.92071178097931,-1.0,-1.0,-0.391150670060891,0.20856238424009885
-1.0,6.163891000347109,-0.08534545988620888,-1.0,3.735646825014992,-0.47484970687277966,-1.0,-1.0,-1.0,-1.0,-1.0,-0.9261921031840621,-1.0,-1.0,-0.39242718740528304,0.21145406106606277
-1.0,6.213606957944571,-0.08411053829954404,-1.0,3.76390380588719,-0.47753109038274333,-1.0,-1.0,-1.0,-1.0,-1.0,-0.9316724253888142,-1.0,-1.0,-0.39370370474967514,0.21434573789202688
-1.0,6.263322915542033,-0.0828756167128793,-1.0,3.7921607867593856,-0.48021247389270677,-1.0,-1.0,-1.0,-1.0,-1.0,-0.9371527475935664,-1.0,-1.0,-0.39498022209406713,0.2172374147179908
-1.0,6.313038873139494,-0.08164069512621452,-1.0,3.8204177676315827,-0.4828938574026704,-1.0,-1.0,-1.0,-1.0,-1.0,-0.9426330697983185,-1.0,-1.0,-0.39625673943845924,0.2201290915439548
-1.0,6.362754830736957,-0.08040577353954972,-1.0,3.848674748503779,-0.4855752409126339,-1.0,-1.0,-1.0,-1.0,-1.0,-0.9481133920030707,-1.0,-1.0,-0.3975332567828513,0.2230207683699188
-1.0,6.41247078833442,-0.07917085195288495,-1.0,3.8769317293759764,-0.4882566244225975,-1.0,-1.0,-1.0,-1.0,-1.0,-0.9535937142078228,-1.0,-1.0,-0.39880977412724333,0.22591244519588283
-1.0,6.458763537886748,-0.07802096128415618,-1.0,3.9032430668586584,-0.4907533804196463,-1.0,-1.0,-1.0,-1.0,-1.0,-0.9586966870871707,-1.0,-1.0,-0.3999983964645945,0.22860501469589095
-1.0,6.505056287439077,-0.07687107061542742,-1.0,3.9295544043413404,-0.4932501364166951,-1.0,-1.0,-1.0,-1.0,-1.0,-0.9637996599665186,-1.0,-1.0,-0.4011870188019456,0.23129758419589908
-1.0,6.551349036991406,-0.07572117994669864,-1.0,3.955865741824023,-0.49574689241374387,-1.0,-1.0,-1.0,-1.0,-1.0,-0.9689026328458664,-1.0,-1.0,-0.4023756411392968,0.23399015369590725
-1.0,6.597641786543734,-0.07457128927796983,-1.0,3.9821770793067053,-0.4982436484107927,-1.0,-1.0,-1.0,-1.0,-1.0,-0.9740056057252144,-1.0,-1.0,-0.4035642634766479,0.23668272319591543
-1.0,6.6439345360960615,-0.0734213986092411,-1.0,4.008488416789387,-0.5007404044078414,-1.0,-1.0,-1.0,-1.0,-1.0,-0.9791085786045621,-1.0,-1.0,-0.4047528858139991,0.2393752926959235
-1.0,6.690227285648391,-0.07227150794051228,-1.0,4.034799754272069,-0.5032371604048903,-1.0,-1.0,-1.0,-1.0,-1.0,-0.9842115514839103,-1.0,-1.0,-0.4059415081513502,0.24206786219593174
-1.0,6.736520035200719,-0.07112161727178351,-1.0,4.061111091754752,-0.505733916401939,-1.0,-1.0,-1.0,-1.0,-1.0,-0.989314524363258,-1.0,-1.0,-0.4071301304887014,0.24476043169593986
-1.0,6.782812784753048,-0.06997172660305476,-1.0,4.087422429237434,-0.5082306723989879,-1.0,-1.0,-1.0,-1.0,-1.0,-0.9944174972426059,-1.0,-1.0,-0.4083187528260525,0.24745300119594799
-1.0,6.829105534305377,-0.06882183593432596,-1.0,4.113733766720116,-0.5107274283960366,-1.0,-1.0,-1.0,-1.0,-1.0,-0.9995204701219538,-1.0,-1.0,-0.4095073751634037,0.2501455706959561
-1.0,6.875398283857705,-0.06767194526559721,-1.0,4.140045104202798,-0.5132241843930855,-1.0,-1.0,-1.0,-1.0,-1.0,-1.0,-1.0,-1.0,-0.41069599750075475,0.25283814019596423
-1.0,6.918558787891043,-0.06659985813909235,-1.0,4.164576172210762,-0.5155520056679715,-1.0,-1.0,-1.0,-1.0,-1.0,-1.0,-1.0,-1.0,-0.41180419564585236,0.2553485259019111
-1.0,6.961719291924383,-0.06552777101258743,-1.0,4.1891072402187275,-0.5178798269428577,-1.0,-1.0,-1.0,-1.0,-1.0,-1.0,-1.0,-1.0,-0.41291239379095,0.25785891160785807
-1.0,7.00487979595772,-0.06445568388608254,-1.0,4.213638308226691,-0.5202076482177439,-1.0,-1.0,-1.0,-1.0,-1.0,-1.0,-1.0,-1.0,-0.41402059193604773,0.26036929731380487
-1.0,7.04804029999106,-0.06338359675957765,-1.0,4.238169376234656,-0.52253546949263,-1.0,-1.0,-1.0,-1.0,-1.0,-1.0,-1.0,-1.0,-0.41512879008114534,0.26287968301975184
-1.0,7.091200804024397,-0.06231150963307277,-1.0,4.26270044424262,-0.5248632907675161,-1.0,-1.0,-1.0,-1.0,-1.0,-1.0,-1.0,-1.0,-0.4162369882262429,0.2653900687256987
-1.0,7.134361308057735,-0.06123942250656791,-1.0,4.2872315122505835,-0.5271911120424022,-1.0,-1.0,-1.0,-1.0,-1.0,-1.0,-1.0,-1.0,-0.4173451863713406,0.26790045443164556
-1.0,7.177521812091072,-0.06016733538006303,-1.0,4.311762580258548,-0.5295189333172883,-1.0,-1.0,-1.0,-1.0,-1.0,-1.0,-1.0,-1.0,-0.4184533845164382,0.2704108401375924
-1.0,7.220682316124412,-0.059095248253558136,-1.0,4.336293648266512,-0.5318467545921746,-1.0,-1.0,-1.0,-1.0,-1.0,-1.0,-1.0,-1.0,-0.41956158266153587,0.2729212258435394
-1.0,7.263842820157749,-0.058023161127053254,-1.0,4.360824716274476,-0.5341745758670606,-1.0,-1.0,-1.0,-1.0,-1.0,-1.0,-1.0,-1.0,-0.4206697808066335,0.2754316115494862
-1.0,7.307003324191087,-0.05695107400054837,-1.0,4.38535578428244,-0.5365023971419467,-1.0,-1.0,-1.0,-1.0,-1.0,-1.0,-1.0,-1.0,-0.4217779789517311,0.27794199725543306
-1.0,7.347264343352415,-0.05595100874854189,-1.0,4.408238876619676,-0.5386738374216976,-1.0,-1.0,-1.0,-1.0,-1.0,-1.0,-1.0,-1.0,-0.42281172931571803,0.2802837374476093
-1.0,7.387525362513745,-0.05495094349653538,-1.0,4.431121968956913,-0.5408452777014484,-1.0,-1.0,-1.0,-1.0,-1.0,-1.0,-1.0,-1.0,-0.42384547967970504,0.2826254776397857
-1.0,7.427786381675073,-0.05395087824452894,-1.0,4.454005061294147,-0.5430167179811992,-1.0,-1.0,-1.0,-1.0,-1.0,-1.0,-1.0,-1.0,-0.4248792300436921,0.2849672178319619
-1.0,7.4680474008364035,-0.052950812992522404,-1.0,4.476888153631384,-0.5451881582609502,-1.0,-1.0,-1.0,-1.0,-1.0,-1.0,-1.0,-1.0,-0.42591298040767905,0.2873089580241382
-1.0,7.508308419997731,-0.05195074774051596,-1.0,4.499771245968619,-0.547359598540701,-1.0,-1.0,-1.0,-1.0,-1.0,-1.0,-1.0,-1.0,-0.426946730771666,0.2896506982163144
-1.0,7.548569439159062,-0.050950682488509445,-1.0,4.5226543383058555,-0.549531038820452,-1.0,-1.0,-1.0,-1.0,-1.0,-1.0,-1.0,-1.0,-0.427980481135653,0.29199243840849076
-1.0,7.58883045832039,-0.04995061723650299,-1.0,4.5455374306430905,-0.5517024791002026,-1.0,-1.0,-1.0,-1.0,-1.0,-1.0,-1.0,-1.0,-0.42901423149963996,0.2943341786006669
-1.0,7.6290914774817224,-0.04895055198449644,-1.0,4.568420522980327,-0.5538739193799538,-1.0,-1.0,-1.0,-1.0,-1.0,-1.0,-1.0,-1.0,-0.4300479818636271,0.2966759187928434
-1.0,7.669352496643048,-0.04795048673248999,-1.0,4.591303615317562,-0.5560453596597045,-1.0,-1.0,-1.0,-1.0,-1.0,-1.0,-1.0,-1.0,-0.4310817322276139,0.2990176589850196
-1.0,7.709613515804379,-0.04695042148048351,-1.0,4.614186707654798,-0.5582167999394554,-1.0,-1.0,-1.0,-1.0,-1.0,-1.0,-1.0,-1.0,-0.432115482591601,0.30135939917719584
-1.0,7.747161343660116,-0.04601775065622103,-1.0,4.635527707703568,-0.5602419067927218,-1.0,-1.0,-1.0,-1.0,-1.0,-1.0,-1.0,-1.0,-0.4330795684871232,0.3035433294266106
-1.0,7.784709171515853,-0.045085079831958516,-1.0,4.6568687077523405,-0.5622670136459883,-1.0,-1.0,-1.0,-1.0,-1.0,-1.0,-1.0,-1.0,-0.43404365438264547,0.3057272596760255
-1.0,7.8222569993715885,-0.044152409007696104,-1.0,4.678209707801109,-0.5642921204992546,-1.0,-1.0,-1.0,-1.0,-1.0,-1.0,-1.0,-1.0,-0.43500774027816774,0.30791118992544014
-1.0,7.859804827227329,-0.04321973818343359,-1.0,4.6995507078498795,-0.5663172273525211,-1.0,-1.0,-1.0,-1.0,-1.0,-1.0,-1.0,-1.0,-0.43597182617369,0.3100951201748551
-1.0,7.897352655083064,-0.04228706735917113,-1.0,4.72089170789865,-0.5683423342057875,-1.0,-1.0,-1.0,-1.0,-1.0,-1.0,-1.0,-1.0,-0.4369359120692123,0.3122790504242699
-1.0,7.934900482938802,-0.04135439653490865,-1.0,4.74223270794742,-0.570367441059054,-1.0,-1.0,-1.0,-1.0,-1.0,-1.0,-1.0,-1.0,-0.4378999979647345,0.31446298067368467
-1.0,7.9724483107945385,-0.0404217257106462,-1.0,4.763573707996191,-0.5723925479123204,-1.0,-1.0,-1.0,-1.0,-1.0,-1.0,-1.0,-1.0,-0.43886408386025677,0.31664691092309943
-1.0,8.009996138650276,-0.039489054886383684,-1.0,4.784914708044962,-0.5744176547655868,-1.0,-1.0,-1.0,-1.0,-1.0,-1.0,-1.0,-1.0,-0.4398281697557791,0.31883084117251437
-1.0,8.047543966506014,-0.03855638406212121,-1.0,4.806255708093732,-0.5764427616188534,-1.0,-1.0,-1.0,-1.0,-1.0,-1.0,-1.0,-1.0,-0.44079225565130137,0.32101477142192913
-1.0,8.08509179436175,-0.03762371323785878,-1.0,4.827596708142502,-0.5784678684721197,-1.0,-1.0,-1.0,-1.0,-1.0,-1.0,-1.0,-1.0,-0.4417563415468236,0.32319870167134385
-1.0,8.120076669501465,-0.03675470498367575,-1.0,4.847481006774409,-0.5803547448762174,-1.0,-1.0,-1.0,-1.0,-1.0,-1.0,-1.0,-1.0,-0.4426546205313868,0.325233560448879
-1.0,8.155061544641182,-0.03588569672949273,-1.0,4.867365305406315,-0.582241621280315,-1.0,-1.0,-1.0,-1.0,-1.0,-1.0,-1.0,-1.0,-0.4435528995159501,0.3272684192264142
-1.0,8.190046419780895,-0.03501668847530979,-1.0,4.88724960403822,-0.5841284976844124,-1.0,-1.0,-1.0,-1.0,-1.0,-1.0,-1.0,-1.0,-0.4444511785005133,0.32930327800394915
-1.0,8.225031294920614,-0.03414768022112673,-1.0,4.907133902670128,-0.5860153740885101,-1.0,-1.0,-1.0,-1.0,-1.0,-1.0,-1.0,-1.0,-0.4453494574850766,0.33133813678148444
-1.0,8.260016170060329,-0.03327867196694376,-1.0,4.927018201302034,-0.5879022504926077,-1.0,-1.0,-1.0,-1.0,-1.0,-1.0,-1.0,-1.0,-0.4462477364696399,0.3333729955590195
-1.0,8.295001045200042,-0.032409663712760765,-1.0,4.94690249993394,-0.5897891268967053,-1.0,-1.0,-1.0,-1.0,-1.0,-1.0,-1.0,-1.0,-0.44714601545420307,0.33540785433655457
-1.0,8.329985920339759,-0.03154065545857774,-1.0,4.966786798565846,-0.5916760033008029,-1.0,-1.0,-1.0,-1.0,-1.0,-1.0,-1.0,-1.0,-0.4480442944387663,0.33744271311408974
-1.0,8.364970795479476,-0.03067164720439468,-1.0,4.986671097197754,-0.5935628797049006,-1.0,-1.0,-1.0,-1.0,-1.0,-1.0,-1.0,-1.0,-0.44894257342332966,0.339477571891625
-1.0,8.39995567061919,-0.029802638950211745,-1.0,5.006555395829659,-0.595449756108998,-1.0,-1.0,-1.0,-1.0,-1.0,-1.0,-1.0,-1.0,-0.44984085240789284,0.3415124306691599
-1.0,8.434940545758904,-0.028933630696028736,-1.0,5.0264396944615655,-0.5973366325130957,-1.0,-1.0,-1.0,-1.0,-1.0,-1.0,-1.0,-1.0,-0.450739131392456,0.3435472894466951
-1.0,8.467485445935408,-0.028125230300943792,-1.0,5.044937188349161,-0.599091911157696,-1.0,-1.0,-1.0,-1.0,-1.0,-1.0,-1.0,-1.0,-0.4515747610686093,0.3454402296250919
-1.0,8.500030346111915,-0.02731682990585881,-1.0,5.063434682236758,-0.6008471898022966,-1.0,-1.0,-1.0,-1.0,-1.0,-1.0,-1.0,-1.0,-0.4524103907447625,0.3473331698034887
-1.0,8.532575246288415,-0.026508429510773937,-1.0,5.081932176124352,-0.6026024684468969,-1.0,-1.0,-1.0,-1.0,-1.0,-1.0,-1.0,-1.0,-0.4532460204209157,0.34922610998188547
-1.0,8.565120146464919,-0.025700029115688992,-1.0,5.100429670011947,-0.6043577470914974,-1.0,-1.0,-1.0,-1.0,-1.0,-1.0,-1.0,-1.0,-0.45408165009706897,0.35111905016028216
-1.0,8.59766504664142,-0.024891628720604048,-1.0,5.118927163899542,-0.6061130257360978,-1.0,-1.0,-1.0,-1.0,-1.0,-1.0,-1.0,-1.0,-0.4549172797732222,0.35301199033867897
-1.0,8.630209946817926,-0.024083228325519065,-1.0,5.137424657787139,-0.6078683043806983,-1.0,-1.0,-1.0,-1.0,-1.0,-1.0,-1.0,-1.0,-0.4557529094493755,0.35490493051707583
-1.0,8.662754846994428,-0.023274827930434193,-1.0,5.1559221516747336,-0.6096235830252986,-1.0,-1.0,-1.0,-1.0,-1.0,-1.0,-1.0,-1.0,-0.45658853912552866,0.35679787069547253
-1.0,8.695299747170932,-0.02246642753534921,-1.0,5.174419645562329,-0.6113788616698992,-1.0,-1.0,-1.0,-1.0,-1.0,-1.0,-1.0,-1.0,-0.4574241688016819,0.3586908108738694
-1.0,8.727844647347435,-0.021658027140264265,-1.0,5.192917139449925,-0.6131341403144996,-1.0,-1.0,-1.0,-1.0,-1.0,-1.0,-1.0,-1.0,-0.45825979847783516,0.36058375105226614
-1.0,8.760389547523939,-0.02084962674517932,-1.0,5.21141463333752,-0.6148894189591,-1.0,-1.0,-1.0,-1.0,-1.0,-1.0,-1.0,-1.0,-0.45909542815398835,0.3624766912306629
-1.0,8.790597390194154,-0.020099277786761006,-1.0,5.228583817514437,-0.616518650600645,-1.0,-1.0,-1.0,-1.0,-1.0,-1.0,-1.0,-1.0,-0.45987105105192017,0.36423369889647306
-1.0,8.820805232864373,-0.01934892882834273,-1.0,5.245753001691355,-0.61814788224219,-1.0,-1.0,-1.0,-1.0,-1.0,-1.0,-1.0,-1.0,-0.460646673949852,0.3659907065622832
-1.0,8.85101307553459,-0.018598579869924414,-1.0,5.2629221858682715,-0.6197771138837349,-1.0,-1.0,-1.0,-1.0,-1.0,-1.0,-1.0,-1.0,-0.46142229684778385,0.3677477142280934
-1.0,8.881220918204805,-0.0178482309115061,-1.0,5.280091370045191,-0.62140634552528,-1.0,-1.0,-1.0,-1.0,-1.0,-1.0,-1.0,-1.0,-0.4621979197457156,0.36950472189390354
-1.0,8.911428760875024,-0.017097881953087785,-1.0,5.297260554222107,-0.6230355771668249,-1.0,-1.0,-1.0,-1.0,-1.0,-1.0,-1.0,-1.0,-0.46297354264364743,0.3712617295597137
-1.0,8.94163660354524,-0.016347532994669508,-1.0,5.314429738399024,-0.6246648088083698,-1.0,-1.0,-1.0,-1.0,-1.0,-1.0,-1.0,-1.0,-0.4637491655415792,0.3730187372255237
-1.0,8.971844446215457,-0.015597184036251193,-1.0,5.331598922575942,-0.6262940404499149,-1.0,-1.0,-1.0,-1.0,-1.0,-1.0,-1.0,-1.0,-0.46452478843951106,0.37477574489133386
-1.0,9.002052288885675,-0.014846835077832844,-1.0,5.3487681067528605,-0.6279232720914599,-1.0,-1.0,-1.0,-1.0,-1.0,-1.0,-1.0,-1.0,-0.46530041133744293,0.37653275255714413
-1.0,9.03226013155589,-0.014096486119414563,-1.0,5.365937290929778,-0.6295525037330048,-1.0,-1.0,-1.0,-1.0,-1.0,-1.0,-1.0,-1.0,-0.4660760342353747,0.37828976022295424
-1.0,9.062467974226108,-0.01334613716099625,-1.0,5.383106475106695,-0.6311817353745498,-1.0,-1.0,-1.0,-1.0,-1.0,-1.0,-1.0,-1.0,-0.46685165713330645,0.3800467678887644
-1.0,9.090427389099036,-0.012651638117919256,-1.0,5.398997723901679,-0.6326897001732068,-1.0,-1.0,-1.0,-1.0,-1.0,-1.0,-1.0,-1.0,-0.46756954892799596,0.3816729980965817
-1.0,9.118386803971964,-0.011957139074842225,-1.0,5.414888972696662,-0.6341976649718639,-1.0,-1.0,-1.0,-1.0,-1.0,-1.0,-1.0,-1.0,-0.46828744072268536,0.38329922830439905
-1.0,9.14634621884489,-0.011262640031765265,-1.0,5.430780221491646,-0.6357056297705208,-1.0,-1.0,-1.0,-1.0,-1.0,-1.0,-1.0,-1.0,-0.4690053325173747,0.3849254585122162
-1.0,9.174305633717818,-0.01056814098868827,-1.0,5.446671470286629,-0.6372135945691778,-1.0,-1.0,-1.0,-1.0,-1.0,-1.0,-1.0,-1.0,-0.4697232243120642,0.3865516887200336
-1.0,9.202265048590746,-0.00987364194561124,-1.0,5.462562719081612,-0.6387215593678348,-1.0,-1.0,-1.0,-1.0,-1.0,-1.0,-1.0,-1.0,-0.4704411161067536,0.388177918927851
-1.0,9.23022446346367,-0.009179142902534245,-1.0,5.478453967876597,-0.6402295241664917,-1.0,-1.0,-1.0,-1.0,-1.0,-1.0,-1.0,-1.0,-0.471159007901443,0.3898041491356682
-1.0,9.258183878336597,-0.00848464385945725,-1.0,5.494345216671579,-0.6417374889651488,-1.0,-1.0,-1.0,-1.0,-1.0,-1.0,-1.0,-1.0,-0.47187689969613245,0.39143037934348546
-1.0,9.286143293209527,-0.00779014481638022,-1.0,5.510236465466563,-0.6432454537638058,-1.0,-1.0,-1.0,-1.0,-1.0,-1.0,-1.0,-1.0,-0.4725947914908219,0.39305660955130295
-1.0,9.314102708082453,-0.0070956457733032255,-1.0,5.5261277142615475,-0.6447534185624629,-1.0,-1.0,-1.0,-1.0,-1.0,-1.0,-1.0,-1.0,-0.47331268328551135,0.39468283975912016
-1.0,9.342062122955381,-0.00640114673022623,-1.0,5.54201896305653,-0.6462613833611198,-1.0,-1.0,-1.0,-1.0,-1.0,-1.0,-1.0,-1.0,-0.4740305750802007,0.39630906996693743
-1.0,9.367852009125665,-0.005760537785163109,-1.0,5.556677120224301,-0.6476523366655046,-1.0,-1.0,-1.0,-1.0,-1.0,-1.0,-1.0,-1.0,-0.4746927616013339,0.39780911180031997
-1.0,9.39364189529595,-0.0051199288401000236,-1.0,5.571335277392072,-0.6490432899698892,-1.0,-1.0,-1.0,-1.0,-1.0,-1.0,-1.0,-1.0,-0.475354948122467,0.3993091536337024
-1.0,9.419431781466233,-0.004479319895036973,-1.0,5.585993434559843,-0.6504342432742739,-1.0,-1.0,-1.0,-1.0,-1.0,-1.0,-1.0,-1.0,-0.4760171346436,0.40080919546708477
-1.0,9.445221667636517,-0.0038387109499738513,-1.0,5.6006515917276145,-0.6518251965786586,-1.0,-1.0,-1.0,-1.0,-1.0,-1.0,-1.0,-1.0,-0.47667932116473316,0.40230923730046725
-1.0,9.471011553806804,-0.0031981020049107302,-1.0,5.615309748895388,-0.6532161498830432,-1.0,-1.0,-1.0,-1.0,-1.0,-1.0,-1.0,-1.0,-0.4773415076858663,0.40380927913384973
-1.0,9.496801439977089,-0.0025574930598476443,-1.0,5.629967906063159,-0.6546071031874279,-1.0,-1.0,-1.0,-1.0,-1.0,-1.0,-1.0,-1.0,-0.47800369420699945,0.4053093209672322
-1.0,9.52259132614737,-0.0019168841147845584,-1.0,5.64462606323093,-0.6559980564918126,-1.0,-1.0,-1.0,-1.0,-1.0,-1.0,-1.0,-1.0,-0.4786658807281326,0.40680936280061464
-1.0,9.548381212317658,-0.0012762751697214013,-1.0,5.6592842203987015,-0.6573890097961973,-1.0,-1.0,-1.0,-1.0,-1.0,-1.0,-1.0,-1.0,-0.4793280672492657,0.40830940463399723
-1.0,9.574171098487943,-0.0006356662246583156,-1.0,5.6739423775664735,-0.658779963100582,-1.0,-1.0,-1.0,-1.0,-1.0,-1.0,-1.0,-1.0,-0.47999025377039883,0.40980944646737966
-1.0,9.599960984658228,4.942720404770284e-6,-1.0,5.688600534734245,-0.6601709164049666,-1.0,-1.0,-1.0,-1.0,-1.0,-1.0,-1.0,-1.0,-0.480652440291532,0.4113094883007621
-1.0,9.623654064590228,0.0005934679601176995,-1.0,5.702066933427854,-0.6614487804329374,-1.0,-1.0,-1.0,-1.0,-1.0,-1.0,-1.0,-1.0,-0.48126078877634143,0.4126875715860085
-1.0,9.647347144522227,0.0011819931998305222,-1.0,5.715533332121462,-0.662726644460908,-1.0,-1.0,-1.0,-1.0,-1.0,-1.0,-1.0,-1.0,-0.48186913726115077,0.41406565487125474
-1.0,9.671040224454227,0.0017705184395433804,-1.0,5.728999730815071,-0.6640045084888787,-1.0,-1.0,-1.0,-1.0,-1.0,-1.0,-1.0,-1.0,-0.4824774857459602,0.41544373815650104
-1.0,9.694733304386228,0.0023590436792562384,-1.0,5.742466129508679,-0.6652823725168494,-1.0,-1.0,-1.0,-1.0,-1.0,-1.0,-1.0,-1.0,-0.4830858342307697,0.4168218214417474
-1.0,9.718426384318228,0.002947568918969097,-1.0,5.755932528202287,-0.6665602365448201,-1.0,-1.0,-1.0,-1.0,-1.0,-1.0,-1.0,-1.0,-0.4836941827155791,0.41819990472699375
-1.0,9.742119464250226,0.0035360941586819903,-1.0,5.769398926895896,-0.6678381005727908,-1.0,-1.0,-1.0,-1.0,-1.0,-1.0,-1.0,-1.0,-0.4843025312003886,0.41957798801224
-1.0,9.765812544182227,0.004124619398394849,-1.0,5.782865325589504,-0.6691159646007615,-1.0,-1.0,-1.0,-1.0,-1.0,-1.0,-1.0,-1.0,-0.4849108796851979,0.42095607129748636
-1.0,9.789505624114229,0.004713144638107743,-1.0,5.796331724283114,-0.6703938286287324,-1.0,-1.0,-1.0,-1.0,-1.0,-1.0,-1.0,-1.0,-0.4855192281700074,0.42233415458273277
-1.0,9.81319870404623,0.0053016698778206,-1.0,5.809798122976722,-0.6716716926567031,-1.0,-1.0,-1.0,-1.0,-1.0,-1.0,-1.0,-1.0,-0.4861275766548168,0.4237122378679791
-1.0,9.836891783978228,0.005890195117533459,-1.0,5.82326452167033,-0.6729495566846738,-1.0,-1.0,-1.0,-1.0,-1.0,-1.0,-1.0,-1.0,-0.4867359251396263,0.4250903211532254
-1.0,9.85855734482754,0.006428357713065615,-1.0,5.83557854252177,-0.6741180683739352,-1.0,-1.0,-1.0,-1.0,-1.0,-1.0,-1.0,-1.0,-0.487292214619637,0.4263504759054828
-1.0,9.880222905676858,0.006966520308597807,-1.0,5.847892563373211,-0.6752865800631968,-1.0,-1.0,-1.0,-1.0,-1.0,-1.0,-1.0,-1.0,-0.4878485040996479,0.42761063065774046
-1.0,9.90188846652617,0.007504682904129929,-1.0,5.860206584224651,-0.6764550917524582,-1.0,-1.0,-1.0,-1.0,-1.0,-1.0,-1.0,-1.0,-0.4884047935796586,0.4288707854099978
-1.0,9.923554027375483,0.008042845499662086,-1.0,5.872520605076091,-0.6776236034417197,-1.0,-1.0,-1.0,-1.0,-1.0,-1.0,-1.0,-1.0,-0.4889610830596694,0.4301309401622554
-1.0,9.945219588224795,0.008581008095194208,-1.0,5.884834625927531,-0.678792115130981,-1.0,-1.0,-1.0,-1.0,-1.0,-1.0,-1.0,-1.0,-0.4895173725396802,0.4313910949145127
-1.0,9.966885149074109,0.009119170690726399,-1.0,5.897148646778971,-0.6799606268202425,-1.0,-1.0,-1.0,-1.0,-1.0,-1.0,-1.0,-1.0,-0.490073662019691,0.43265124966677027
-1.0,9.988550709923423,0.009657333286258521,-1.0,5.909462667630411,-0.681129138509504,-1.0,-1.0,-1.0,-1.0,-1.0,-1.0,-1.0,-1.0,-0.4906299514997018,0.4339114044190277
-1.0,10.010216270772737,0.010195495881790678,-1.0,5.9217766884818515,-0.6822976501987654,-1.0,-1.0,-1.0,-1.0,-1.0,-1.0,-1.0,-1.0,-0.4911862409797125,0.4351715591712852
-1.0,10.03188183162205,0.010733658477322834,-1.0,5.934090709333292,-0.6834661618880269,-1.0,-1.0,-1.0,-1.0,-1.0,-1.0,-1.0,-1.0,-0.4917425304597234,0.4364317139235427
-1.0,10.053547392471362,0.011271821072854954,-1.0,5.946404730184732,-0.6846346735772884,-1.0,-1.0,-1.0,-1.0,-1.0,-1.0,-1.0,-1.0,-0.49229881993973407,0.4376918686758001
-1.0,10.073253375793042,0.011761308661275472,-1.0,5.957604989029125,-0.6856974972918427,-1.0,-1.0,-1.0,-1.0,-1.0,-1.0,-1.0,-1.0,-0.4928047948965497,0.4388380466447635
-1.0,10.092959359114719,0.012250796249695916,-1.0,5.96880524787352,-0.6867603210063972,-1.0,-1.0,-1.0,-1.0,-1.0,-1.0,-1.0,-1.0,-0.4933107698533653,0.4399842246137269
-1.0,10.112665342436394,0.012740283838116326,-1.0,5.980005506717912,-0.6878231447209514,-1.0,-1.0,-1.0,-1.0,-1.0,-1.0,-1.0,-1.0,-0.4938167448101809,0.44113040258269015
-1.0,10.132371325758074,0.013229771426536842,-1.0,5.991205765562306,-0.6888859684355059,-1.0,-1.0,-1.0,-1.0,-1.0,-1.0,-1.0,-1.0,-0.49432271976699654,0.4422765805516536
-1.0,10.152077309079752,0.013719259014957323,-1.0,6.0024060244067,-0.6899487921500603,-1.0,-1.0,-1.0,-1.0,-1.0,-1.0,-1.0,-1.0,-0.4948286947238121,0.443422758520617
-1.0,10.171783292401429,0.014208746603377733,-1.0,6.013606283251092,-0.6910116158646146,-1.0,-1.0,-1.0,-1.0,-1.0,-1.0,-1.0,-1.0,-0.49533466968062767,0.4445689364895803
-1.0,10.191489275723107,0.01469823419179825,-1.0,6.024806542095487,-0.692074439579169,-1.0,-1.0,-1.0,-1.0,-1.0,-1.0,-1.0,-1.0,-0.4958406446374433,0.4457151144585438
-1.0,10.211195259044784,0.015187721780218731,-1.0,6.036006800939881,-0.6931372632937234,-1.0,-1.0,-1.0,-1.0,-1.0,-1.0,-1.0,-1.0,-0.49634661959425896,0.44686129242750716
-1.0,10.230901242366462,0.015677209368639176,-1.0,6.0472070597842755,-0.694200087008278,-1.0,-1.0,-1.0,-1.0,-1.0,-1.0,-1.0,-1.0,-0.49685259455107456,0.44800747039647054
-1.0,10.25060722568814,0.016166696957059655,-1.0,6.058407318628667,-0.6952629107228323,-1.0,-1.0,-1.0,-1.0,-1.0,-1.0,-1.0,-1.0,-0.49735856950789015,0.4491536483654339
-1.0,10.268421796525336,0.01660920272677945,-1.0,6.06853255832472,-0.6962237228803029,-1.0,-1.0,-1.0,-1.0,-1.0,-1.0,-1.0,-1.0,-0.49781598016144146,0.4501898142997504
-1.0,10.286236367362527,0.01705170849649914,-1.0,6.078657798020768,-0.6971845350377732,-1.0,-1.0,-1.0,-1.0,-1.0,-1.0,-1.0,-1.0,-0.49827339081499256,0.45122598023406657
-1.0,10.304050938199723,0.017494214266218968,-1.0,6.088783037716821,-0.6981453471952439,-1.0,-1.0,-1.0,-1.0,-1.0,-1.0,-1.0,-1.0,-0.49873080146854376,0.4522621461683831
-1.0,10.321865509036913,0.01793672003593862,-1.0,6.098908277412869,-0.6991061593527143,-1.0,-1.0,-1.0,-1.0,-1.0,-1.0,-1.0,-1.0,-0.49918821212209497,0.4532983121026994
-1.0,10.33968007987411,0.01837922580565845,-1.0,6.109033517108921,-0.7000669715101848,-1.0,-1.0,-1.0,-1.0,-1.0,-1.0,-1.0,-1.0,-0.4996456227756462,0.4543344780370159
-1.0,10.357494650711306,0.018821731575378208,-1.0,6.11915875680497,-0.7010277836676554,-1.0,-1.0,-1.0,-1.0,-1.0,-1.0,-1.0,-1.0,-0.5001030334291974,0.4553706439713322
-1.0,10.375309221548498,0.019264237345097933,-1.0,6.129283996501021,-0.7019885958251258,-1.0,-1.0,-1.0,-1.0,-1.0,-1.0,-1.0,-1.0,-0.5005604440827486,0.4564068099056486
-1.0,10.393123792385696,0.01970674311481776,-1.0,6.139409236197073,-0.7029494079825964,-1.0,-1.0,-1.0,-1.0,-1.0,-1.0,-1.0,-1.0,-0.5010178547362999,0.4574429758399651
-1.0,10.410938363222888,0.02014924888453752,-1.0,6.149534475893124,-0.703910220140067,-1.0,-1.0,-1.0,-1.0,-1.0,-1.0,-1.0,-1.0,-0.5014752653898511,0.4584791417742815
-1.0,10.428752934060082,0.020591754654257242,-1.0,6.159659715589173,-0.7048710322975374,-1.0,-1.0,-1.0,-1.0,-1.0,-1.0,-1.0,-1.0,-0.5019326760434022,0.45951530770859783
-1.0,10.444745633034918,0.02098900596243812,-1.0,6.168749460831248,-0.705733583506108,-1.0,-1.0,-1.0,-1.0,-1.0,-1.0,-1.0,-1.0,-0.5023433079332738,0.46044550636603077
-1.0,10.46073833200975,0.02138625727061889,-1.0,6.1778392060733225,-0.7065961347146783,-1.0,-1.0,-1.0,-1.0,-1.0,-1.0,-1.0,-1.0,-0.5027539398231453,0.4613757050234635
-1.0,10.476731030984581,0.021783508578799696,-1.0,6.186928951315394,-0.7074586859232488,-1.0,-1.0,-1.0,-1.0,-1.0,-1.0,-1.0,-1.0,-0.5031645717130167,0.46230590368089625
-1.0,10.492723729959415,0.02218075988698054,-1.0,6.196018696557469,-0.7083212371318194,-1.0,-1.0,-1.0,-1.0,-1.0,-1.0,-1.0,-1.0,-0.5035752036028882,0.46323610233832907
-1.0,10.508716428934253,0.022578011195161417,-1.0,6.205108441799545,-0.7091837883403901,-1.0,-1.0,-1.0,-1.0,-1.0,-1.0,-1.0,-1.0,-0.5039858354927598,0.46416630099576195
-1.0,10.524709127909084,0.022975262503342187,-1.0,6.214198187041618,-0.7100463395489605,-1.0,-1.0,-1.0,-1.0,-1.0,-1.0,-1.0,-1.0,-0.5043964673826312,0.46509649965319466
-1.0,10.540701826883916,0.023372513811522992,-1.0,6.22328793228369,-0.7109088907575308,-1.0,-1.0,-1.0,-1.0,-1.0,-1.0,-1.0,-1.0,-0.5048070992725026,0.46602669831062743
-1.0,10.556694525858752,0.023769765119703835,-1.0,6.232377677525765,-0.7117714419661014,-1.0,-1.0,-1.0,-1.0,-1.0,-1.0,-1.0,-1.0,-0.5052177311623742,0.46695689696806036
-1.0,10.572687224833587,0.02416701642788471,-1.0,6.24146742276784,-0.712633993174672,-1.0,-1.0,-1.0,-1.0,-1.0,-1.0,-1.0,-1.0,-0.5056283630522457,0.46788709562549324
-1.0,10.58867992380842,0.02456426773606548,-1.0,6.250557168009914,-0.7134965443832425,-1.0,-1.0,-1.0,-1.0,-1.0,-1.0,-1.0,-1.0,-0.5060389949421171,0.46881729428292596
-1.0,10.602922482437128,0.02491804636067407,-1.0,6.258652188727427,-0.7142647034149142,-1.0,-1.0,-1.0,-1.0,-1.0,-1.0,-1.0,-1.0,-0.5064046898617498,0.46964569785230964
-1.0,10.617165041065837,0.02527182498528273,-1.0,6.266747209444943,-0.7150328624465863,-1.0,-1.0,-1.0,-1.0,-1.0,-1.0,-1.0,-1.0,-0.5067703847813826,0.4704741014216935
-1.0,10.631407599694542,0.025625603609891242,-1.0,6.274842230162456,-0.715801021478258,-1.0,-1.0,-1.0,-1.0,-1.0,-1.0,-1.0,-1.0,-0.5071360797010152,0.47130250499107695
-1.0,10.645650158323251,0.0259793822344999,-1.0,6.282937250879972,-0.7165691805099299,-1.0,-1.0,-1.0,-1.0,-1.0,-1.0,-1.0,-1.0,-0.5075017746206479,0.47213090856046086
-1.0,10.659892716951958,0.026333160859108487,-1.0,6.291032271597486,-0.7173373395416017,-1.0,-1.0,-1.0,-1.0,-1.0,-1.0,-1.0,-1.0,-0.5078674695402806,0.47295931212984454
-1.0,10.674135275580666,0.026686939483717077,-1.0,6.299127292314999,-0.7181054985732735,-1.0,-1.0,-1.0,-1.0,-1.0,-1.0,-1.0,-1.0,-0.5082331644599133,0.4737877156992283
-1.0,10.688377834209373,0.027040718108325663,-1.0,6.307222313032514,-0.7188736576049455,-1.0,-1.0,-1.0,-1.0,-1.0,-1.0,-1.0,-1.0,-0.508598859379546,0.47461611926861186
-1.0,10.702620392838082,0.02739449673293432,-1.0,6.3153173337500315,-0.7196418166366173,-1.0,-1.0,-1.0,-1.0,-1.0,-1.0,-1.0,-1.0,-0.5089645542991788,0.47544452283799576
-1.0,10.716862951466789,0.027748275357542908,-1.0,6.3234123544675445,-0.7204099756682892,-1.0,-1.0,-1.0,-1.0,-1.0,-1.0,-1.0,-1.0,-0.5093302492188114,0.4762729264073795
-1.0,10.731105510095496,0.028102053982151497,-1.0,6.331507375185058,-0.7211781346999611,-1.0,-1.0,-1.0,-1.0,-1.0,-1.0,-1.0,-1.0,-0.5096959441384441,0.4771013299767632
-1.0,10.71321313850451,0.02765761567738753,-1.0,6.3213379159965575,-0.7202131264318581,-1.0,-1.0,-1.0,-1.0,-1.0,-1.0,-1.0,-1.0,-0.5092365358564368,0.4760606388427393
-1.0,10.695320766913525,0.0272131773726235,-1.0,6.311168456808055,-0.7192481181637551,-1.0,-1.0,-1.0,-1.0,-1.0,-1.0,-1.0,-1.0,-0.5087771275744294,0.47501994770871525
-1.0,10.677428395322538,0.026768739067859464,-1.0,6.300998997619551,-0.7182831098956519,-1.0,-1.0,-1.0,-1.0,-1.0,-1.0,-1.0,-1.0,-0.508317719292422,0.47397925657469125
-1.0,10.659536023731553,0.026324300763095394,-1.0,6.290829538431048,-0.7173181016275489,-1.0,-1.0,-1.0,-1.0,-1.0,-1.0,-1.0,-1.0,-0.5078583110104146,0.4729385654406672
-1.0,10.64164365214057,0.025879862458331432,-1.0,6.280660079242546,-0.716353093359446,-1.0,-1.0,-1.0,-1.0,-1.0,-1.0,-1.0,-1.0,-0.5073989027284073,0.4718978743066434
