0.02379572722354395,0.014004427134795792,0.12537914182363524,0.3256924124800594,-0.04125093548720196,0.06972915941569767,0.10659760491155572,0.20325194785119013,0.23001415228734484,0.05257656695633865,0.096019918025422,0.08395078105089938,0.13950267979473838,0.18528129152079897,0.08686329279013527,0.07428981794801957
0.024222735729835698,0.014255733155247396,0.12762903986488022,0.3315368831809197,-0.041991173437488226,0.0709804321306419,0.10851047286553549,0.20689925435447504,0.23414170000511336,0.053520040593898296,0.09774297197477656,0.08545725728849474,0.1420060212712665,0.18860611899057356,0.08842203333869893,0.0756229305651151
0.024649744236127445,0.014507039175699002,0.1298789379061252,0.3373813538817799,-0.04273141138777449,0.07223170484558614,0.11042334081951526,0.21054656085775988,0.2382692477228819,0.05446351423145795,0.09946602592413115,0.08696373352609012,0.1445093627477946,0.19193094646034814,0.08998077388726261,0.07695604318221061
0.02507675274241919,0.014758345196150604,0.13212883594737018,0.34322582458264017,-0.043471649338060754,0.07348297756053035,0.11233620877349501,0.21419386736104473,0.2423967954406504,0.0554069878690176,0.10118907987348569,0.08847020976368546,0.14701270422432272,0.19525577393012272,0.09153951443582625,0.07828915579930612
0.025503761248710934,0.015009651216602209,0.13437873398861516,0.34907029528350036,-0.04421188728834702,0.07473425027547458,0.11424907672747477,0.21784117386432958,0.2465243431584189,0.056350461506577236,0.10291213382284026,0.08997668600128081,0.14951604570085084,0.1985806013998973,0.09309825498438991,0.07962226841640162
0.025930769755002678,0.015260957237053811,0.13662863202986011,0.35491476598436056,-0.04495212523863328,0.07598552299041879,0.11616194468145452,0.22148848036761443,0.25065189087618744,0.05729393514413687,0.1046351877721948,0.09148316223887618,0.15201938717737895,0.20190542886967186,0.09465699553295359,0.08095538103349713
0.026357778261294422,0.015512263257505416,0.13887853007110512,0.36075923668522086,-0.045692363188919546,0.07723679570536303,0.11807481263543428,0.2251357868708993,0.25477943859395596,0.058237408781696524,0.10635824172154937,0.09298963847647153,0.15452272865390707,0.20523025633944647,0.09621573608151725,0.08228849365059263
0.02678478676758617,0.01576356927795702,0.14112842811235007,0.36660370738608106,-0.04643260113920581,0.07848806842030724,0.11998768058941404,0.22878309337418415,0.2589069863117245,0.059180882419256176,0.10808129567090394,0.09449611471406687,0.15702607013043518,0.20855508380922103,0.0977744766300809,0.08362160626768814
0.027211795273877914,0.01601487529840863,0.14337832615359508,0.3724481780869414,-0.04717283908949208,0.07973934113525148,0.12190054854339381,0.23243039987746905,0.26303453402949306,0.06012435605681582,0.10980434962025852,0.09600259095166225,0.15952941160696332,0.21187991127899564,0.09933321717864459,0.08495471888478366
0.027638803780169655,0.016266181318860228,0.14562822419484003,0.37829264878780156,-0.04791307703977834,0.0809906138501957,0.12381341649737357,0.23607770638075387,0.2671620817472615,0.061067829694375464,0.11152740356961305,0.09750906718925759,0.1620327530834914,0.2152047387487702,0.10089195772720823,0.08628783150187916
0.028065812286461402,0.016517487339311836,0.14787812223608504,0.38413711948866186,-0.0486533149900646,0.08224188656513992,0.12572628445135334,0.23972501288403872,0.27128962946503005,0.06201130333193511,0.11325045751896763,0.09901554342685297,0.16453609456001955,0.2185295662185448,0.1024506982757719,0.08762094411897467
0.028676518056870406,0.016910671385774904,0.1511314201942035,0.39252829435378556,-0.04966822537010736,0.08401545730087358,0.12843688956834856,0.2449032109820015,0.2772096386374308,0.06338683470911484,0.11566300952043074,0.10119384805766192,0.16815918457728599,0.22324978358260097,0.10466337283370863,0.08951805630501278
0.028764035939548932,0.017386343108565246,0.15203852174265353,0.3941336136846843,-0.0492700665956357,0.08407100223637022,0.12851276415352308,0.2451713487639388,0.2782667335365453,0.06390905545082984,0.11536607335549086,0.10180092639706771,0.16921015952262167,0.22349236850188026,0.10477395379667082,0.08967195340292525
0.02885155382222745,0.017862014831355577,0.15294562329110353,0.39573893301558294,-0.04887190782116406,0.08412654717186685,0.12858863873869755,0.2454394865458762,0.2793238284356597,0.06443127619254482,0.11506913719055097,0.10240800473647348,0.1702611344679573,0.2237349534211595,0.10488453475963298,0.08982585050083775
0.028939071704905978,0.01833768655414592,0.15385272483955353,0.39734425234648163,-0.04847374904669241,0.08418209210736351,0.12866451332387208,0.2457076243278135,0.2803809233347742,0.06495349693425982,0.11477220102561109,0.10301508307587927,0.171312109413293,0.2239775383404388,0.10499511572259515,0.08997974759875021
0.029026589587584507,0.01881335827693625,0.15475982638800356,0.39894957167738027,-0.04807559027222077,0.08423763704286014,0.12874038790904657,0.2459757621097509,0.28143801823388864,0.0654757176759748,0.11447526486067121,0.10362216141528505,0.17236308435862868,0.22422012325971807,0.10510569668555732,0.0901336446966627
0.029114107470263027,0.01928902999972659,0.1556669279364536,0.400554891008279,-0.04767743149774912,0.08429318197835677,0.12881626249422104,0.2462438998916882,0.2824951131330031,0.06599793841768978,0.11417832869573133,0.10422923975469083,0.17341405930396434,0.22446270817899738,0.1052162776485195,0.09028754179457518
0.029201625352941556,0.019764701722516924,0.15657402948490362,0.40216021033917765,-0.04727927272327747,0.08434872691385342,0.12889213707939554,0.24651203767362556,0.2835522080321175,0.06652015915940476,0.11388139253079144,0.1048363180940966,0.17446503424930002,0.2247052930982766,0.10532685861148167,0.09044143889248765
0.029289143235620076,0.02024037344530726,0.15748113103335362,0.4037655296700763,-0.04688111394880583,0.08440427184935005,0.12896801166457006,0.24678017545556294,0.28460930293123193,0.06704237990111976,0.11358445636585156,0.10544339643350238,0.17551600919463564,0.22494787801755592,0.10543743957444385,0.09059533599040014
0.029376661118298602,0.020716045168097597,0.15838823258180365,0.405370849000975,-0.04648295517433417,0.08445981678484671,0.12904388624974455,0.2470483132375003,0.28566639783034636,0.06756460064283475,0.11328752020091169,0.10605047477290816,0.1765669841399713,0.22519046293683517,0.10554802053740601,0.09074923308831263
0.029464179000977128,0.021191716890887932,0.15929533413025365,0.40697616833187356,-0.046084796399862536,0.08451536172034334,0.12911976083491905,0.2473164510194376,0.2867234927294608,0.06808682138454973,0.11299058403597179,0.10665755311231394,0.17761795908530698,0.22543304785611448,0.1056586015003682,0.0909031301862251
0.0295748242606963,0.021793089087042725,0.16044214531155912,0.4090057075398996,-0.045581420636389085,0.08458558489789308,0.1292156859524582,0.24765544658942829,0.2880599343352291,0.06874704359090768,0.11261517985474326,0.1074250572894907,0.17894666348520832,0.22573973799276004,0.1057984044639738,0.09109769595778407
0.029685469520415467,0.022394461283197522,0.16158895649286462,0.4110352467479256,-0.04507804487291564,0.08465580807544282,0.12931161106999736,0.24799444215941893,0.2893963759409974,0.06940726579726564,0.1122397756735147,0.10819256146666749,0.18027536788510964,0.22604642812940562,0.10593820742757941,0.09129226172934303
0.029796114780134636,0.02299583347935231,0.16273576767417008,0.41306478595595164,-0.04457466910944219,0.08472603125299254,0.12940753618753653,0.24833343772940952,0.29073281754676567,0.0700674880036236,0.11186437149228615,0.10896006564384425,0.181604072285011,0.22635311826605123,0.10607801039118503,0.09148682750090197
0.029906760039853805,0.0235972056755071,0.1638825788554756,0.41509432516397765,-0.04407129334596874,0.08479625443054224,0.12950346130507573,0.2486724332994002,0.29206925915253396,0.07072771020998153,0.11148896731105762,0.10972756982102105,0.18293277668491237,0.22665980840269684,0.10621781335479064,0.09168139327246091
0.030017405299572975,0.02419857787166189,0.16502939003678105,0.41712386437200366,-0.0435679175824953,0.08486647760809199,0.12959938642261487,0.24901142886939084,0.29340570075830213,0.0713879324163395,0.11111356312982908,0.11049507399819782,0.18426148108481366,0.2269664985393424,0.10635761631839624,0.09187595904401988
0.030128050559292147,0.024799950067816684,0.16617620121808652,0.41915340358002967,-0.043064541819021855,0.08493670078564172,0.12969531154015404,0.2493504244393815,0.2947421423640704,0.07204815462269745,0.11073815894860052,0.11126257817537459,0.18559018548471498,0.22727318867598797,0.10649741928200183,0.09207052481557883
0.030238695819011317,0.02540132226397147,0.167323012399392,0.4211829427880556,-0.042561166055548404,0.08500692396319144,0.1297912366576932,0.2496894200093721,0.2960785839698387,0.0727083768290554,0.11036275476737199,0.11203008235255137,0.18691888988461636,0.22757987881263358,0.10663722224560745,0.09226509058713778
0.030349341078730486,0.026002694460126267,0.1684698235806975,0.4232124819960817,-0.04205779029207496,0.08507714714074117,0.12988716177523238,0.25002841557936273,0.297415025575607,0.07336859903541336,0.10998735058614344,0.11279758652972814,0.1882475942845177,0.22788656894927917,0.10677702520921306,0.09245965635869674
0.03045998633844966,0.026604066656281056,0.169616634762003,0.4252420212041077,-0.04155441452860151,0.0851473703182909,0.12998308689277155,0.2503674111493534,0.2987514671813753,0.07402882124177132,0.10961194640491488,0.11356509070690493,0.18957629868441905,0.22819325908592475,0.10691682817281867,0.0926542221302557
0.030570631598168828,0.027205438852435853,0.17076344594330845,0.42727156041213377,-0.04105103876512807,0.08521759349584063,0.13007901201031072,0.250706406719344,0.3000879087871436,0.07468904344812927,0.10923654222368634,0.1143325948840817,0.19090500308432037,0.22849994922257033,0.10705663113642429,0.09284878790181464
0.03069962271239038,0.02790652328967927,0.1721004074403828,0.4296376131871378,-0.04046419934003778,0.08529946022867047,0.13019084226697614,0.251101610421701,0.3016459429248701,0.07545873569023774,0.10879889307592347,0.11522735729175286,0.19245401712657903,0.2288574909965883,0.1072196145312189,0.09307561420893762
0.030828613826611923,0.028607607726922692,0.1734373689374572,0.43200366596214196,-0.0398773599149475,0.08538132696150029,0.1303026725236416,0.2514968141240579,0.3032039770625966,0.07622842793234622,0.10836124392816057,0.116122119699424,0.19400303116883766,0.22921503277060634,0.10738259792601351,0.09330244051606064
0.03095760494083347,0.029308692164166098,0.17477433043453153,0.434369718737146,-0.039290520489857234,0.08546319369433013,0.13041450278030706,0.25189201782641485,0.30476201120032315,0.07699812017445468,0.10792359478039767,0.11701688210709517,0.1955520452110963,0.2295725745446243,0.1075455813208081,0.09352926682318363
0.03108659605505502,0.030009776601409514,0.17611129193160593,0.43673577151215015,-0.03870368106476695,0.08554506042715997,0.13052633303697248,0.2522872215287718,0.3063200453380497,0.07776781241656314,0.10748594563263479,0.11791164451476632,0.19710105925335492,0.22993011631864232,0.10770856471560272,0.09375609313030664
0.031215587169276568,0.03071086103865293,0.17744825342868029,0.4391018242871543,-0.03811684163967668,0.08562692715998982,0.13063816329363795,0.25268242523112877,0.30787807947577617,0.07853750465867161,0.10704829648487191,0.11880640692243748,0.19865007329561352,0.2302876580926603,0.10787154811039734,0.09398291943742963
0.03134457828349812,0.03141194547589635,0.17878521492575467,0.4414678770621584,-0.0375300022145864,0.08570879389281963,0.1307499935503034,0.2530776289334857,0.3094361136135027,0.07930719690078007,0.10661064733710901,0.11970116933010864,0.20019908733787214,0.23064519986667828,0.10803453150519195,0.09420974574455263
0.03147356939771966,0.03211302991313976,0.18012217642282902,0.44383392983716247,-0.03694316278949612,0.08579066062564948,0.13086182380696884,0.2534728326358426,0.31099414775122924,0.08007688914288852,0.10617299818934614,0.12059593173777979,0.2017481013801308,0.23100274164069629,0.10819751489998657,0.09443657205167563
0.031602560511941206,0.032814114350383186,0.18145913791990342,0.44619998261216665,-0.036356323364405835,0.08587252735847932,0.1309736540636343,0.25386803633819954,0.3125521818889558,0.080846581384997,0.10573534904158324,0.12149069414545095,0.2032971154223894,0.23136028341471426,0.10836049829478117,0.09466339835879864
0.03173155162616276,0.0335151987876266,0.18279609941697775,0.4485660353871708,-0.03576948393931556,0.08595439409130914,0.13108548432029976,0.2542632400405565,0.31411021602668227,0.08161627362710547,0.10529769989382036,0.12238545655312211,0.20484612946464809,0.2317178251887322,0.10852348168957579,0.09489022466592162
0.03186054274038431,0.03421628322487001,0.1841330609140521,0.4509320881621749,-0.03518264451422528,0.08603626082413898,0.1311973145769652,0.2546584437429134,0.3156682501644088,0.08238596586921393,0.10486005074605746,0.12328021896079326,0.2063951435069067,0.23207536696275025,0.1086864650843704,0.09511705097304464
0.032004933412327345,0.035001066375192416,0.1856296350780133,0.45358061129570454,-0.034525745475692156,0.0861279011873874,0.13132249564855245,0.25510082869696293,0.3174122896466179,0.08324754754247944,0.10437015301238688,0.12428180225629924,0.2081290860327986,0.23247559373270818,0.10886890619306205,0.0953709568571631
0.03214932408427038,0.035785849525514835,0.18712620924197457,0.45622913442923424,-0.03386884643715902,0.08621954155063583,0.13144767672013968,0.2555432136510125,0.3191563291288271,0.08410912921574498,0.10388025527871626,0.12528338555180527,0.20986302855869052,0.2328758205026661,0.10905134730175371,0.09562486274128154
0.03229371475621342,0.036570632675837225,0.18862278340593572,0.4588776575627638,-0.0332119473986259,0.08631118191388425,0.13157285779172695,0.255985598605062,0.3209003686110361,0.08497071088901048,0.10339035754504568,0.12628496884731125,0.21159697108458247,0.233276047272624,0.10923378841044537,0.09587876862540004
0.03243810542815646,0.03735541582615964,0.190119357569897,0.4615261806962935,-0.03255504836009277,0.08640282227713265,0.1316980388633142,0.2564279835591115,0.32264440809324524,0.08583229256227601,0.10290045981137508,0.12728655214281726,0.2133309136104744,0.23367627404258193,0.10941622951913703,0.09613267450951848
0.03234688003856459,0.038475680749994176,0.19064427005932275,0.462735377583283,-0.031024185663841,0.08547622262401092,0.13100458232491616,0.2547594931176406,0.3227038158410844,0.08634785154239104,0.10156711545606623,0.12771370660976744,0.2143113906054147,0.23169693163037397,0.10884487825467339,0.09562493952160253
0.032104049453512105,0.03981180863119865,0.19054397492440445,0.4630184519660729,-0.028930978319729607,0.08389444489982732,0.12978438022399272,0.2517327774565215,0.32167926130848906,0.08664076509805094,0.09969106238599036,0.12777124962381367,0.21480705647012643,0.2281864752159023,0.10778850555608312,0.09462713304822261
0.03186121886845961,0.04114793651240312,0.1904436797894861,0.4633015263488629,-0.026837770975618215,0.08231266717564376,0.12856417812306925,0.24870606179540247,0.32065470677589375,0.0869336786537108,0.09781500931591448,0.1278287926378599,0.21530272233483821,0.22467601880143065,0.1067321328574928,0.09362932657484269
0.03161838828340712,0.04248406439360762,0.19034338465456777,0.46358460073165275,-0.024744563631506802,0.08073088945146017,0.12734397602214578,0.24567934613428336,0.3196301522432984,0.08722659220937069,0.09593895624583862,0.1278863356519061,0.21579838819954994,0.22116556238695892,0.1056757601589025,0.09263152010146276
0.03137555769835463,0.043820192274812084,0.19024308951964947,0.46386767511444277,-0.022651356287395407,0.07914911172727657,0.12612377392122232,0.24265263047316427,0.3186055977107031,0.08751950576503056,0.09406290317576275,0.12794387866595233,0.21629405406426166,0.21765510597248725,0.10461938746031223,0.09163371362808284
0.031132727113302144,0.04515632015601657,0.19014279438473114,0.4641507494972326,-0.020558148943284022,0.077567334003093,0.12490357182029886,0.23962591481204515,0.3175810431781078,0.08781241932069045,0.09218685010568689,0.12800142167999856,0.2167897199289734,0.21414464955801552,0.10356301476172192,0.09063590715470295
0.030867394487140185,0.046616261124867615,0.19003320534126947,0.46446005513667094,-0.018270973291195033,0.07583897990193478,0.12357029896335467,0.23631872673754184,0.31646154768819296,0.08813247588582566,0.09013695145805632,0.1280642969517888,0.21733131696690158,0.2103088946045053,0.10240875265646787,0.08954563834887656
0.030602061860978226,0.04807620209371868,0.18992361629780777,0.4647693607761093,-0.015983797639106047,0.07411062580077657,0.12223702610641048,0.23301153866303856,0.31534205219827804,0.08845253245096087,0.08808705281042578,0.12812717222357903,0.21787291400482978,0.20647313965099515,0.10125449055121383,0.08845536954305018
0.030336729234816263,0.0495361430625697,0.18981402725434607,0.46507866641554757,-0.013696621987017083,0.07238227169961836,0.12090375324946631,0.22970435058853525,0.3142225567083632,0.08877258901609608,0.08603715416279523,0.1281900474953693,0.21841451104275797,0.20263738469748493,0.10010022844595978,0.08736510073722382
0.030071396608654304,0.05099608403142076,0.18970443821088437,0.46538797205498583,-0.011409446334928096,0.07065391759846014,0.1195704803925221,0.22639716251403194,0.31310306121844833,0.08909264558123128,0.08398725551516467,0.12825292276715952,0.2189561080806862,0.19880162974397472,0.09894596634070574,0.08627483193139746
0.02980606398249235,0.05245602500027181,0.1895948491674227,0.4656972776944241,-0.00912227068283911,0.06892556349730193,0.11823720753557793,0.22308997443952858,0.3119835657285334,0.08941270214636651,0.0819373568675341,0.1283157980389498,0.21949770511861438,0.1949658747904645,0.09779170423545168,0.08518456312557106
0.029540731356330386,0.05391596596912287,0.18948526012396102,0.46600658333386236,-0.006835095030750125,0.06719720939614372,0.11690393467863373,0.2197827863650253,0.31086407023861856,0.08973275871150171,0.07988745821990353,0.12837867331074002,0.2200393021565426,0.1911301198369543,0.09663744213019763,0.0840942943197447
0.029275398730168427,0.0553759069379739,0.18937567108049932,0.4663158889733006,-0.004547919378661162,0.06546885529498553,0.11557066182168954,0.216475598290522,0.3097445747487037,0.09005281527663693,0.077837559572273,0.12844154858253026,0.2205808991944708,0.18729436488344411,0.09548318002494359,0.08300402551391833
0.02901006610400647,0.05683584790682495,0.18926608203703763,0.46662519461273905,-0.0022607437265721765,0.06374050119382732,0.11423738896474536,0.21316841021601868,0.30862507925878885,0.09037287184177213,0.07578766092464244,0.1285044238543205,0.22112249623239902,0.18345860992993387,0.09432891791968954,0.08191375670809195
0.028744733477844505,0.05829578887567601,0.18915649299357593,0.4669345002521773,2.6431925516836596e-5,0.06201214709266908,0.11290411610780116,0.20986122214151529,0.3075055837688739,0.09069292840690736,0.07373776227701186,0.12856729912611076,0.22166409327032724,0.17962285497642363,0.09317465581443547,0.08082348790226558
0.02847940085168255,0.05975572984452706,0.18904690395011425,0.46724380589161557,0.0023136075776057983,0.06028379299151087,0.11157084325085696,0.206554034067012,0.3063860882789591,0.09101298497204256,0.07168786362938132,0.12863017439790098,0.22220569030825543,0.17578710002291345,0.09202039370918143,0.07973321909643921
0.028198394662525023,0.06130191153347382,0.18893084133119686,0.4675713826403959,0.004735889839776956,0.05845334263752843,0.11015881213332541,0.20305148584636412,0.3052004626514194,0.09135194771848067,0.06951687465052041,0.12869676379843417,0.22277928022777896,0.17172476175106413,0.09079794775453884,0.07857854661339679
0.027917388473367496,0.06284809322242058,0.18881477871227945,0.46789895938917625,0.0071581721019480914,0.05662289228354601,0.10874678101579387,0.1995489376257163,0.30401483702387977,0.09169091046491877,0.06734588567165954,0.12876335319896737,0.22335287014730248,0.1676624234792149,0.08957550179989626,0.07742387413035438
0.02763638228420997,0.06439427491136734,0.18869871609336206,0.4682265361379565,0.009580454364119249,0.05479244192956356,0.10733474989826229,0.19604638940506847,0.3028292113963401,0.09202987321135687,0.06517489669279866,0.12882994259950054,0.22392646006682604,0.1636000852073656,0.08835305584525367,0.07626920164731196
0.027355376095052442,0.06594045660031411,0.18858265347444467,0.4685541128867369,0.012002736626290412,0.052961991575581104,0.10592271878073074,0.19254384118442058,0.30164358576880046,0.09236883595779498,0.06300390771393777,0.1288965320000337,0.2245000499863496,0.15953774693551628,0.08713060989061107,0.07511452916426953
0.027074369905894916,0.06748663828926087,0.18846659085552728,0.4688816896355173,0.014425018888461545,0.05113154122159868,0.1045106876631992,0.18904129296377278,0.30045796014126086,0.09270779870423308,0.060832918735076895,0.1289631214005669,0.22507363990587315,0.15547540866366705,0.08590816393596848,0.07395985668122712
0.026793363716737392,0.06903281997820765,0.1883505282366099,0.4692092663842976,0.016847301150632706,0.04930109086761623,0.10309865654566763,0.1855387447431249,0.2992723345137212,0.09304676145067119,0.058661929756216,0.1290297108011001,0.22564722982539667,0.15141307039181776,0.08468571798132589,0.0728051841981847
0.026512357527579872,0.07057900166715439,0.18823446561769244,0.4695368431330779,0.01926958341280384,0.047470640513633804,0.10168662542813608,0.18203619652247707,0.29808670888618155,0.09338572419710928,0.05649094077735514,0.12909630020163326,0.22622081974492023,0.1473507321199685,0.0834632720266833,0.07165051171514229
0.026231351338422342,0.07212518335610117,0.18811840299877505,0.46986441988185823,0.02169186567497502,0.04564019015965133,0.10027459431060452,0.17853364830182916,0.2969010832586419,0.09372468694354741,0.05431995179849422,0.12916288960216643,0.22679440966444375,0.14328839384811917,0.0822408260720407,0.07049583923209986
0.025950345149264815,0.07367136504504794,0.18800234037985766,0.4701919966306386,0.024114147937146158,0.0438097398056689,0.09886256319307296,0.17503110008118136,0.29571545763110224,0.09406364968998551,0.052148962819633354,0.12922947900269963,0.2273679995839673,0.1392260555762699,0.08101838011739809,0.06934116674905745
0.02566933896010729,0.07521754673399471,0.18788627776094025,0.4705195733794189,0.026536430199317316,0.041979289451686455,0.09745053207554141,0.17152855186053348,0.2945298320035626,0.09440261243642362,0.04997797384077247,0.12929606840323282,0.22794158950349086,0.1351637173044206,0.0797959341627555,0.06818649426601503
0.02538194554289134,0.07679887289821682,0.18776757705629848,0.4708545958980144,0.02901377056991218,0.04010723323878836,0.09600640570487572,0.16794639125007318,0.2933172572853367,0.09474927975467667,0.04775763861170304,0.12936417137074027,0.2285282170348869,0.13100904269980027,0.07854570219697625,0.067005576252566
0.025094552125675382,0.07838019906243895,0.18764887635165667,0.4711896184166099,0.031491110940507064,0.038235177025890243,0.09456227933421003,0.1643642306396129,0.29210468256711075,0.09509594707292975,0.0455373033826336,0.12943227433824775,0.22911484456628298,0.1268543680951799,0.07729547023119697,0.06582465823911694
0.024807158708459433,0.07996152522666104,0.18753017564701488,0.4715246409352054,0.033968451311101905,0.03636312081299217,0.09311815296354435,0.16078207002915262,0.29089210784888486,0.0954426143911828,0.0433169681535642,0.12950037730575523,0.22970147209767902,0.12269969349055959,0.07604523826541773,0.06464374022566792
0.024519765291243476,0.08154285139088317,0.18741147494237306,0.47185966345380087,0.03644579168169679,0.03449106460009405,0.09167402659287864,0.1571999094186923,0.2896795331306589,0.09578928170943586,0.04109663292449475,0.1295684802732627,0.2302880996290751,0.11854501888593921,0.07479500629963845,0.06346282221221887
0.024232371874027527,0.08312417755510529,0.18729277423773127,0.4721946859723964,0.03892313205229165,0.03261900838719596,0.09022990022221294,0.15361774880823204,0.28846695841243297,0.09613594902768892,0.03887629769542533,0.12963658324077015,0.23087472716047117,0.11439034428131886,0.0735447743338592,0.06228190419876983
0.023944978456811573,0.0847055037193274,0.18717407353308949,0.47252970849099185,0.041400472422886504,0.030746952174297862,0.08878577385154728,0.15003558819777177,0.2872543836942071,0.09648261634594198,0.03665596246635591,0.12970468620827763,0.2314613546918672,0.11023566967669853,0.07229454236807993,0.0611009861853208
0.02365758503959562,0.0862868298835495,0.1870553728284477,0.47286473100958737,0.04387781279348137,0.02887489596139977,0.08734164748088158,0.14645342758731147,0.28604180897598114,0.09682928366419503,0.03443562723728649,0.1297727891757851,0.23204798222326328,0.10608099507207819,0.07104431040230068,0.05992006817187177
0.023370191622379667,0.08786815604777164,0.18693667212380588,0.47319975352818283,0.046355153164076256,0.027002839748501654,0.08589752111021587,0.14287126697685115,0.28482923425775525,0.0971759509824481,0.032215292008217045,0.12984089214329259,0.23263460975465935,0.10192632046745781,0.0697940784365214,0.058739150158422716
0.023082798205163714,0.08944948221199375,0.1868179714191641,0.47353477604677835,0.04883249353467112,0.025130783535603555,0.08445339473955019,0.13928910636639089,0.2836166595395293,0.09752261830070116,0.029994956779147625,0.12990899511080004,0.2332212372860554,0.09777164586283746,0.06854384647074215,0.05755823214497369
0.02279540478794776,0.09103080837621587,0.18669927071452233,0.4738697985653738,0.05130983390526598,0.02325872732270546,0.0830092683688845,0.1357069457559306,0.28240408482130336,0.09786928561895422,0.0277746215500782,0.1299770980783075,0.23380786481745147,0.09361697125821714,0.06729361450496288,0.05637731413152465
0.02251024075273075,0.09259986780127909,0.18658149080067926,0.4742022222312209,0.053767956932328914,0.021401193114042778,0.08157634444455926,0.13215257285355228,0.2812009163458348,0.09821326375286053,0.025571510011931323,0.13004467275420933,0.2343899417336273,0.08949452549469107,0.06605308089854763,0.05520555679192442
0.022225076717513736,0.0941689272263423,0.1864637108868362,0.47453464589706806,0.05622607995939188,0.01954365890538008,0.080143420520234,0.12859819995117394,0.27999774787036613,0.09855724188676686,0.023368398473784427,0.13011224743011116,0.2349720186498031,0.08537207973116498,0.06481254729213236,0.05403379945232417
0.02193991268229673,0.09573798665140551,0.18634593097299312,0.47486706956291513,0.05868420298645478,0.01768612469671742,0.07871049659590876,0.12504382704879563,0.27879457939489755,0.09890122002067317,0.021165286935637573,0.13017982210601298,0.23555409556597895,0.081249633967639,0.0635720136857171,0.052862042112723946
0.021654748647079714,0.09730704607646874,0.18622815105915005,0.4751994932287622,0.06114232601351771,0.01582859048805474,0.07727757267158351,0.12148945414641733,0.2775914109194289,0.09924519815457948,0.018962175397490698,0.13024739678191477,0.23613617248215477,0.07712718820411293,0.06233148007930185,0.05169028477312372
0.021369584611862703,0.09887610550153195,0.18611037114530704,0.4755319168946094,0.06360044904058064,0.013971056279392057,0.07584464874725827,0.11793508124403904,0.2763882424439603,0.09958917628848579,0.016759063859343823,0.1303149714578166,0.2367182493983306,0.07300474244058688,0.06109094647288659,0.05051852743352349
0.021084420576645696,0.10044516492659515,0.18599259123146397,0.47586434056045646,0.06605857206764355,0.0121135220707294,0.07441172482293304,0.11438070834166073,0.2751850739684917,0.09993315442239212,0.01455595232119697,0.1303825461337184,0.23730032631450645,0.06888229667706086,0.05985041286647135,0.04934677009392327
0.020799256541428685,0.10201422435165838,0.1858748113176209,0.4761967642263036,0.06851669509470648,0.010255987862066718,0.0729788008986078,0.11082633543928243,0.27398190549302304,0.10027713255629843,0.012352840783050096,0.13045012080962023,0.23788240323068227,0.06475985091353481,0.0586098792600561,0.04817501275432304
0.02051409250621167,0.1035832837767216,0.18575703140377783,0.47652918789215065,0.07097481812176944,0.008398453653404019,0.07154587697428254,0.10727196253690409,0.27277873701755445,0.10062111069020474,0.010149729244903191,0.13051769548552206,0.2384644801468581,0.06063740515000873,0.057369345653640824,0.0470032554147228
0.020228928470994664,0.1051523432017848,0.18563925148993476,0.4768616115579978,0.07343294114883235,0.00654091944474136,0.07011295304995731,0.10371758963452579,0.2715755685420858,0.10096508882411107,0.00794661770675634,0.13058527016142385,0.2390465570630339,0.056514959386482724,0.05612881204722558,0.045831498075122566
0.019943764435777653,0.10672140262684802,0.18552147157609172,0.4771940352238449,0.07589106417589528,0.004683385236078679,0.06868002912563205,0.10016321673214748,0.27037240006661717,0.10130906695801738,0.005743506168609462,0.13065284483732567,0.23962863397920972,0.05239251362295667,0.05488827844081032,0.04465974073552234
0.01968172000348756,0.10816325095094405,0.18541324063934442,0.4774995077240163,0.07814989549252926,0.002976450149408265,0.06736327915055561,0.09689701372501791,0.2692667781747697,0.10162515715063612,0.00371901134812445,0.13071494091325755,0.24016351915479783,0.048604294120003624,0.05374832078667458,0.04358298332954855
0.01941967557119747,0.10960509927504006,0.18530500970259708,0.4778049802241876,0.08040872680916326,0.001269515062737856,0.06604652917547918,0.09363081071788834,0.26816115628292214,0.10194124734325487,0.001694516527639438,0.13077703698918944,0.24069840433038592,0.04481607461705059,0.052608363132538846,0.04250622592357475
0.01915763113890738,0.1110469475991361,0.18519677876584978,0.478110452724359,0.08266755812579724,-0.0004374200239325532,0.06472977920040274,0.09036460771075878,0.2670555343910746,0.10225733753587361,-0.0003299782928455652,0.13083913306512132,0.24123328950597403,0.041027855114097546,0.05146840547840312,0.04142946851760096
0.01889558670661729,0.11248879592323209,0.18508854782910247,0.47841592522453036,0.08492638944243124,-0.0021443551106029623,0.06341302922532628,0.08709840470362921,0.2659499124992271,0.10257342772849237,-0.0023544731133305773,0.1309012291410532,0.24176817468156211,0.0372396356111445,0.05032844782426738,0.040352711111627165
0.0186335422743272,0.11393064424732813,0.18498031689235517,0.4787213977247017,0.08718522075906524,-0.00385129019727338,0.06209627925024986,0.08383220169649964,0.2648442906073796,0.10288951792111112,-0.004378967933815589,0.1309633252169851,0.24230305985715023,0.03345141610819146,0.049188490170131646,0.03927595370565337
0.01837149784203711,0.11537249257142414,0.18487208595560786,0.4790268702248731,0.08944405207569922,-0.0055582252839437895,0.06077952927517341,0.08056599868937007,0.26373866871553203,0.10320560811372986,-0.0064034627543006015,0.131025421292917,0.2428379450327383,0.02966319660523842,0.04804853251599592,0.03819919629967958
0.018109453409747022,0.11681434089552017,0.18476385501886056,0.4793323427250445,0.09170288339233322,-0.007265160370614199,0.05946277930009697,0.0772997956822405,0.2626330468236845,0.10352169830634862,-0.008427957574785615,0.13108751736884888,0.24337283020832642,0.025874977102285382,0.04690857486186018,0.037122438893705784
0.01784740897745693,0.11825618921961618,0.18465562408211322,0.47963781522521587,0.09396171470896722,-0.008972095457284607,0.05814602932502053,0.07403359267511095,0.261527424931837,0.10383778849896737,-0.010452452395270626,0.13114961344478077,0.2439077153839145,0.02208675759933234,0.045768617207724446,0.03604568148773199
0.01758536454516684,0.11969803754371221,0.18454739314536592,0.47994328772538725,0.09622054602560119,-0.010679030543955017,0.05682927934994409,0.07076738966798138,0.26042180303998946,0.10415387869158611,-0.012476947215755638,0.13121170952071265,0.2444426005595026,0.0182985380963793,0.04462865955358872,0.034968924081758196
0.017323320112876753,0.12113988586780822,0.1844391622086186,0.48024876022555857,0.09847937734223518,-0.012385965630625434,0.05551252937486764,0.06750118666085181,0.2593161811481419,0.10446996888420486,-0.014501442036240651,0.13127380559664453,0.2449774857350907,0.014510318593426259,0.04348870189945298,0.033892166675784395
0.01708195549804088,0.12246794753412871,0.1843394725562454,0.4805301256859977,0.10055994797658858,-0.013958194149825385,0.05429969364394993,0.06449274330679161,0.2582978118595914,0.1047611141183473,-0.01636616935867673,0.13133100122304703,0.2454701592609465,0.011021054832875148,0.04243870653143431,0.032900383968198256
0.01684059088320501,0.12379600920044917,0.18423978290387213,0.48081149114643684,0.10264051861094194,-0.015530422669025299,0.05308685791303224,0.0614842999527315,0.2572794425710409,0.10505225935248974,-0.01823089668111277,0.1313881968494495,0.24596283278680228,0.007531791072324125,0.041388711163415665,0.031908601260612145
0.016599226268369148,0.12512407086676963,0.18414009325149894,0.48109285660687595,0.10472108924529529,-0.017102651188225213,0.05187402218211456,0.058475856598671376,0.25626107328249037,0.10534340458663217,-0.020095624003548817,0.131445392475852,0.24645550631265806,0.004042527311773103,0.04033871579539703,0.03091681855302603
0.016357861653533274,0.12645213253309012,0.1840404035991257,0.48137422206731506,0.1068016598796487,-0.018674879707425162,0.05066118645119684,0.055467413244611186,0.25524270399393983,0.10563454982077461,-0.0219603513259849,0.13150258810225451,0.24694817983851386,0.0005532635512219919,0.039288720427378354,0.029925035845439887
0.016116497038697407,0.12778019419941056,0.1839407139467525,0.4816555875277542,0.10888223051400205,-0.020247108226625076,0.049448350720279144,0.052458969890551065,0.25422433470538935,0.10592569505491704,-0.023825078648420935,0.131559783728657,0.24744085336436963,-0.0029360002093290305,0.03823872505935971,0.028933253137853773
0.015875132423861536,0.12910825586573108,0.18384102429437923,0.48193695298819333,0.11096280114835544,-0.021819336745825025,0.04823551498936143,0.04945052653649089,0.2532059654168388,0.10621684028905949,-0.025689805970857026,0.1316169793550595,0.24793352689022544,-0.006425263969880142,0.037188729691341044,0.02794147043026764
0.01563376780902567,0.1304363175320515,0.183741334642006,0.48221831844863255,0.11304337178270879,-0.02339156526502494,0.04702267925844374,0.046442083182430774,0.2521875961282883,0.10650798552320193,-0.027554533293293063,0.13167417498146197,0.2484262004160812,-0.009914527730431182,0.0361387343233224,0.02694968772268152
0.015392403194189797,0.13176437919837203,0.18364164498963276,0.4824996839090716,0.1151239424170622,-0.02496379378422489,0.04580984352752603,0.043433639828370584,0.25116922683973775,0.10679913075734436,-0.029419260615729144,0.1317313706078645,0.248918873941937,-0.013403791490982293,0.03508873895530374,0.025957905015095387
0.015151038579353925,0.1330924408646925,0.18354195533725953,0.4827810493695107,0.1172045130514156,-0.026536022303424847,0.04459700779660831,0.04042519647431039,0.2501508575511872,0.1070902759914868,-0.031283987938165225,0.131788566234267,0.24941154746779282,-0.016893055251533406,0.034038743587285064,0.024966122307509248
0.014909673964518057,0.13442050253101295,0.18344226568488634,0.48306241482994994,0.11928508368576896,-0.02810825082262476,0.04338417206569062,0.03741675312025027,0.24913248826263673,0.10738142122562923,-0.03314871526060127,0.13184576186066949,0.2499042209936486,-0.020382319012084427,0.03298874821926642,0.023974339599923136
0.014686670402667534,0.13564753608830554,0.18335015960888182,0.4833223762990422,0.12120738146109909,-0.029560877008376885,0.04226359899362639,0.034637167620374214,0.2481915882107365,0.10765041850293817,-0.03487158932424979,0.1318986065099098,0.25035941593251737,-0.023606148020193042,0.03201862794229899,0.023058003638564993
0.014463666840817005,0.13687456964559813,0.1832580535328773,0.4835823377681346,0.12312967923642928,-0.03101350319412905,0.041143025921562125,0.03185758212049811,0.24725068815883625,0.10791941578024711,-0.036594463387898346,0.13195145115915013,0.2508146108713861,-0.026829977028301765,0.031048507665331532,0.02214166767720684
0.01424066327896648,0.1381016032028907,0.18316594745687279,0.48384229923722694,0.1250519770117594,-0.03246612937988117,0.04002245284949788,0.02907799662062205,0.246309788106936,0.10818841305755605,-0.03831733745154684,0.13200429580839046,0.25126980581025493,-0.03005380603641038,0.030078387388364092,0.021225331715848696
0.014017659717115955,0.13932863676018326,0.18307384138086827,0.4841022607063193,0.12697427478708956,-0.03391875556563329,0.03890187977743365,0.026298411120745994,0.24536888805503576,0.10845741033486497,-0.040040211515195365,0.13205714045763078,0.2517250007491237,-0.033277635044519034,0.029108267111396656,0.020308995754490564
0.013794656155265433,0.14055567031747584,0.18298173530486378,0.4843622221754116,0.12889657256241968,-0.035371381751385426,0.037781306705369416,0.023518825620869935,0.24442798800313553,0.1087264076121739,-0.04176308557884387,0.1321099851068711,0.25218019568799244,-0.03650146405262765,0.028138146834429226,0.019392659793132427
0.013571652593414902,0.14178270387476843,0.18288962922885926,0.48462218364450393,0.13081887033774986,-0.03682400793713758,0.03666073363330515,0.02073924012099383,0.24348708795123528,0.10899540488948284,-0.04348595964249242,0.13216282975611146,0.2526353906268612,-0.039725293060736376,0.02716802655746177,0.018476323831774267
0.013348649031564378,0.143009737432061,0.18279752315285477,0.4848821451135963,0.13274116811308,-0.03827663412288971,0.035540160561240916,0.01795965462111777,0.24254618789933502,0.10926440216679179,-0.045208833706140934,0.13221567440535179,0.25309058556573,-0.04294912206884499,0.02619790628049433,0.01755998787041613
0.013125645469713856,0.14423677098935359,0.18270541707685026,0.48514210658268864,0.13466346588841016,-0.03972926030864182,0.03441958748917668,0.015180069121241715,0.2416052878474348,0.10953339944410072,-0.04693170776978946,0.1322685190545921,0.2535457805045988,-0.04617295107695361,0.0252277860035269,0.016643651909057998
0.012902641907863326,0.14546380454664617,0.18261331100084577,0.48540206805178093,0.1365857636637403,-0.04118188649439399,0.033299014417112416,0.012400483621365588,0.2406643877955345,0.10980239672140966,-0.04865458183343801,0.13232136370383243,0.25400097544346756,-0.049396780085062326,0.024257665726559435,0.015727315947699837
0.012679638346012802,0.14669083810393876,0.18252120492484125,0.4856620295208733,0.13850806143907046,-0.04263451268014612,0.03217844134504817,0.009620898121489531,0.23972348774363428,0.11007139399871858,-0.05037745589708651,0.13237420835307276,0.2544561703823363,-0.05262060909317094,0.023287545449592006,0.014810979986341693
0.01247296169834089,0.14782803600381872,0.18243584227475235,0.485902958250935,0.14028962069640066,-0.04398078673918076,0.03113990956517962,0.0070448163393658095,0.23885147445870114,0.1103206969921136,-0.0519741919890169,0.1324231840504193,0.2548780388189745,-0.05560840967597043,0.022388451260161205,0.013961732364181918
0.012266285050668983,0.14896523390369867,0.18235047962466344,0.4861438869809966,0.1420711799537308,-0.045327060798215364,0.030101377785311093,0.0044687345572421225,0.23797946117376803,0.11056999998550858,-0.05357092808094723,0.13247215974776583,0.2552999072556126,-0.05859621025876985,0.021489357070730436,0.013112484742022161
0.012059608402997074,0.1501024318035786,0.18226511697457454,0.4863848157110582,0.14385273921106095,-0.04667333485724995,0.029062846005442563,0.0018926527751184708,0.2371074478888349,0.11081930297890358,-0.05516766417287755,0.13252113544511235,0.25572177569225074,-0.06158401084156926,0.020590262881299674,0.012263237119862404
0.011852931755325162,0.15123962970345858,0.1821797543244856,0.4866257444411199,0.14563429846839115,-0.04801960891628458,0.028024314225574002,-0.0006834290070052873,0.23623543460390173,0.11106860597229858,-0.05676440026480794,0.13257011114245887,0.25614364412888885,-0.06457181142436876,0.019691168691868873,0.011413989497702622
0.011646255107653252,0.15237682760333857,0.18209439167439673,0.4868666731711815,0.14741585772572136,-0.04936588297531922,0.026985782445705445,-0.0032595107891290097,0.23536342131896856,0.11131790896569356,-0.05836113635673831,0.13261908683980542,0.256565512565527,-0.06755961200716824,0.018792074502438087,0.010564741875542847
0.011439578459981338,0.15351402550321855,0.1820090290243078,0.4871076019012432,0.14919741698305156,-0.05071215703435386,0.025947250665836884,-0.005835592571252768,0.2344914080340354,0.11156721195908856,-0.05995787244866868,0.13266806253715194,0.25698738100216517,-0.07054741258996776,0.017892980313007286,0.009715494253383063
0.01123290181230943,0.15465122340309848,0.18192366637421892,0.4873485306313048,0.15097897624038167,-0.05205843109338846,0.024908718885968354,-0.00841167435337642,0.2336193947491023,0.11181651495248354,-0.061554608540599014,0.13271703823449849,0.2574092494388033,-0.07353521317276714,0.016993886123576517,0.008866246631223308
0.011026225164637518,0.15578842130297843,0.18183830372413,0.4875894593613665,0.15276053549771187,-0.0534047051524231,0.023870187106099793,-0.010987756135500177,0.23274738146416912,0.11206581794587855,-0.0631513446325294,0.132766013931845,0.25783111787544144,-0.07652301375556667,0.016094791934145727,0.008016999009063523
0.010819548516965611,0.1569256192028584,0.1817529410740411,0.4878303880914281,0.15454209475504205,-0.05475097921145768,0.022831655326231264,-0.013563837917623828,0.231875368179236,0.11231512093927355,-0.06474808072445974,0.13281498962919153,0.25825298631207955,-0.07951081433836608,0.015195697744714956,0.007167751386903767
0.010612871869293699,0.15806281710273837,0.1816675784239522,0.4880713168214897,0.15632365401237222,-0.05609725327049232,0.02179312354636271,-0.016139919699747585,0.23100335489430285,0.11256442393266854,-0.06634481681639011,0.13286396532653805,0.2586748547487177,-0.08249861492116556,0.014296603555284157,0.006318503764743993
0.010420815009170666,0.15911957247616673,0.181588254113574,0.4882952028576254,0.1579791902373894,-0.05734829528010406,0.0208280548991483,-0.018533775919441206,0.23019302564145136,0.11279609185775857,-0.06782860380304612,0.1329094766059238,0.2590668812705256,-0.08527506598648939,0.013461109033178991,0.005529329788795438
0.01022875814904763,0.16017632784959512,0.18150892980319575,0.48851908889376106,0.15963472646240656,-0.05859933728971579,0.019862986251933893,-0.020927632139134858,0.22938269638859984,0.11302775978284861,-0.06931239078970214,0.13295498788530957,0.2594589077923335,-0.08805151705181326,0.012625614511073824,0.004740155812846893
0.010036701288924602,0.16123308322302346,0.18142960549281756,0.4887429749298967,0.16129026268742372,-0.05985037929932747,0.01889791760471951,-0.023321488358828402,0.22857236713574836,0.11325942770793866,-0.07079617777635809,0.13300049916469536,0.25985093431414136,-0.090827968117137,0.011790119988968674,0.003950981836898366
0.009844644428801562,0.16228983859645185,0.18135028118243934,0.4889668609660323,0.1629457989124409,-0.06110142130893924,0.017932848957505066,-0.025715344578522092,0.2277620378828968,0.1134910956330287,-0.07227996476301415,0.13304601044408113,0.2602429608359493,-0.09360441918246094,0.010954625466863481,0.0031618078609497945
0.009652587568678532,0.1633465939698802,0.1812709568720611,0.48919074700216797,0.16460133513745803,-0.06235246331855094,0.01696778031029069,-0.028109200798215675,0.22695170863004535,0.11372276355811874,-0.0737637517496701,0.1330915217234669,0.26063498735775714,-0.09638087024778469,0.010119130944758341,0.0023726338850012674
0.009460530708555492,0.16440334934330864,0.18119163256168289,0.4894146330383037,0.16625687136247527,-0.06360350532816271,0.01600271166307625,-0.03050305701790936,0.2261413793771938,0.11395443148320877,-0.07524753873632617,0.13313703300285265,0.26102701387956506,-0.09915732131310863,0.009283636422653148,0.0015834599090526957
0.009268473848432464,0.16546010471673697,0.18111230825130467,0.48963851907443934,0.1679124075874924,-0.06485454733777439,0.015037643015861874,-0.03289691323760291,0.22533105012434235,0.1141860994082988,-0.07673132572298214,0.1331825442822384,0.2614190404013729,-0.10193377237843242,0.008448141900547998,0.0007942859331041774
0.009076416988309431,0.16651686009016534,0.18103298394092648,0.48986240511057494,0.1695679438125096,-0.06610558934738613,0.014072574368647466,-0.03529076945729656,0.22452072087149083,0.11441776733338883,-0.07821511270963814,0.1332280555616242,0.2618110669231808,-0.10471022344375625,0.007612647378442832,5.1119571556235146e-6
0.008884360128186395,0.16757361546359373,0.18095365963054824,0.4900862911467106,0.17122348003752677,-0.06735663135699785,0.013107505721433058,-0.03768462567699018,0.22371039161863934,0.11464943525847887,-0.07969889969629415,0.13327356684100997,0.2622030934449887,-0.1074866745090801,0.006777152856337665,-0.0007840620187929215
0.008692303268063362,0.1686303708370221,0.18087433532017003,0.49031017718284625,0.17287901626254393,-0.06860767336660957,0.012142437074218648,-0.040078481896683796,0.22290006236578783,0.11488110318356892,-0.08118268668295016,0.13331907812039573,0.2625951199667966,-0.11026312557440393,0.005941658334232489,-0.0015732359947414664
0.008513470544021936,0.16961436298369442,0.18080047291036827,0.4905186474748803,0.17442056001515666,-0.06977257448144507,0.011243818535116397,-0.04230750838632378,0.22214552859092002,0.11509681954012257,-0.08256430704553928,0.1333614557061896,0.26296015337797746,-0.11284840322010484,0.005163692052715438,-0.00230807114601423
0.008334637819980508,0.17059835513036675,0.18072661050056651,0.4907271177669142,0.17596210376776938,-0.07093747559628055,0.010345199996014126,-0.04453653487596377,0.2213909948160522,0.11531253589667624,-0.0839459274081284,0.1334038332919835,0.2633251867891583,-0.11543368086580573,0.004385725771198387,-0.0030429062972870025
0.008155805095939082,0.17158234727703905,0.1806527480907648,0.49093558805894816,0.1775036475203821,-0.07210237671111604,0.009446581456911875,-0.04676556136560375,0.22063646104118445,0.1155282522532299,-0.08532754777071752,0.13344621087777736,0.2636902202003391,-0.11801895851150662,0.003607759489681337,-0.003777741448559766
0.007976972371897649,0.1725663394237114,0.18057888568096303,0.4911440583509822,0.1790451912729949,-0.07326727782595156,0.008547962917809588,-0.04899458785524377,0.21988192726631664,0.11574396860978357,-0.08670916813330669,0.13348858846357126,0.26405525361151994,-0.1206042361572076,0.0028297932081642685,-0.004512576599832547
0.007798139647856228,0.17355033157038374,0.18050502327116127,0.49135252864301615,0.18058673502560757,-0.07443217894078702,0.0076493443787073725,-0.051223614344883685,0.21912739349144886,0.11595968496633721,-0.08809078849589574,0.13353096604936515,0.26442028702270076,-0.12318951380290842,0.0020518269266472356,-0.005247411751105293
0.007619306923814795,0.1745343237170561,0.18043116086135952,0.49156099893505006,0.18212827877822035,-0.07559708005562255,0.006750725839605085,-0.053452640834523744,0.21837285971658105,0.11617540132289088,-0.08947240885848493,0.13357334363515902,0.2647853204338816,-0.1257747914486094,0.001273860645130167,-0.005982246902378083
0.007440474199773368,0.17551831586372843,0.1803572984515578,0.49176946922708403,0.18366982253083314,-0.07676198117045803,0.005852107300502833,-0.05568166732416373,0.21761832594171324,0.11639111767944454,-0.09085402922107404,0.1336157212209529,0.26515035384506247,-0.1283600690943103,0.0004958943636131075,-0.006717082053650847
0.007261641475731942,0.17650230801040073,0.18028343604175603,0.49197793951911806,0.18521136628344587,-0.07792688228529351,0.004953488761400564,-0.05791069381380371,0.21686379216684545,0.1166068340359982,-0.09223564958366316,0.13365809880674678,0.26551538725624324,-0.13094534674001118,-0.0002820719179039344,-0.007451917204923611
0.007082808751690515,0.17748630015707306,0.18020957363195428,0.492186409811152,0.18675291003605857,-0.07909178340012901,0.004054870222298312,-0.060139720303443694,0.2161092583919777,0.11682255039255185,-0.09361726994625227,0.13370047639254065,0.2658804206674241,-0.1335306243857121,-0.001060038199420994,-0.008186752356196375
0.006903976027649088,0.1784702923037454,0.18013571122215255,0.49239488010318594,0.18829445378867135,-0.08025668451496451,0.0031562516831960606,-0.06236874679308364,0.2153547246171099,0.11703826674910552,-0.0949988903088414,0.13374285397833455,0.26624545407860495,-0.136115902031413,-0.0018380044809380358,-0.008921587507469138
0.006737243427362345,0.17938770588202543,0.1800668464675854,0.49258924494362377,0.1897316940907839,-0.08134276645547363,0.002318435190193995,-0.0644469535906249,0.21465124387015921,0.11723938737311526,-0.09628702790725004,0.13378236422519324,0.2665857887134653,-0.13852625543088953,-0.002563332251613275,-0.009606702472923834
0.006570510827075593,0.1803051194603055,0.17999798171301823,0.4927836097840615,0.1911689343928964,-0.08242884839598283,0.0014806186971918934,-0.06652516038816618,0.21394776312320857,0.11744050799712501,-0.09757516550565873,0.13382187447205193,0.26692612334832566,-0.14093660883036618,-0.0032886600222885322,-0.010291817438378557
0.00640377822678885,0.18122253303858557,0.17992911695845104,0.4929779746244992,0.19260617469500893,-0.08351493033649195,0.0006428022041898274,-0.06860336718570742,0.21324428237625795,0.11764162862113477,-0.09886330310406737,0.1338613847189106,0.267266457983186,-0.14334696222984272,-0.004013987792963771,-0.010976932403833262
0.006237045626502098,0.18213994661686564,0.17986025220388388,0.493172339464937,0.19404341499712152,-0.08460101227700115,-0.00019501428881227412,-0.07068157398324872,0.21254080162930727,0.11784274924514451,-0.10015144070247604,0.1339008949657693,0.2676067926180464,-0.14575731562931935,-0.004739315563639029,-0.011662047369287984
0.0060703130262153545,0.18305736019514568,0.17979138744931672,0.4933667043053747,0.19548065529923406,-0.08568709421751027,-0.00103283078181434,-0.07275978078078996,0.21183732088235666,0.11804386986915424,-0.1014395783008847,0.13394040521262798,0.2679471272529067,-0.14816766902879588,-0.005464643334314267,-0.012347162334742671
0.0059035804259286095,0.18397477377342572,0.17972252269474956,0.49356106914581255,0.1969178956013466,-0.08677317615801944,-0.001870647274816406,-0.07483798757833117,0.211133840135406,0.11824499049316399,-0.10272771589929333,0.13397991545948668,0.26828746188776703,-0.15057802242827242,-0.006189971104989489,-0.013032277300197377
0.0057368478256418646,0.1848921873517058,0.1796536579401824,0.49375543398625027,0.19835513590345918,-0.08785925809852856,-0.002708463767818472,-0.07691619437587242,0.21043035938845533,0.11844611111717374,-0.10401585349770198,0.13401942570634537,0.2686277965226274,-0.152988375827749,-0.0069152988756647285,-0.013717392265652065
0.005570115225355114,0.18580960092998583,0.17958479318561524,0.493949798826688,0.19979237620557172,-0.08894534003903776,-0.0035462802608205737,-0.0789944011734137,0.2097268786415047,0.1186472317411835,-0.10530399109611066,0.13405893595320406,0.2689681311574878,-0.1553987292272256,-0.007640626646339985,-0.014402507231106787
0.0054033826250683694,0.1867270145082659,0.17951592843104805,0.49414416366712577,0.20122961650768423,-0.09003142197954687,-0.004384096753822639,-0.08107260797095496,0.20902339789455404,0.11884835236519324,-0.1065921286945193,0.13409844620006273,0.26930846579234813,-0.15780908262670215,-0.008365954417015225,-0.015087622196561491
0.005236650024781624,0.18764442808654594,0.1794470636764809,0.49433852850756355,0.20266685680979676,-0.09111750392005603,-0.0052219132468247055,-0.08315081476849617,0.20831991714760342,0.11904947298920299,-0.10788026629292792,0.13413795644692145,0.26964880042720846,-0.16021943602617866,-0.009091282187690463,-0.01577273716201618
0.005081118374600298,0.18850021062387373,0.17938282519583137,0.49451983608819583,0.20400754456678158,-0.09213062382671505,-0.006003445961372691,-0.08508940945294156,0.20766369562130407,0.11923708250578186,-0.10908186793529756,0.13417481242998913,0.2699662716792771,-0.16246786399465057,-0.009767883073788628,-0.01641182670394042
0.004925586724418967,0.18935599316120155,0.17931858671518186,0.49470114366882806,0.2053482323237664,-0.09314374373337415,-0.006784978675920712,-0.087028004137387,0.20700747409500472,0.11942469202236072,-0.1102834695776672,0.13421166841305684,0.2702837429313457,-0.1647162919631225,-0.01044448395988681,-0.017050916245864665
0.004770055074237644,0.19021177569852932,0.17925434823453235,0.4948824512494603,0.20668892008075104,-0.09415686364003313,-0.007566511390468662,-0.08896659882183229,0.20635125256870537,0.11961230153893958,-0.11148507122003677,0.13424852439612456,0.2706012141834143,-0.16696471993159434,-0.011121084845984957,-0.017690005787788888
0.004614523424056314,0.19106755823585714,0.17919010975388283,0.49506375883009257,0.20802960783773586,-0.09516998354669219,-0.008348044105016683,-0.09090519350627776,0.20569503104240602,0.11979991105551846,-0.11268667286240641,0.13428538037919227,0.2709186854354829,-0.16921314790006625,-0.01179768573208314,-0.018329095329713132
0.004458991773874992,0.19192334077318493,0.17912587127323332,0.4952450664107248,0.2093702955947206,-0.09618310345335121,-0.009129576819564634,-0.09284378819072306,0.20503880951610673,0.11998752057209731,-0.11388827450477597,0.13432223636225996,0.2712361566875516,-0.1714615758685381,-0.012474286618181285,-0.01896818487163736
0.004303460123693656,0.19277912331051272,0.1790616327925838,0.4954263739913571,0.2107109833517054,-0.09719622336001027,-0.009911109534112655,-0.09478238287516849,0.20438258798980732,0.12017513008867621,-0.11508987614714561,0.1343590923453277,0.2715536279396202,-0.17371000383701002,-0.013150887504279467,-0.0196072744135616
0.004147928473512335,0.1936349058478405,0.1789973943119343,0.4956076815719893,0.21205167110869005,-0.09820934326666926,-0.010692642248660622,-0.09672097755961381,0.20372636646350806,0.12036273960525506,-0.11629147778951518,0.13439594832839538,0.27187109919168884,-0.1759584318054818,-0.013827488390377613,-0.020246363955485805
0.003992396823330999,0.19449068838516836,0.17893315583128477,0.4957889891526216,0.21339235886567492,-0.09922246317332839,-0.01147417496320866,-0.09865957224405932,0.20307014493720865,0.12055034912183395,-0.11749307943188489,0.1344328043114631,0.27218857044375744,-0.17820685977395384,-0.014504089276475814,-0.0208854534974101
0.0038368651731496774,0.1953464709224961,0.17886891735063526,0.4959702967332538,0.21473304662265968,-0.10023558307998737,-0.01225570767775661,-0.10059816692850461,0.20241392341090936,0.1207379586384128,-0.11869468107425446,0.1344696602945308,0.27250604169582604,-0.1804552877424256,-0.01518069016257396,-0.02152454303933431
0.0036813335229683507,0.1962022534598239,0.17880467886998574,0.4961516043138861,0.21607373437964442,-0.1012487029866464,-0.013037240392304597,-0.10253676161295001,0.20175770188461,0.12092556815499167,-0.11989628271662406,0.13450651627759852,0.2728235129478947,-0.18270371571089755,-0.015857291048672124,-0.022163632581258533
0.0035362831554223506,0.19700036478593744,0.17874476942250067,0.4963206935711461,0.21732407314791657,-0.10219354871198742,-0.01376610559345334,-0.1043447143426593,0.20114570314692323,0.12110053466054321,-0.12101690838777449,0.13454088853484653,0.2731195898026323,-0.1848006220502009,-0.01648829578048117,-0.022759653859518218
0.00339123278787635,0.19779847611205098,0.17868485997501554,0.4964897828284061,0.21857441191618876,-0.10313839443732846,-0.014494970794602081,-0.10615266707236863,0.2005337044092364,0.12127550116609476,-0.12213753405892498,0.13457526079209456,0.27341566665737,-0.1868975283895044,-0.017119300512290235,-0.023355675137777938
0.0032461824203303636,0.19859658743816447,0.17862495052753047,0.4966588720856661,0.21982475068446086,-0.10408324016266939,-0.015223835995750754,-0.10796061980207777,0.19992170567154965,0.1214504676716463,-0.12325815973007534,0.13460963304934256,0.2737117435121076,-0.1889944347288077,-0.017750305244099228,-0.023951696416037588
0.003101132052784359,0.199394698764278,0.17856504108004537,0.49682796134292606,0.2210750894527331,-0.10502808588801045,-0.015952701196899514,-0.10976857253178714,0.19930970693386285,0.12162543417719783,-0.12437878540122585,0.13464400530659057,0.27400782036684523,-0.19109134106811118,-0.018381309975908307,-0.02454771769429729
0.002956081685238359,0.2001928100903915,0.1785051316325603,0.49699705060018606,0.22232542822100526,-0.10597293161335145,-0.016681566398048256,-0.1115765252614964,0.19869770819617608,0.12180040068274937,-0.12549941107237628,0.13467837756383857,0.2743038972215828,-0.1931882474074146,-0.019012314707717356,-0.025143738972556992
0.0028110313176923627,0.20099092141650504,0.17844522218507516,0.4971661398574462,0.22357576698927745,-0.10691777733869244,-0.017410431599196984,-0.1133844779912057,0.19808570945848927,0.12197536718830092,-0.12662003674352673,0.13471274982108658,0.2745999740763205,-0.19528515374671807,-0.0196433194395264,-0.025739760250816673
0.0026659809501463714,0.20178903274261853,0.1783853127375901,0.4973352291147062,0.22482610575754955,-0.10786262306403344,-0.01813929680034569,-0.11519243072091491,0.19747371072080253,0.12215033369385246,-0.12774066241467713,0.13474712207833459,0.2748960509310581,-0.19738206008602133,-0.02027432417133541,-0.02633578152907634
0.002520930582600367,0.2025871440687321,0.178325403290105,0.4975043183719661,0.2260764445258217,-0.10880746878937447,-0.018868162001494434,-0.11700038345062425,0.1968617119831157,0.122325300199404,-0.12886128808582764,0.13478149433558262,0.27519212778579577,-0.19947896642532492,-0.020905328903144477,-0.02693180280733606
0.0023758802150543714,0.20338525539484562,0.1782654938426199,0.4976734076292261,0.2273267832940939,-0.10975231451471547,-0.019597027202643176,-0.11880833618033354,0.19624971324542892,0.12250026670495555,-0.12998191375697807,0.13481586659283062,0.27548820464053336,-0.20157587276462827,-0.02153633363495352,-0.027527824085595745
0.0022308298475083753,0.20418336672095908,0.1782055843951348,0.49784249688648613,0.22857712206236605,-0.11069716024005646,-0.020325892403791866,-0.12061628891004275,0.1956377145077422,0.12267523321050708,-0.1311025394281285,0.13485023885007863,0.275784281495271,-0.20367277910393164,-0.02216733836676255,-0.028123845363855413
0.002095680378488125,0.20492700028610042,0.1781497642675895,0.49800004439031076,0.22974211477135612,-0.11157751235667827,-0.021005006470092676,-0.12230083377240884,0.19506748979312225,0.12283825679136165,-0.1321466730417742,0.13488226491381558,0.2760601486329002,-0.20562655407973224,-0.02275527175773595,-0.028679183214040612
0.0019605309094678745,0.20567063385124176,0.17809394414004423,0.4981575918941354,0.23090710748034618,-0.11245786447330008,-0.021684120536393472,-0.12398537863477489,0.1944972650785023,0.12300128037221622,-0.13319080665541994,0.13491429097755253,0.2763360157705294,-0.20758032905553286,-0.02334320514870937,-0.02923452106422581
0.0018253814404476376,0.20641426741638302,0.17803812401249897,0.49831513939796,0.23207210018933616,-0.11333821658992183,-0.02236323460269423,-0.12566992349714085,0.19392704036388245,0.12316430395307076,-0.13423494026906557,0.13494631704128948,0.2766118829081586,-0.20953410403133332,-0.023931138539682734,-0.029789858914410976
0.0016902319714273827,0.20715790098152437,0.1779823038849537,0.49847268690178465,0.23323709289832628,-0.11421856870654366,-0.02304234866899506,-0.12735446835950698,0.19335681564926246,0.12332732753392533,-0.13527907388271138,0.13497834310502643,0.2768877500457878,-0.2114878790071341,-0.024519071930656153,-0.030345196764596193
0.001555082502407137,0.20790153454666566,0.17792648375740838,0.4986302344056094,0.23440208560731626,-0.11509892082316543,-0.023721462735295837,-0.12903901322187297,0.19278659093464257,0.1234903511147799,-0.13632320749635704,0.13501036916876338,0.277163617183417,-0.21344165398293463,-0.025107005321629555,-0.030900534614781375
0.0014199330333868909,0.20864516811180697,0.17787066362986312,0.498787781909434,0.23556707831630633,-0.11597927293978721,-0.024400576801596616,-0.130723558084239,0.19221636622002264,0.12365337469563446,-0.13736734111000273,0.1350423952325003,0.27743948432104615,-0.21539542895873517,-0.025694938712602935,-0.03145587246496656
0.001284783564366645,0.2093888016769483,0.17781484350231785,0.49894532941325864,0.23673207102529636,-0.11685962505640901,-0.02507969086789741,-0.13240810294660504,0.19164614150540274,0.12381639827648903,-0.13841147472364848,0.13507442129623728,0.2777153514586754,-0.21734920393453577,-0.026282872103576337,-0.03201121031515176
0.0011496340953463858,0.21013243524208963,0.17775902337477256,0.49910287691708327,0.2378970637342865,-0.11773997717303086,-0.02575880493419824,-0.1340926478089712,0.19107591679078276,0.12397942185734362,-0.13945560833729426,0.13510644735997424,0.27799121859630455,-0.21930297891033645,-0.026870805494549774,-0.032566548165336974
0.0010144846263261487,0.2108760688072309,0.1777032032472273,0.4992604244209079,0.2390620564432764,-0.11862032928965259,-0.026437919000498997,-0.13577719267133712,0.1905056920761629,0.12414244543819816,-0.1404997419509399,0.1351384734237112,0.2782670857339337,-0.22125675388613694,-0.02745873888552314,-0.03312188601552214
0.0008793351573058983,0.21161970237237224,0.177647383119682,0.49941797192473253,0.24022704915226656,-0.1195006814062744,-0.02711703306679979,-0.13746173753370322,0.18993546736154296,0.12430546901905273,-0.14154387556458561,0.13517049948744814,0.2785429528715629,-0.22321052886193762,-0.02804667227649654,-0.033677223865707345
0.0007536115135711174,0.2123114721742872,0.17759545609488786,0.4995645314812424,0.24131079094837182,-0.12031963450075335,-0.027748783199048468,-0.13902879598880993,0.1894050122336808,0.12445712273066781,-0.14251518742696395,0.13520029193470434,0.2787995800117275,-0.22502804032370058,-0.028593601011935733,-0.03419383039428099
0.0006278878698363321,0.21300324197620224,0.17754352907009366,0.49971109103775224,0.2423945327444772,-0.12113858759523233,-0.028380533331297163,-0.14059585444391673,0.18887455710581857,0.12460877644228288,-0.14348649928934237,0.13523008438196057,0.27905620715189206,-0.22684555178546367,-0.029140529747374924,-0.03471043692285465
0.0005021642261015557,0.21369501177811717,0.1774916020452995,0.4998576505942621,0.2434782745405824,-0.12195754068971124,-0.029012283463545802,-0.1421629128990234,0.18834410197795642,0.12476043015389796,-0.14445781115172068,0.13525987682921678,0.2793128342920566,-0.22866306324722657,-0.02968745848281408,-0.03522704345142828
0.0003764405823667749,0.21438678158003213,0.17743967502050534,0.500004210150772,0.24456201633668775,-0.12277649378419017,-0.029644033595794463,-0.14372997135413013,0.18781364685009422,0.12491208386551303,-0.14542912301409905,0.135289669276473,0.27956946143222117,-0.23048057470898953,-0.03023438721825327,-0.03574364998000193
0.00025071693863199407,0.21507855138194715,0.1773877479957112,0.5001507697072819,0.24564575813279305,-0.12359544687866912,-0.030275783728043137,-0.14529702980923684,0.18728319172223207,0.1250637375771281,-0.1464004348764774,0.13531946172372922,0.2798260885723857,-0.23229808617075257,-0.030781315953692445,-0.036260256508575575
0.00012499329489720879,0.21577032118386213,0.17733582097091702,0.5002973292637918,0.2467294999288984,-0.1244143999731481,-0.030907533860291832,-0.14686408826434363,0.18675273659436986,0.1252153912887432,-0.14737174673885578,0.13534925417098542,0.28008271571255033,-0.2341155976325156,-0.03132824468913165,-0.036776863037149256
-7.303488375676181e-7,0.21646209098577707,0.17728389394612287,0.5004438888203017,0.24781324172500369,-0.125233353067627,-0.031539283992540475,-0.14843114671945026,0.18622228146650768,0.12536704500035825,-0.1483430586012341,0.13537904661824166,0.2803393428527149,-0.23593310909427856,-0.03187517342457081,-0.03729346956572287
-0.0001264539925723529,0.2171538607876921,0.1772319669213287,0.5005904483768115,0.24889698352110898,-0.12605230616210603,-0.032171034124789166,-0.14999820517455706,0.1856918263386455,0.12551869871197335,-0.1493143704636125,0.13540883906549786,0.2805959699928795,-0.2377506205560416,-0.03242210216001002,-0.03781007609429655
-0.00025217763630713374,0.21784563058960707,0.17718003989653452,0.5007370079333214,0.24998072531721433,-0.12687125925658496,-0.032802784257037844,-0.15156526362966377,0.1851613712107833,0.12567035242358843,-0.15028568232599088,0.1354386315127541,0.280852597133044,-0.23956813201780464,-0.03296903089544921,-0.038326682622870194
-0.0003779012800419146,0.21853740039152203,0.17712811287174035,0.5008835674898313,0.25106446711331964,-0.1276902123510639,-0.0334345343892865,-0.1531323220847705,0.1846309160829211,0.1258220061352035,-0.15125699418836921,0.1354684239600103,0.2811092242732086,-0.2413856434795676,-0.03351595963088839,-0.03884328915144384
-0.0004945966771477428,0.21917949402914033,0.17707991473971943,0.5010196025675503,0.2520703851371679,-0.12845035621686587,-0.03402091838488515,-0.15458684967619557,0.18413855307184512,0.1259627695554622,-0.15215855590044428,0.13549607700410005,0.2813474229535842,-0.24307263898394751,-0.034023613275618134,-0.039322798034645966
-0.0006112920742535754,0.21982158766675863,0.17703171660769854,0.5011556376452693,0.25307630316101615,-0.12921050008266788,-0.034607302380483776,-0.15604137726762057,0.18364619006076915,0.1261035329757209,-0.1530601176125194,0.13552373004818977,0.28158562163395984,-0.24475963448832735,-0.03453126692034788,-0.039802306917848106
-0.0007279874713594081,0.2204636813043769,0.17698351847567761,0.5012916727229882,0.2540822211848644,-0.1299706439484699,-0.03519368637608242,-0.15749590485904566,0.18315382704969316,0.12624429639597962,-0.15396167932459448,0.1355513830922795,0.28182382031433545,-0.24644662999270728,-0.035038920565077625,-0.040281815801050225
-0.0008446828684652363,0.22110577494199518,0.1769353203436567,0.5014277078007072,0.25508813920871276,-0.1307307878142719,-0.035780070371681044,-0.15895043245047066,0.18266146403861716,0.12638505981623832,-0.15486324103666954,0.1355790361363692,0.28206201899471106,-0.24813362549708715,-0.03554657420980737,-0.04076132468425235
-0.000961378265571069,0.22174786857961348,0.17688712221163577,0.5015637428784262,0.256094057232561,-0.1314909316800739,-0.03636645436727967,-0.16040496004189567,0.18216910102754116,0.12652582323649703,-0.15576480274874466,0.13560668918045893,0.2823002176750867,-0.24982062100146699,-0.036054227854537116,-0.04124083356745449
-0.0010780736626768927,0.22238996221723173,0.17683892407961488,0.5016997779561452,0.2570999752564092,-0.13225107554587587,-0.036952838362878285,-0.16185948763332067,0.1816767380164652,0.12666658665675573,-0.1566663644608197,0.13563434222454865,0.28253841635546223,-0.25150761650584685,-0.03656188149926683,-0.041720342450656596
-0.0011947690597827255,0.22303205585485,0.17679072594759396,0.5018358130338642,0.2581058932802575,-0.13301121941167784,-0.03753922235847691,-0.16331401522474567,0.1811843750053892,0.12680735007701444,-0.15756792617289475,0.1356619952686384,0.28277661503583784,-0.2531946120102267,-0.03706953514399657,-0.042199851333858715
-0.0013114644568885626,0.22367414949246833,0.17674252781557304,0.5019718481115831,0.2591118113041058,-0.1337713632774799,-0.038125606354075574,-0.16476854281617082,0.1806920119943132,0.12694811349727314,-0.1584694878849699,0.13568964831272812,0.2830148137162135,-0.2548816075146067,-0.03757718878872636,-0.042679360217060876
-0.0014281598539943863,0.22431624313008658,0.17669432968355214,0.5021078831893021,0.2601177293279541,-0.13453150714328188,-0.03871199034967418,-0.16622307040759576,0.1801996489832372,0.12708887691753185,-0.15937104959704493,0.13571730135681784,0.28325301239658907,-0.2565686030189865,-0.03808484243345607,-0.04315886910026298
-0.0015448552511002189,0.22495833676770488,0.1766461315515312,0.5022439182670211,0.2611236473518024,-0.13529165100908386,-0.03929837434527281,-0.16767759799902077,0.17970728597216123,0.12722964033779052,-0.16027261130912002,0.13574495440090759,0.2834912110769647,-0.2582555985233663,-0.038592496078185816,-0.0436383779834651
-0.0016528647854805012,0.22555263814160395,0.176601520899126,0.5023698279924106,0.26205469296349904,-0.13599521590575964,-0.03984111265289622,-0.16902386230583505,0.17925157048644963,0.12735992646609542,-0.1611070680499288,0.13577054917576933,0.28371168017168,-0.25981702770951026,-0.039062364086295744,-0.04408219609874947
-0.001760874319860788,0.22614693951550302,0.17655691024672077,0.5024957377178001,0.2629857385751957,-0.13669878080243542,-0.04038385096051961,-0.17037012661264928,0.17879585500073802,0.1274902125944003,-0.16194152479073765,0.1357961439506311,0.2839321492663953,-0.26137845689565425,-0.03953223209440568,-0.044526014214033856
-0.0018688838542410614,0.22674124088940203,0.17651229959431552,0.5026216474431896,0.2639167841868923,-0.13740234569911114,-0.040926589268142945,-0.17171639091946336,0.17834013951502647,0.12762049872270517,-0.16277598153154635,0.13582173872549286,0.28415261836111066,-0.262939886081798,-0.04000210010251555,-0.04496983232931817
-0.0019768933886213434,0.2273355422633011,0.1764676889419103,0.502747557168579,0.26484782979858906,-0.13810591059578692,-0.04146932757576634,-0.1730626552262776,0.17788442402931487,0.12775078485101005,-0.16361043827235514,0.13584733350035466,0.28437308745582596,-0.26450131526794196,-0.040471968110625485,-0.045413650444602556
-0.0020849029230016257,0.22792984363720017,0.17642307828950507,0.5028734668939685,0.2657788754102857,-0.1388094754924627,-0.04201206588338973,-0.1744089195330918,0.17742870854360326,0.12788107097931492,-0.16444489501316398,0.1358729282752164,0.2845935565505413,-0.2660627444540859,-0.04094183611873539,-0.04585746855988693
-0.0021929124573819036,0.22852414501109922,0.17637846763709983,0.502999376619358,0.26670992102198243,-0.13951304038913842,-0.0425548041910131,-0.17575518383990602,0.17697299305789166,0.1280113571076198,-0.16527935175397274,0.13589852305007818,0.2848140256452566,-0.2676241736402298,-0.041411704126845306,-0.04630128667517128
-0.0023009219917621815,0.22911844638499826,0.17633385698469461,0.5031252863447475,0.26764096663367903,-0.14021660528581417,-0.04309754249863646,-0.17710144814672016,0.17651727757218008,0.12814164323592464,-0.16611380849478144,0.13592411782493996,0.2850344947399719,-0.26918560282637366,-0.041881572134955206,-0.04674510479045563
-0.0024089315261424725,0.22971274775889736,0.17628924633228937,0.503251196070137,0.26857201224537575,-0.14092017018248998,-0.04364028080625989,-0.17844771245353447,0.17606156208646845,0.12827192936422954,-0.1669482652355903,0.13594971259980174,0.28525496383468724,-0.27074703201251765,-0.04235144014306517,-0.04718892290574003
-0.0025169410605227504,0.23030704913279643,0.17624463567988413,0.5033771057955265,0.26950305785707246,-0.14162373507916573,-0.04418301911388325,-0.1797939767603486,0.1756058466007569,0.12840221549253442,-0.16778272197639907,0.1359753073746635,0.28547543292940253,-0.2723084611986615,-0.04282130815117506,-0.04763274102102438
-0.0026249505949030283,0.23090135050669544,0.17620002502747895,0.503503015520916,0.2704341034687691,-0.14232729997584148,-0.04472575742150662,-0.18114024106716275,0.1751501311150453,0.1285325016208393,-0.16861717871720786,0.13600090214952526,0.2856959020241179,-0.27386989038480536,-0.04329117615928496,-0.04807655913630873
-0.002724579060292345,0.23144953668488844,0.17615887596721636,0.5036191552005296,0.2712929039999723,-0.1429762713037875,-0.045226381602573223,-0.18238204113292436,0.1747297771642937,0.1286526781135814,-0.16938688525281648,0.1360245108814404,0.2858992636782374,-0.2753101594732907,-0.04372458445839594,-0.04848593890071066
-0.0028242075256816614,0.23199772286308132,0.17611772690695374,0.5037352948801432,0.2721517045311755,-0.14362524263173346,-0.0457270057836398,-0.1836238411986859,0.1743094232135421,0.12877285460632348,-0.17015659178842513,0.13604811961335556,0.286102625332357,-0.2767504285617759,-0.0441579927575069,-0.04889531866511255
-0.0029238359910709645,0.23254590904127423,0.17607657784669115,0.5038514345597569,0.2730105050623786,-0.14427421395967938,-0.046227629964706335,-0.18486564126444738,0.17388906926279052,0.12889303109906558,-0.17092629832403375,0.1360717283452707,0.2863059869864765,-0.27819069765026105,-0.04459140105661783,-0.04930469842951443
-0.003023464456460281,0.23309409521946717,0.17603542878642855,0.5039675742393706,0.27386930559358175,-0.14492318528762535,-0.04672825414577291,-0.1861074413302089,0.17346871531203892,0.1290132075918077,-0.17169600485964231,0.13609533707718582,0.28650934864059613,-0.2796309667387463,-0.04502480935572878,-0.04971407819391632
-0.003123092921849597,0.23364228139766013,0.17599427972616596,0.5040837139189842,0.27472810612478504,-0.14557215661557132,-0.0472288783268395,-0.1873492413959705,0.17304836136128732,0.1291333840845498,-0.17246571139525102,0.13611894580910097,0.2867127102947157,-0.2810712358272316,-0.04545821765483977,-0.05012345795831824
-0.0032227213872389093,0.23419046757585302,0.17595313066590335,0.5041998535985979,0.2755869066559882,-0.14622112794351733,-0.04772950250790608,-0.18859104146173206,0.17262800741053572,0.1292535605772919,-0.17323541793085964,0.13614255454101612,0.2869160719488352,-0.28251150491571686,-0.045891625953950715,-0.050532837722720145
-0.0033223498526282215,0.23473865375404596,0.17591198160564075,0.5043159932782114,0.27644570718719136,-0.14687009927146327,-0.04823012668897265,-0.18983284152749358,0.17220765345978414,0.129373737070034,-0.1740051244664683,0.13616616327293127,0.28711943360295483,-0.283951774004202,-0.04632503425306169,-0.050942217487122035
-0.0034219783180175424,0.2352868399322389,0.17587083254537816,0.5044321329578252,0.27730450771839465,-0.1475190705994093,-0.04873075087003926,-0.1910746415932552,0.1717872995090325,0.12949391356277612,-0.1747748310020769,0.1361897720048464,0.2873227952570744,-0.28539204309268734,-0.04675844255217266,-0.05135159725152396
-0.003521606783406854,0.23583502611043183,0.17582968348511557,0.5045482726374388,0.2781633082495978,-0.14816804192735525,-0.049231375051105836,-0.19231644165901673,0.17136694555828094,0.12961409005551822,-0.17554453753768556,0.13621338073676154,0.28752615691119393,-0.28683231218117256,-0.04719185085128363,-0.051760977015925864
-0.0036212352487961664,0.23638321228862477,0.17578853442485298,0.5046644123170524,0.27902210878080097,-0.1488170132553012,-0.049731999232172405,-0.1935582417247782,0.17094659160752934,0.1297342665482603,-0.17631424407329419,0.13623698946867668,0.28772951856531354,-0.2882725812696578,-0.047625259150394575,-0.05217035678032777
-0.0037127635780949395,0.23688682904954356,0.1757507309243842,0.5047711094422043,0.2798110858820217,-0.14941322098747484,-0.05019192094953036,-0.1946990791842143,0.17056041387533113,0.1298446722797818,-0.1770213708264697,0.13625867872967867,0.2879163462191599,-0.28959575153926487,-0.048023429867637225,-0.05254645256518214
-0.0038042919073936997,0.23739044581046229,0.17571292742391542,0.5048778065673561,0.28060006298324225,-0.1500094287196484,-0.05065184266688824,-0.19583991664365027,0.17017423614313296,0.1299550780113033,-0.17772849757964507,0.13628036799068063,0.2881031738730062,-0.29091892180887186,-0.04842160058487984,-0.05292254835003647
-0.003895820236692464,0.23789406257138107,0.1756751239234466,0.504984503692508,0.2813890400844629,-0.15060563645182196,-0.05111176438424616,-0.19698075410308621,0.16978805841093478,0.13006548374282478,-0.17843562433282054,0.13630205725168262,0.2882900015268526,-0.29224209207847884,-0.04881977130212249,-0.05329864413489083
-0.003987348565991229,0.23839767933229986,0.17563732042297783,0.5050912008176599,0.2821780171856835,-0.15120184418399554,-0.05157168610160408,-0.19812159156252224,0.16940188067873663,0.13017588947434625,-0.17914275108599603,0.13632374651268458,0.28847682918069895,-0.29356526234808583,-0.04921794201936512,-0.05367473991974518
-0.004078876895289998,0.23890129609321864,0.17559951692250905,0.5051978979428117,0.2829669942869042,-0.1517980519161691,-0.052031607818961996,-0.1992624290219583,0.16901570294653845,0.13028629520586774,-0.17984987783917147,0.13634543577368657,0.28866365683454526,-0.2948884326176928,-0.04961611273660775,-0.05405083570459954
-0.004170405224588763,0.23940491285413742,0.17556171342204024,0.5053045950679635,0.2837559713881248,-0.1523942596483427,-0.052491529536319914,-0.20040326648139423,0.16862952521434024,0.13039670093738923,-0.18055700459234691,0.13636712503468856,0.2888504844883916,-0.29621160288729986,-0.05001428345385039,-0.05442693148945387
-0.004261933553887527,0.2399085296150562,0.17552390992157146,0.5054112921931154,0.28454494848934536,-0.15299046738051625,-0.05295145125367783,-0.20154410394083025,0.1682433474821421,0.13050710666891072,-0.18126413134552238,0.13638881429569052,0.289037312142238,-0.2975347731569069,-0.05041245417109302,-0.05480302727430822
-0.0043534618831863004,0.240412146375975,0.17548610642110268,0.5055179893182672,0.2853339255905661,-0.15358667511268986,-0.05341137297103577,-0.2026849414002663,0.16785716974994386,0.1306175124004322,-0.18197125809869788,0.13641050355669251,0.2892241397960843,-0.29885794342651395,-0.05081062488833568,-0.05517912305916261
-0.0044449902124850645,0.24091576313689378,0.17544830292063388,0.5056246864434191,0.2861229026917867,-0.15418288284486345,-0.05387129468839369,-0.20382577885970232,0.1674709920177457,0.13072791813195367,-0.1826783848518734,0.13643219281769448,0.28941096744993067,-0.300181113696121,-0.05120879560557832,-0.055555218844016964
-0.004536518541783834,0.24141937989781254,0.1754104994201651,0.5057313835685711,0.28691187979300736,-0.154779090577037,-0.05433121640575161,-0.20496661631913835,0.16708481428554756,0.13083832386347516,-0.18338551160504885,0.13645388207869646,0.289597795103777,-0.301504283965728,-0.05160696632282097,-0.05593131462887132
-0.004620214397010325,0.24187989999945128,0.1753759309283492,0.5058289501603378,0.2876333407193314,-0.15532427824100092,-0.054751780637246054,-0.2060098273945884,0.1667316834482059,0.13093928170016236,-0.18403212647078468,0.13647371529604782,0.28976863510914397,-0.30271422484603766,-0.051971063853728426,-0.05627522627460576
-0.004703910252236825,0.24234042010109008,0.17534136243653323,0.5059265167521046,0.28835480164565547,-0.15586946590496492,-0.05517234486874058,-0.2070530384700386,0.16637855261086426,0.13104023953684957,-0.18467874133652068,0.13649354851339923,0.28993947511451096,-0.3039241657263475,-0.05233516138463596,-0.056619137920340255
-0.004787606107463316,0.2428009402027288,0.1753067939447173,0.5060240833438715,0.2890762625719795,-0.15641465356892884,-0.055592909100235025,-0.20809624954548864,0.1660254217735226,0.13114119737353677,-0.1853253562022566,0.1365133817307506,0.2901103151198779,-0.3051341066066572,-0.05269925891554344,-0.056963049566074696
-0.004871301962689811,0.2432614603043676,0.17527222545290136,0.5061216499356384,0.28979772349830357,-0.15695984123289278,-0.05601347333172951,-0.20913946062093874,0.165672290936181,0.13124215521022398,-0.1859719710679925,0.13653321494810197,0.2902811551252448,-0.306344047486967,-0.05306335644645094,-0.05730696121180917
-0.004954997817916298,0.24372198040600634,0.17523765696108545,0.5062192165274051,0.29051918442462754,-0.1575050288968567,-0.05643403756322396,-0.2101826716963888,0.16531916009883937,0.13134311304691118,-0.1866185859337284,0.13655304816545336,0.29045199513061176,-0.30755398836727665,-0.053427453977358416,-0.05765087285754361
-0.005038693673142794,0.2441825005076451,0.17520308846926952,0.5063167831191719,0.2912406453509517,-0.1580502165608206,-0.05685460179471844,-0.2112258827718389,0.16496602926149773,0.13144407088359839,-0.18726520079946432,0.13657288138280474,0.29062283513597875,-0.3087639292475864,-0.05379155150826591,-0.057994784503278086
-0.005122389528369285,0.24464302060928383,0.17516851997745359,0.5064143497109388,0.29196210627727565,-0.15859540422478452,-0.057275166026212895,-0.21226909384728895,0.1646128984241561,0.13154502872028556,-0.18791181566520015,0.13659271460015612,0.2907936751413457,-0.30997387012789607,-0.05415564903917339,-0.05833869614901253
-0.00520608538359578,0.24510354071092258,0.17513395148563762,0.5065119163027056,0.2926835672035997,-0.1591405918887485,-0.05769573025770738,-0.21331230492273906,0.16425976758681446,0.13164598655697277,-0.18855843053093616,0.13661254781750748,0.2909645151467126,-0.31118381100820586,-0.05451974657008091,-0.058682607794747
-0.005289781238822276,0.24556406081256135,0.17509938299382172,0.5066094828944725,0.29340502812992386,-0.15968577955271243,-0.058116294489201845,-0.2143555159981892,0.16390663674947284,0.13174694439365997,-0.18920504539667207,0.1366323810348589,0.29113535515207956,-0.3123937518885156,-0.0548838441009884,-0.059026519440481456
-0.005373477094048767,0.24602458091420012,0.17506481450200578,0.5067070494862392,0.29412648905624783,-0.16023096721667635,-0.05853685872069631,-0.21539872707363922,0.16355350591213122,0.13184790223034717,-0.1898516602624079,0.13665221425221025,0.2913061951574465,-0.31360369276882527,-0.05524794163189588,-0.05937043108621592
-0.005449602939054951,0.24644344851265781,0.17503337261467508,0.5067957915060505,0.29478269625440284,-0.16072684447958127,-0.058919384323848994,-0.21634758319588732,0.16323231457813236,0.13193972876831625,-0.19043979097586436,0.1366702536213759,0.2914615832556292,-0.3147041985426399,-0.05557910775870099,-0.059683237073658836
-0.005525728784061133,0.24686231611111548,0.1750019307273444,0.5068845335258616,0.29543890345255774,-0.16122272174248622,-0.059301909927001635,-0.2172964393181354,0.16291112324413348,0.13203155530628533,-0.19102792168932084,0.13668829299054155,0.291616971353812,-0.31580470431645447,-0.055910273885506075,-0.05999604306110174
-0.005601854629067304,0.2472811837095731,0.17497048884001373,0.5069732755456728,0.29609511065071265,-0.16171859900539107,-0.05968443553015426,-0.21824529544038337,0.16258993191013466,0.13212338184425437,-0.19161605240277724,0.1367063323597072,0.29177235945199465,-0.3169052100902689,-0.05624144001231112,-0.06030884904854463
-0.00567798047407349,0.24770005130803083,0.17493904695268303,0.507062017565484,0.29675131784886766,-0.16221447626829605,-0.06006696113330694,-0.21919415156263145,0.16226874057613577,0.13221520838222345,-0.1922041831162337,0.13672437172887283,0.29192774755017736,-0.31800571586408344,-0.05657260613911623,-0.06062165503598757
-0.005754106319079675,0.24811891890648852,0.1749076050653523,0.5071507595852952,0.29740752504702267,-0.16271035353120097,-0.06044948673645962,-0.2201430076848796,0.1619475492421369,0.13230703492019252,-0.19279231382969017,0.13674241109803847,0.29208313564836,-0.31910622163789804,-0.05690377226592133,-0.06093446102343049
-0.005830232164085851,0.24853778650494615,0.17487616317802165,0.5072395016051063,0.29806373224517757,-0.16320623079410584,-0.060832012339612246,-0.22109186380712753,0.1616263579081381,0.13239886145816157,-0.19338044454314654,0.13676045046720411,0.29223852374654274,-0.32020672741171247,-0.057234938392726385,-0.06124726701087337
-0.005906358009092037,0.24895665410340384,0.17484472129069098,0.5073282436249176,0.2987199394433325,-0.1637021080570108,-0.06121453794276492,-0.22204071992937569,0.1613051665741392,0.13249068799613065,-0.19396857525660302,0.13677848983636978,0.29239391184472546,-0.3213072331855271,-0.05756610451953149,-0.0615600729983163
-0.005982483854098222,0.24937552170186159,0.17481327940336025,0.5074169856447287,0.2993761466414876,-0.16419798531991575,-0.0615970635459176,-0.22298957605162376,0.16098397524014035,0.13258251453409972,-0.19455670597005947,0.13679652920553542,0.2925492999429082,-0.32240773895934166,-0.057897270646336596,-0.06187287898575924
-0.006058609699104402,0.24979438930031925,0.17478183751602955,0.5075057276645398,0.30003235383964255,-0.16469386258282068,-0.061979589149070244,-0.22393843217387183,0.16066278390614153,0.1326743410720688,-0.19514483668351595,0.13681456857470106,0.29270468804109084,-0.3235082447331562,-0.058228436773141684,-0.062185684973202135
-0.0061347355441105835,0.25021325689877694,0.17475039562869887,0.5075944696843511,0.3006885610377975,-0.16518973984572558,-0.06236211475222289,-0.2248872882961198,0.16034159257214267,0.13276616761003787,-0.19573296739697235,0.1368326079438667,0.29286007613927356,-0.32460875050697074,-0.058559602899946765,-0.06249849096064504
-0.006203554706101459,0.250591920900584,0.1747219715850993,0.5076746941000707,0.3012817843966415,-0.16563802199853028,-0.06270792492282767,-0.22574507165704968,0.16005122970730043,0.1328491804868216,-0.19626464836337582,0.1368489158648983,0.2930005498338437,-0.32560362793807035,-0.05885898316068003,-0.06278127331819788
-0.006272373868092314,0.25097058490239105,0.17469354754149977,0.5077549185157902,0.30187500775548537,-0.16608630415133482,-0.06305373509343236,-0.2266028550179792,0.15976086684245824,0.1329321933636053,-0.19679632932977917,0.13686522378592988,0.29314102352841376,-0.3265985053691697,-0.05915836342141319,-0.06306405567575063
-0.00634119303008319,0.25134924890419813,0.1746651234979002,0.5078351429315099,0.3024682311143293,-0.1665345863041395,-0.0633995452640371,-0.22746063837890904,0.15947050397761597,0.133015206240389,-0.19732801029618266,0.13688153170696146,0.29328149722298386,-0.3275933828002693,-0.059457743682146465,-0.06334683803330347
-0.006410012192074044,0.2517279129060051,0.17463669945430063,0.5079153673472294,0.3030614544731732,-0.16698286845694404,-0.06374535543464178,-0.22831842173983855,0.1591801411127738,0.13309821911717268,-0.19785969126258598,0.13689783962799304,0.2934219709175539,-0.3285882602313686,-0.05975712394287962,-0.06362962039085622
-0.006478831354064924,0.25210657690781224,0.17460827541070106,0.5079955917629492,0.30365467783201716,-0.16743115060974872,-0.06409116560524657,-0.22917620510076842,0.15888977824793155,0.1331812319939564,-0.19839137222898948,0.13691414754902465,0.29356244461212405,-0.3295831376624683,-0.0600565042036129,-0.06391240274840906
-0.006547650516055787,0.25248524090961927,0.1745798513671015,0.5080758161786687,0.3042479011908611,-0.16787943276255335,-0.06443697577585128,-0.23003398846169812,0.15859941538308933,0.13326424487074012,-0.19892305319539288,0.13693045547005622,0.29370291830669415,-0.3305780150935677,-0.06035588446434611,-0.06419518510596187
-0.006616469678046655,0.25286390491142635,0.17455142732350193,0.5081560405943883,0.304841124549705,-0.16832771491535795,-0.06478278594645603,-0.23089177182262777,0.1583090525182471,0.13334725774752382,-0.19945473416179632,0.1369467633910878,0.2938433920012642,-0.3315728925246672,-0.060655264725079316,-0.06447796746351465
-0.006685288840037531,0.2532425689132335,0.17452300327990236,0.5082362650101079,0.305434347908549,-0.16877599706816263,-0.06512859611706082,-0.23174955518355764,0.15801868965340485,0.13343027062430754,-0.19998641512819978,0.1369630713121194,0.29398386569583435,-0.3325677699557668,-0.060954644985812594,-0.0647607498210675
-0.006754108002028398,0.2536212329150405,0.1744945792363028,0.5083164894258275,0.306027571267393,-0.16922427922096728,-0.06547440628766553,-0.23260733854448726,0.1577283267885626,0.13351328350109123,-0.20051809609460322,0.13697937923315098,0.2941243393904044,-0.33356264738686625,-0.0612540252465458,-0.0650435321786203
-0.0068229271640192655,0.25399989691684755,0.17446615519270325,0.5083967138415472,0.30662079462623687,-0.16967256137377187,-0.06582021645827024,-0.233465121905417,0.1574379639237204,0.13359629637787496,-0.20104977706100663,0.13699568715418256,0.2942648130849745,-0.33455752481796575,-0.06155340550727903,-0.06532631453617309
-0.006884708284175272,0.2543398354676468,0.17444063803727528,0.5084687338156886,0.3071533498412648,-0.17007499832221787,-0.06613066109437517,-0.23423518093194876,0.15717729607304184,0.13367081964097063,-0.20152708374013173,0.1370103272863725,0.29439092072639195,-0.33545065749109265,-0.06182216855706958,-0.06558017712770373
-0.006946489404331268,0.25467977401844605,0.1744151208818473,0.5085407537898301,0.3076859050562926,-0.1704774352706638,-0.06644110573048005,-0.23500523995848038,0.15691662822236332,0.13374534290406634,-0.2020043904192567,0.13702496741856243,0.29451702836780935,-0.3363437901642194,-0.06209093160686008,-0.06583403971923432
-0.007008270524487261,0.25501971256924527,0.17438960372641932,0.5086127737639715,0.3082184602713205,-0.17087987221910972,-0.0667515503665849,-0.23577529898501207,0.15665596037168478,0.133819866167162,-0.20248169709838165,0.13703960755075237,0.29464313600922676,-0.33723692283734613,-0.062359694656650595,-0.06608790231076492
-0.007070051644643272,0.25535965112004455,0.17436408657099134,0.5086847937381129,0.30875101548634837,-0.17128230916755574,-0.06706199500268982,-0.23654535801154386,0.15639529252100623,0.13389438943025767,-0.20295900377750675,0.1370542476829423,0.2947692436506442,-0.33813005551047304,-0.06262845770644114,-0.06634176490229556
-0.007131832764799277,0.25569958967084383,0.17433856941556336,0.5087568137122545,0.3092835707013763,-0.1716847461160017,-0.06737243963879473,-0.23731541703807563,0.15613462467032765,0.13396891269335337,-0.2034363104566318,0.13706888781513224,0.2948953512920616,-0.33902318818359994,-0.0628972207562317,-0.06659562749382618
-0.007193613884955275,0.25603952822164305,0.17431305226013538,0.5088288336863959,0.30981612591640406,-0.17208718306444765,-0.06768288427489959,-0.2380854760646073,0.1558739568196491,0.13404343595644902,-0.20391361713575676,0.1370835279473222,0.2950214589334791,-0.3399163208567267,-0.0631659838060222,-0.06684949008535677
-0.007255395005111267,0.2563794667724423,0.1742875351047074,0.5089008536605373,0.3103486811314319,-0.17248962001289356,-0.06799332891100446,-0.23885553509113894,0.15561328896897061,0.13411795921954472,-0.2043909238148818,0.1370981680795121,0.2951475665748965,-0.3408094535298535,-0.06343474685581273,-0.06710335267688737
-0.007317176125267273,0.25671940532324156,0.17426201794927942,0.5089728736346787,0.3108812363464598,-0.17289205696133958,-0.06830377354710938,-0.2396255941176707,0.15535262111829204,0.1341924824826404,-0.20486823049400685,0.13711280821170205,0.29527367421631395,-0.34170258620298033,-0.06370350990560328,-0.06735721526841801
-0.0073789572454232835,0.25705934387404084,0.17423650079385145,0.5090448936088201,0.31141379156148774,-0.1732944939097856,-0.0686142181832143,-0.24039565314420255,0.15509195326761346,0.13426700574573608,-0.20534553717313195,0.137127448343892,0.29539978185773136,-0.34259571887610724,-0.06397227295539384,-0.06761107785994866
-0.007440738365579276,0.25739928242484006,0.17421098363842347,0.5091169135829616,0.3119463467765155,-0.1736969308582315,-0.06892466281931915,-0.24116571217073418,0.15483128541693494,0.13434152900883178,-0.2058228438522569,0.13714208847608192,0.29552588949914876,-0.34348885154923403,-0.06424103600518434,-0.06786494045147924
-0.007495758548686187,0.2577020202396101,0.17418825891992584,0.509181052144299,0.3124206224997686,-0.17405532763926385,-0.06920113434783656,-0.24185150078278783,0.1545991434156536,0.1344078969149315,-0.20624791709174006,0.13715512648432404,0.29563819671378727,-0.34428424540240654,-0.06448038731792369,-0.06809102191835359
-0.007550778731793106,0.25800475805438017,0.17416553420142816,0.5092451907056363,0.31289489822302174,-0.17441372442029623,-0.06947760587635406,-0.2425372893948416,0.15436700141437218,0.13447426482103123,-0.20667299033122333,0.1371681644925661,0.29575050392842583,-0.3450796392555794,-0.06471973863066309,-0.06831710338522798
-0.007605798914900003,0.25830749586915014,0.1741428094829305,0.5093093292669737,0.3133691739462747,-0.1747721212013285,-0.06975407740487144,-0.2432230780068951,0.15413485941309088,0.1345406327271309,-0.2070980635707064,0.1371812025008082,0.2958628111430643,-0.3458750331087518,-0.06495908994340238,-0.06854318485210227
-0.007660819098006924,0.2586102336839202,0.17412008476443286,0.509373467828311,0.3138434496695279,-0.1751305179823609,-0.07003054893338893,-0.24390886661894887,0.15390271741180947,0.13460700063323064,-0.2075231368101896,0.13719424050905032,0.2959751183577028,-0.3466704269619245,-0.06519844125614177,-0.06876926631897667
-0.007715839281113834,0.2589129714986902,0.17409736004593523,0.5094376063896484,0.314317725392781,-0.17548891476339323,-0.07030702046190634,-0.24459465523100252,0.15367057541052812,0.13467336853933035,-0.20794821004967282,0.1372072785172924,0.2960874255723413,-0.34746582081509714,-0.06543779256888113,-0.06899534778585102
-0.007770859464220741,0.2592157093134603,0.17407463532743755,0.5095017449509858,0.31479200111603406,-0.17584731154442557,-0.07058349199042381,-0.2452804438430562,0.15343843340924676,0.13473973644543005,-0.20837328328915597,0.13722031652553449,0.29619973278697986,-0.34826121466826976,-0.06567714388162049,-0.06922142925272536
-0.00782587964732765,0.2595184471282303,0.1740519106089399,0.5095658835123232,0.3152662768392871,-0.1762057083254579,-0.07085996351894122,-0.2459662324551098,0.1532062914079654,0.1348061043515298,-0.2087983565286391,0.1372333545337766,0.2963120400016183,-0.3490566085214423,-0.06591649519435983,-0.0694475107195997
-0.007880899830434572,0.2598211849430003,0.17402918589044225,0.5096300220736605,0.3157405525625403,-0.17656410510649032,-0.07113643504745872,-0.2466520210671636,0.152974149406684,0.1348724722576295,-0.2092234297681224,0.13724639254201867,0.2964243472162568,-0.34985200237461506,-0.06615584650709923,-0.0696735921864741
-0.007935920013541481,0.2601239227577704,0.1740064611719446,0.509694160634998,0.31621482828579334,-0.17692250188752265,-0.07141290657597614,-0.2473378096792172,0.15274200740540264,0.13493884016372923,-0.2096485030076055,0.13725943055026077,0.2965366544308954,-0.3506473962277877,-0.06639519781983858,-0.06989967365334844
-0.007990940196648389,0.2604266605725404,0.17398373645344695,0.5097582991963353,0.31668910400904643,-0.17728089866855498,-0.07168937810449355,-0.24802359829127088,0.1525098654041213,0.13500520806982894,-0.21007357624708867,0.13727246855850286,0.2966489616455339,-0.3514427900809603,-0.06663454913257792,-0.07012575512022277
-0.0079218204839046,0.2600463428488984,0.17401228463206148,0.5096777244202241,0.31609328989318086,-0.17683065875377466,-0.071342057693076,-0.24716206877262129,0.15280149635731455,0.13492183265473617,-0.20953957329491643,0.13725608941663972,0.2965078744666747,-0.3504435677675296,-0.06633386140223639,-0.06984173778031891
-0.007852700771160803,0.25966602512525633,0.17404083281067606,0.5095971496441127,0.3154974757773152,-0.17638041883899425,-0.07099473728165842,-0.24630053925397152,0.15309312731050784,0.13483845723964338,-0.20900557034274414,0.13723971027477655,0.2963667872878155,-0.34944434545409875,-0.06603317367189482,-0.06955772044041499
-0.007783581058417002,0.2592857074016143,0.17406938098929062,0.5095165748680015,0.3149016616614495,-0.17593017892421386,-0.0706474168702408,-0.2454390097353218,0.15338475826370115,0.1347550818245506,-0.20847156739057177,0.1372233311329134,0.2962257001089563,-0.348445123140668,-0.06573248594155322,-0.06927370310051104
-0.007714461345673205,0.2589053896779722,0.17409792916790515,0.5094360000918903,0.3143058475455839,-0.17547993900943343,-0.07030009645882318,-0.24457748021667203,0.15367638921689447,0.1346717064094578,-0.2079375644383994,0.13720695199105026,0.29608461293009714,-0.3474459008272371,-0.06543179821121163,-0.06898968576060711
-0.007645341632929416,0.2585250719543302,0.1741264773465197,0.509355425315779,0.3137100334297183,-0.1750296990946531,-0.06995277604740563,-0.24371595069802243,0.1539680201700877,0.13458833099436504,-0.20740356148622716,0.1371905728491871,0.295943525751238,-0.34644667851380645,-0.06513111048087009,-0.06870566842070322
