-0.01768968263636343,0.004192782530796568,0.007684518853877209,0.09288659363310049,0.019947149358918958,0.00996052759792782,0.009481211621906939,0.018457252503688577,-0.014318582368896462,-0.026159027598644385,0.006967691845579116,0.005214805946155167,0.0001271549034685524,0.02980437519740058,0.012480943690056218,0.017967396916021564
-0.01800711966564047,0.004268020988056666,0.007822415665625759,0.09455342084242213,0.020305096076517187,0.010139266830039231,0.0096513496460351,0.01878846338654202,-0.014575525828204079,-0.02662844495227289,0.007092725371948427,0.005308384363689969,0.000129436667118291,0.030339207422297187,0.012704911172627174,0.018289817460137997
-0.01832455669491751,0.004343259445316765,0.007960312477374309,0.09622024805174378,0.020663042794115415,0.010318006062150643,0.009821487670163258,0.01911967426939546,-0.014832469287511696,-0.02709786230590139,0.007217758898317739,0.0054019627812247695,0.0001317184307680296,0.030874039647193798,0.01292887865519813,0.018612238004254433
-0.01864199372419455,0.004418497902576863,0.008098209289122856,0.0978870752610654,0.02102098951171364,0.010496745294262056,0.009991625694291418,0.0194508851522489,-0.015089412746819311,-0.027567279659529893,0.007342792424687049,0.00549554119875957,0.00013400019441776818,0.0314088718720904,0.013152846137769085,0.018934658548370863
-0.01895943075347159,0.0044937363598369605,0.008236106100871405,0.09955390247038703,0.021378936229311866,0.010675484526373466,0.010161763718419576,0.019782096035102337,-0.015346356206126925,-0.028036697013158394,0.00746782595105636,0.0055891196162943715,0.00013628195806750676,0.031943704096987005,0.01337681362034004,0.019257079092487295
-0.019276867782748626,0.004568974817097058,0.008374002912619954,0.10122072967970866,0.02173688294691009,0.010854223758484877,0.010331901742547736,0.02011330691795578,-0.015603299665434542,-0.02850611436678689,0.007592859477425671,0.005682698033829172,0.00013856372171724537,0.03247853632188361,0.013600781102910995,0.01957949963660373
-0.019594304812025665,0.004644213274357157,0.008511899724368504,0.10288755688903028,0.022094829664508323,0.011032962990596291,0.010502039766675894,0.020444517800809216,-0.01586024312474216,-0.028975531720415396,0.0077178930037949825,0.0057762764513639734,0.00014084548536698397,0.03301336854678022,0.013824748585481949,0.019901920180720165
-0.019911741841302705,0.004719451731617255,0.008649796536117051,0.10455438409835192,0.02245277638210655,0.011211702222707702,0.010672177790804054,0.020775728683662655,-0.016117186584049772,-0.029444949074043894,0.007842926530164293,0.005869854868898774,0.00014312724901672255,0.03354820077167683,0.014048716068052905,0.020224340724836597
-0.020229178870579748,0.004794690188877354,0.008787693347865602,0.10622121130767358,0.022810723099704777,0.011390441454819116,0.010842315814932215,0.0211069395665161,-0.016374130043357395,-0.029914366427672402,0.007967960056533606,0.005963433286433576,0.00014540901266646116,0.034083032996573434,0.014272683550623864,0.020546761268953034
-0.020546615899856784,0.004869928646137451,0.008925590159614149,0.10788803851699519,0.023168669817303,0.011569180686930525,0.011012453839060372,0.021438150449369538,-0.016631073502665007,-0.030383783781300897,0.008092993582902915,0.006057011703968376,0.00014769077631619974,0.03461786522147004,0.014496651033194816,0.020869181813069466
-0.020864052929133826,0.0049451671033975495,0.0090634869713627,0.10955486572631683,0.023526616534901228,0.011747919919041939,0.011182591863188533,0.02176936133222298,-0.016888016961972622,-0.030853201134929398,0.008218027109272226,0.006150590121503177,0.00014997253996593832,0.03515269744636665,0.014720618515765772,0.0211916023571859
-0.021307852081906786,0.005172649241527685,0.009197993533727794,0.11184884497139326,0.024126305912466228,0.011946547552374943,0.011335663839236282,0.02203401551963078,-0.017416198710958144,-0.03162759950445221,0.008225938891744026,0.006224151303056729,9.032800307121759e-5,0.0357499427790817,0.014953481869560428,0.021592500783322647
-0.021244811684009105,0.006693890250527145,0.008438492192337093,0.11106107152039874,0.025302004522469536,0.011267122995382694,0.01023675517890244,0.019476027616833515,-0.01948751309997111,-0.033018135702137796,0.006104681361295697,0.005486198980943962,-0.0006994182611567737,0.033753389702617466,0.013900837101464942,0.020902056416354068
-0.021181771286111425,0.008215131259526574,0.0076789908509464055,0.11027329806940428,0.02647770313247281,0.01058769843839046,0.009137846518568617,0.016918039714036305,-0.02155882748898403,-0.034408671899823356,0.00398342383084741,0.00474824665883121,-0.0014891645253847497,0.031756836626153265,0.012848192333369477,0.0202116120493855
-0.021118730888213744,0.009736372268526035,0.006919489509555703,0.10948552461840977,0.027653401742476113,0.009908273881398217,0.008038937858234774,0.01436005181123905,-0.02363014187799699,-0.035799208097508944,0.0018621663003990808,0.004010294336718443,-0.002278910789612741,0.02976028354968903,0.011795547565273994,0.019521167682416917
-0.021055690490316064,0.01125761327752548,0.006159988168165008,0.10869775116741529,0.028829100352479403,0.009228849324405975,0.006940029197900943,0.011802063908441813,-0.025701456267009936,-0.037189744295194525,-0.00025909123004922764,0.0032723420146056827,-0.0030686570538407242,0.027763730473224814,0.010742902797178518,0.01883072331544834
-0.020992650092418387,0.012778854286524926,0.005400486826774313,0.1079099777164208,0.030004798962482693,0.008549424767413737,0.005841120537567111,0.009244076005644577,-0.027772770656022877,-0.0385802804928801,-0.002380348760497537,0.002534389692492924,-0.003858403318068708,0.025767177396760595,0.009690258029083042,0.01814027894847977
-0.020929609694520707,0.01430009529552437,0.004640985485383618,0.10712220426542629,0.03118049757248598,0.007870000210421496,0.004742211877233279,0.006686088102847345,-0.02984408504503582,-0.03997081669056567,-0.004501606290945843,0.0017964373703801633,-0.004648149582296692,0.023770624320296377,0.008637613260987567,0.01744983458151119
-0.020866569296623026,0.015821336304523814,0.003881484143992923,0.10633443081443181,0.03235619618248928,0.007190575653429256,0.003643303216899445,0.004128100200050108,-0.03191539943404876,-0.04136135288825125,-0.006622863821394153,0.0010584850482674047,-0.005437895846524675,0.021774071243832162,0.007584968492892091,0.01675939021454262
-0.020803528898725346,0.017342577313523257,0.0031219828026022283,0.10554665736343732,0.033531894792492564,0.006511151096437017,0.002544394556565613,0.0015701122972528747,-0.033986713823061704,-0.04275188908593683,-0.008744121351842462,0.00032053272615464423,-0.006227642110752658,0.019777518167367943,0.006532323724796615,0.016068945847574043
-0.02074048850082767,0.018863818322522704,0.002362481461211533,0.10475888391244284,0.03470759340249585,0.005831726539444777,0.0014454858962317818,-0.0009878756055443595,-0.036058028212074655,-0.0441424252836224,-0.010865378882290768,-0.00041741959595811563,-0.007017388374980642,0.017780965090903725,0.00547967895670114,0.015378501480605466
-0.020660789118430473,0.020787060766063882,0.0014022751513318222,0.10376293433713918,0.03619398080212158,0.004972758014759077,5.618087182997389e-5,-0.004221834508585165,-0.03867670580707808,-0.045900423009721206,-0.013547197536997457,-0.0013503823670120679,-0.008015832096919445,0.015256805148644303,0.004148863468559433,0.014505601063378832
-0.02058108973603328,0.022710303209605064,0.0004420688414521112,0.10276698476183553,0.037680368201747305,0.0041137894900733765,-0.001333124152571834,-0.007455793411625971,-0.04129538340208152,-0.04765842073582,-0.016229016191704148,-0.0022833451380660195,-0.009014275818858249,0.01273264520638488,0.0028180479804177216,0.013632700646152194
-0.020501390353636087,0.024633545653146228,-0.0005181374684275919,0.10177103518653187,0.03916675560137302,0.0032548209653876824,-0.002722429176973632,-0.010689752314666756,-0.04391406099708492,-0.04941641846191879,-0.018910834846410814,-0.0032163079091199654,-0.010012719540797044,0.010208485264125478,0.0014872324922760249,0.012759800228925564
-0.020421690971238887,0.026556788096687427,-0.0014783437783073105,0.1007750856112282,0.040653143000998745,0.0023958524407019753,-0.004111734201375451,-0.013923711217707585,-0.046532738592088375,-0.0511744161880176,-0.02159265350111752,-0.004149270680173925,-0.011011163262735855,0.007684325321866039,0.00015641700413430382,0.01188689981169892
-0.020341991588841698,0.028480030540228594,-0.0024385500881870135,0.09977913603592455,0.042139530400624466,0.0015368839160162806,-0.0055010392257772486,-0.01715767012074837,-0.04915141618709179,-0.05293241391411639,-0.024274472155824185,-0.005082233451227871,-0.01200960698467465,0.005160165379606636,-0.001174398484007394,0.01101399939447229
-0.0202622922064445,0.03040327298376976,-0.003398756398066717,0.0987831864606209,0.04362591780025018,0.0006779153913305868,-0.0068903442501790455,-0.02039162902378915,-0.0517700937820952,-0.05469041164021518,-0.02695629081053086,-0.006015196222281816,-0.013008050706613448,0.002636005437347233,-0.0025052139721490918,0.010141098977245659
-0.02018259282404731,0.032326515427310944,-0.004358962707946428,0.09778723688531724,0.0451123051998759,-0.00018105313335511352,-0.008279649274580853,-0.023625587926829957,-0.054388771377098626,-0.05644840936631398,-0.029638109465237546,-0.006948158993335767,-0.014006494428552252,0.00011184549508781227,-0.0038360294602907997,0.009268198560019023
-0.020102893441650112,0.03424975787085214,-0.005319169017826146,0.09679128731001356,0.04659869259950164,-0.0010400216580408194,-0.009668954298982672,-0.02685954682987079,-0.05700744897210209,-0.05820640709241279,-0.032319928119944254,-0.007881121764389726,-0.015004938150491061,-0.0024123144471716353,-0.0051668449484325195,0.008395298142792378
-0.02002319405925292,0.03617300031439331,-0.00627937532770585,0.09579533773470991,0.04808507999912735,-0.0018989901827265133,-0.011058259323384471,-0.030093505732911568,-0.0596261265671055,-0.05996440481851158,-0.03500174677465092,-0.008814084535443672,-0.016003381872429855,-0.004936474389431034,-0.0064976604365742175,0.007522397725565747
-0.019943494676855723,0.03809624275793449,-0.007239581637585562,0.09479938815940624,0.04957146739875307,-0.0027579587074122148,-0.01244756434778628,-0.03332746463595238,-0.062244804162108924,-0.06172240254461037,-0.03768356542935761,-0.009747047306497624,-0.01700182559436866,-0.007460634331690459,-0.007828475924715927,0.006649497308339109
-0.019850580509865864,0.040338373928670644,-0.00835899770754021,0.09363830230942981,0.051304309522574976,-0.0037593509709548966,-0.014067227074829748,-0.03709763936651658,-0.06529767910337468,-0.06377189012377996,-0.040810050714753104,-0.010834702644565595,-0.01816581914011368,-0.010403319849821423,-0.009379951090253002,0.005631863134870674
-0.019757666342876002,0.04258050509940683,-0.009478413777494865,0.09247721645945337,0.053037151646396864,-0.004760743234497585,-0.015686889801873227,-0.04086781409708081,-0.06835055404464047,-0.06582137770294956,-0.04393653600014862,-0.01192235798263357,-0.019329812685858712,-0.013346005367952402,-0.010931426255790088,0.004614228961402234
-0.019664752175886143,0.04482263627014296,-0.010597829847449508,0.09131613060947692,0.05476999377021875,-0.005762135498040261,-0.017306552528916688,-0.044637988827644984,-0.07140342898590621,-0.06787086528211914,-0.047063021285544106,-0.013010013320701532,-0.020493806231603726,-0.016288690886083344,-0.012482901421327153,0.0035965947879338044
-0.019571838008896284,0.047064767440879125,-0.011717245917404156,0.0901550447595005,0.05650283589404064,-0.006763527761582943,-0.018926215255960162,-0.048408163558209184,-0.07445630392717197,-0.06992035286128871,-0.050189506570939596,-0.014097668658769501,-0.02165779977734875,-0.01923137640421431,-0.01403437658686423,0.00257896061446537
-0.01947892384190643,0.04930689861161529,-0.012836661987358803,0.08899395890952405,0.05823567801786253,-0.0077649200251256245,-0.020545877983003627,-0.05217833828877339,-0.07750917886843772,-0.0719698404404583,-0.05331599185633509,-0.015185323996837473,-0.022821793323093767,-0.022174061922345265,-0.015585851752401307,0.0015613264409969352
-0.019386009674916566,0.05154902978235145,-0.013956078057313456,0.0878328730595476,0.05996852014168442,-0.008766312288668306,-0.022165540710047102,-0.0559485130193376,-0.0805620538097035,-0.07401932801962789,-0.05644247714173058,-0.016272979334905444,-0.023985786868838788,-0.025116747440476227,-0.017137326917938386,0.0005436922675284994
-0.019293095507926707,0.0537911609530876,-0.015075494127268097,0.08667178720957118,0.0617013622655063,-0.009767704552210982,-0.02378520343709056,-0.05971868774990177,-0.08361492875096924,-0.07606881559879745,-0.05956896242712606,-0.017360634672973402,-0.025149780414583805,-0.028059432958607175,-0.01868880208347545,-0.0004739419059399275
-0.01920018134093685,0.05603329212382379,-0.01619491019722276,0.08551070135959472,0.0634342043893282,-0.010769096815753679,-0.025404866164134052,-0.06348886248046604,-0.08666780369223502,-0.07811830317796707,-0.06269544771252161,-0.01844829001104139,-0.026313773960328843,-0.031002118476738175,-0.020240277249012544,-0.0014915760794083765
-0.019107267173946986,0.05827542329455993,-0.017314326267177403,0.08434961550961828,0.0651670465131501,-0.011770489079296356,-0.02702452889117751,-0.06725903721103021,-0.08972067863350076,-0.08016779075713665,-0.06582193299791708,-0.019535945349109348,-0.02747776750607385,-0.03394480399486912,-0.021791752414549607,-0.0025092102528768046
-0.01901435300695713,0.060517554465296095,-0.01843374233713205,0.08318852965964185,0.066899888636972,-0.012771881342839037,-0.028644191618220977,-0.07102921194159442,-0.09277355357476652,-0.08221727833630622,-0.06894841828331258,-0.02062360068717732,-0.028641761051818877,-0.03688748951300008,-0.023343227580086685,-0.00352684442634524
-0.018910346315599683,0.06302736165845656,-0.019686799491495214,0.08188882799357433,0.06883960549374789,-0.01389282446116225,-0.030457217196690114,-0.07524948762472275,-0.09619089489155151,-0.08451144325209212,-0.07244815788865405,-0.02184110536611459,-0.029944717547867247,-0.040181486482048646,-0.025079925049573407,-0.004665968489161961
-0.01880633962424224,0.06553716885161705,-0.02093985664585839,0.0805891263275068,0.07077932235052384,-0.015013767579485476,-0.03227024277515927,-0.07946976330785112,-0.09960823620833653,-0.08680560816787805,-0.07594789749399557,-0.023058610045051872,-0.031247674043915628,-0.04347548345109725,-0.026816622519060144,-0.005805092551978696
-0.018702332932884792,0.0680469760447775,-0.022192913800221543,0.07928942466143928,0.07271903920729972,-0.016134710697808675,-0.03408326835362838,-0.08369003899097942,-0.10302557752512145,-0.08909977308366393,-0.07944763709933698,-0.024276114723989127,-0.03255063053996398,-0.04676948042014579,-0.02855331998854684,-0.006944216614795403
-0.01859832624152735,0.070556783237938,-0.023445970954584717,0.07798972299537174,0.07465875606407567,-0.0172556538161319,-0.035896293932097534,-0.08791031467410779,-0.10644291884190647,-0.09139393799944985,-0.0829473767046785,-0.02549361940292641,-0.033853587036012364,-0.050063477389194394,-0.03029001745803358,-0.008083340677612138
-0.01805452359409357,0.07298672650723953,-0.024548217880799576,0.07551753258043939,0.07745320767766409,-0.01909007517462874,-0.03915429625184545,-0.0940723986429933,-0.10963624210937103,-0.09351189601022533,-0.08914145102090824,-0.02665837308982185,-0.03454179083248107,-0.05514775339900268,-0.032708480986966444,-0.009791606521679787
-0.0172277378959739,0.07536528199886573,-0.02555342721981881,0.07229091403022178,0.0807976312627276,-0.021383578173629098,-0.04334205683964407,-0.10148392300567669,-0.11268542282588775,-0.0955164751532717,-0.0970691726013337,-0.027789184589554216,-0.034834437116560445,-0.06138396957000079,-0.03556562121742561,-0.01186608191202903
-0.016400952197854226,0.07774383749049195,-0.02655863655883804,0.06906429548000417,0.0841420548477911,-0.02367708117262946,-0.04752981742744269,-0.10889544736836004,-0.11573460354240447,-0.09752105429631808,-0.10499689418175916,-0.02891999608928659,-0.035127083400639816,-0.06762018574099891,-0.038422761447884785,-0.013940557302378271
-0.015574166499734542,0.08012239298211819,-0.027563845897857275,0.06583767692978651,0.08748647843285465,-0.025970584171629847,-0.05171757801524136,-0.11630697173104348,-0.11878378425892124,-0.09952563343936449,-0.11292461576218471,-0.030050807589018964,-0.0354197296847192,-0.0738564019119971,-0.041279901678343986,-0.016015032692727537
-0.014747380801614871,0.0825009484737444,-0.028569055236876507,0.06261105837956892,0.09083090201791816,-0.028264087170630205,-0.05590533860303998,-0.12371849609372684,-0.12183296497543793,-0.10153021258241088,-0.12085233734261015,-0.031181619088751337,-0.035712375968798574,-0.08009261808299523,-0.04413704190880315,-0.01808950808307678
-0.0139205951034952,0.08487950396537061,-0.029574264575895737,0.05938443982935129,0.09417532560298167,-0.03055759016963057,-0.0600930991908386,-0.1311300204564102,-0.12488214569195467,-0.10353479172545725,-0.12878005892303562,-0.032312430588483695,-0.036005022252877945,-0.08632883425399333,-0.046994182139262326,-0.020163983473426024
-0.013017194815150863,0.0874784697213882,-0.03067262223832466,0.055858824745209076,0.09782966219584159,-0.03306362199302529,-0.06466892111317997,-0.13922833814810073,-0.12821388055962346,-0.10572512639132738,-0.1374424075557684,-0.03354802941082018,-0.03632478677955211,-0.09314293311887457,-0.050116080974604064,-0.022430691364076386
-0.01211379452680653,0.09007743547740578,-0.03177097990075359,0.05233320966106686,0.10148399878870153,-0.035569653816420015,-0.06924474303552135,-0.1473266558397912,-0.13154561542729223,-0.1079154610571975,-0.14610475618850116,-0.03478362823315666,-0.036644551306226264,-0.09995703198375581,-0.0532379798099458,-0.024697399254726752
-0.011210394238462202,0.09267640123342334,-0.0328693375631825,0.048807594576924684,0.10513833538156142,-0.03807568563981471,-0.07382056495786267,-0.1554249735314816,-0.13487735029496098,-0.11010579572306757,-0.15476710482123385,-0.036019227055493125,-0.03696431583290043,-0.10677113084863697,-0.056359878645287506,-0.026964107145377093
-0.010306993950117868,0.09527536698944093,-0.033967695225611425,0.04528197949278247,0.10879267197442136,-0.04058171746320943,-0.07839638688020405,-0.1635232912231721,-0.13820908516262975,-0.11229613038893771,-0.16342945345396664,-0.037254825877829606,-0.03728408035957458,-0.11358522971351821,-0.05948177748062924,-0.029230815036027456
-0.009403593661773535,0.09787433274545851,-0.03506605288804034,0.04175636440864025,0.1124470085672813,-0.04308774928660416,-0.08297220880254542,-0.17162160891486258,-0.14154082003029853,-0.1144864650548078,-0.1720918020866994,-0.03849042470016609,-0.03760384488624875,-0.12039932857839944,-0.06260367631597098,-0.03149752292667782
-0.008500193373429199,0.10047329850147609,-0.036164410550469275,0.038230749324498034,0.11610134516014124,-0.04559378110999888,-0.0875480307248868,-0.17971992660655306,-0.14487255489796733,-0.11667679972067792,-0.18075415071943218,-0.03972602352250257,-0.03792360941292291,-0.12721342744328068,-0.06572557515131272,-0.033764230817328184
-0.007596793085084874,0.10307226425749366,-0.03726276821289819,0.03470513424035586,0.11975568175300114,-0.048099812933393576,-0.09212385264722812,-0.18781824429824348,-0.14820428976563607,-0.11886713438654802,-0.1894164993521649,-0.04096162234483903,-0.038243373939597064,-0.13402752630816184,-0.06884747398665443,-0.03603093870797852
-0.00669339279674054,0.10567123001351124,-0.03836112587532711,0.031179519156213645,0.12341001834586106,-0.0506058447567883,-0.0966996745695695,-0.19591656198993398,-0.15153602463330487,-0.12105746905241813,-0.19807884798489767,-0.04219722116717551,-0.038563138466271234,-0.14084162517304308,-0.07196937282199617,-0.038297646598628894
-0.005789992508396196,0.10827019576952886,-0.03945948353775605,0.02765390407207139,0.12706435493872104,-0.05311187658018304,-0.10127549649191092,-0.20401487968162452,-0.15486775950097365,-0.12324780371828827,-0.20674119661763052,-0.043432819989512005,-0.038882902992945396,-0.1476557240379244,-0.07509127165733794,-0.04056435448927928
-0.004886592220051871,0.11086916152554642,-0.040557841200184956,0.024128288987929212,0.13071869153158094,-0.05561790840357775,-0.10585131841425226,-0.21211319737331497,-0.15819949436864242,-0.12543813838415838,-0.2154035452503632,-0.04466841881184847,-0.03920266751961956,-0.15446982290280556,-0.07821317049267965,-0.04283106237992961
-0.0039298268347181635,0.11362165176172119,-0.041721080359709665,0.020394410973898783,0.13458889481081,-0.05827197497196797,-0.11069744042819461,-0.22068989382428153,-0.16172803939527391,-0.12775785912992177,-0.22457759072546554,-0.045977006155269874,-0.03954132097648324,-0.161686439955373,-0.08151948418408077,-0.04523166782185575
-0.0029730614493844653,0.11637414199789596,-0.042884319519234354,0.0166605329598684,0.13845909809003895,-0.06092604154035816,-0.11554356244213695,-0.22926659027524804,-0.1652565844219054,-0.13007757987568513,-0.23375163620056777,-0.047285593498691256,-0.03987997443334692,-0.16890305700794037,-0.08482579787548185,-0.04763227326378186
-0.0020162960640507576,0.11912663223407076,-0.04404755867875906,0.012926654945837975,0.142329301369268,-0.06358010810874838,-0.12038968445607934,-0.2378432867262146,-0.16878512944853688,-0.13239730062144855,-0.24292568167567016,-0.04859418084211265,-0.040218627890210586,-0.17611967406050785,-0.08813211156688297,-0.050032878705707995
-0.00105953067871705,0.12187912247024556,-0.045210797838283766,0.00919277693180755,0.14619950464849704,-0.0662341746771386,-0.1252358064700217,-0.2464199831771811,-0.17231367447516843,-0.13471702136721195,-0.2520997271507725,-0.04990276818553405,-0.04055728134707428,-0.18333629111307526,-0.09143842525828408,-0.052433484147634137
-0.00010276529338335228,0.12463161270642031,-0.04637403699780847,0.00545889891777716,0.15006970792772606,-0.06888824124552881,-0.13008192848396402,-0.25499667962814765,-0.17584221950179987,-0.13703674211297534,-0.2612737726258747,-0.051211355528955435,-0.040895934803937946,-0.19055290816564266,-0.09474473894968517,-0.05483408958956024
0.0008540000919503548,0.1273841029425951,-0.04753727615733317,0.0017250209037467346,0.1539399112069551,-0.07154230781391903,-0.1349280504979064,-0.2635733760791142,-0.1793707645284314,-0.13935646285873873,-0.270447818100977,-0.05251994287237683,-0.04123458826080164,-0.1977695252182101,-0.09805105264108628,-0.05723469503148639
0.0018107654772840532,0.13013659317876988,-0.04870051531685785,-0.002008857110283654,0.1578101144861841,-0.07419637438230922,-0.13977417251184873,-0.2721500725300807,-0.18289930955506287,-0.14167618360450213,-0.2796218635760793,-0.053828530215798205,-0.041573241717665306,-0.20498614227077744,-0.10135736633248736,-0.0596353004734125
0.0027675308626177704,0.13288908341494468,-0.049863754476382575,-0.005742735124314117,0.16168031776541317,-0.07685044095069946,-0.14462029452579114,-0.28072676898104737,-0.1864278545816944,-0.14399590435026555,-0.28879590905118174,-0.05513711755921962,-0.041911895174529,-0.21220275932334498,-0.10466368002388853,-0.06203590591533867
0.003724296247951468,0.13564157365111948,-0.051026993635907264,-0.009476613138344504,0.16555052104464216,-0.07950450751908966,-0.14946641653973347,-0.28930346543201385,-0.1899563996083259,-0.14631562509602894,-0.297969954526284,-0.056445704902641,-0.042250548631392666,-0.21941937637591238,-0.1079699937152896,-0.06443651135726478
0.004681061633285175,0.13839406388729425,-0.05219023279543197,-0.01321049115237493,0.1694207243238712,-0.08215857408747988,-0.15431253855367585,-0.2978801618829804,-0.19348494463495736,-0.14863534584179233,-0.3071440000013863,-0.057754292246062405,-0.04258920208825636,-0.22663599342847981,-0.11127630740669073,-0.06683711679919091
0.0056595741507117926,0.14120911780905815,-0.053379912204620406,-0.017029239647334816,0.1733788967366308,-0.08487296718641868,-0.159268812185968,-0.30665180534342196,-0.1970936929548583,-0.15100779348826734,-0.31652657013868035,-0.05909262358132206,-0.04293555308682987,-0.23401664309208428,-0.11465777310681802,-0.06929228763870438
0.006638086668138418,0.14402417173082205,-0.05456959161380884,-0.020847988142294736,0.17733706914939038,-0.08758736028535752,-0.16422508581826023,-0.3154234488038636,-0.20070244127475922,-0.15338024113474236,-0.3259091402759744,-0.06043095491658173,-0.043281904085403396,-0.24139729275568883,-0.11803923880694533,-0.07174745847821785
0.007616599185565027,0.1468392256525859,-0.05575927102299725,-0.024666736637254584,0.1812952415621499,-0.09030175338429629,-0.16918135945055235,-0.324195092264305,-0.20431118959466013,-0.15575268878121734,-0.3352917104132684,-0.061769286251841374,-0.04362825508397691,-0.2487779424192932,-0.12142070450707258,-0.0742026293177313
0.008595111702991654,0.14965427957434982,-0.05694895043218569,-0.028485485132214508,0.18525341397490952,-0.09301614648323511,-0.17413763308284455,-0.3329667357247466,-0.20791993791456104,-0.15812513642769238,-0.3446742805505625,-0.06310761758710104,-0.04397460608255043,-0.25615859208289776,-0.12480217020719991,-0.0766578001572448
0.009573624220418272,0.1524693334961137,-0.05813862984137412,-0.03230423362717439,0.18921158638766908,-0.09573053958217391,-0.1790939067151367,-0.3417383791851881,-0.21152868623446197,-0.1604975840741674,-0.35405685068785653,-0.06444594892236069,-0.04432095708112395,-0.26353924174650223,-0.1281836359073272,-0.07911297099675825
0.010552136737844888,0.15528438741787756,-0.059328309250562546,-0.03612298212213428,0.19316975880042864,-0.09844493268111272,-0.18405018034742887,-0.3505100226456297,-0.21513743455436288,-0.16287003172064238,-0.36343942082515057,-0.06578428025762034,-0.04466730807969746,-0.2709198914101067,-0.1315651016074545,-0.08156814183627172
0.011530649255271506,0.15809944133964143,-0.06051798865975097,-0.03994173061709416,0.19712793121318822,-0.10115932578005152,-0.18900645397972102,-0.3592816661060712,-0.21874618287426378,-0.1652424793671174,-0.37282199096244456,-0.06712261159288001,-0.045013659078270984,-0.27830054107371116,-0.13494656730758176,-0.08402331267578518
0.012509161772698132,0.16091449526140536,-0.0617076680689394,-0.04376047911205408,0.2010861036259478,-0.10387371887899036,-0.19396272761201325,-0.3680533095665128,-0.22235493119416475,-0.1676149270135924,-0.38220456109973866,-0.06846094292813967,-0.04536001007684451,-0.2856811907373157,-0.1383280330077091,-0.08647848351529866
0.013487674290124749,0.1637295491831692,-0.06289734747812784,-0.04757922760701397,0.20504427603870737,-0.10658811197792917,-0.1989190012443054,-0.3768249530269543,-0.22596367951406568,-0.16998737466006741,-0.3915871312370327,-0.06979927426339934,-0.04570636107541803,-0.29306184040092015,-0.14170949870783636,-0.08893365435481212
0.014466186807551367,0.1665446031049331,-0.06408702688731627,-0.05139797610197385,0.20900244845146695,-0.10930250507686796,-0.20387527487659757,-0.3855965964873958,-0.22957242783396659,-0.1723598223065424,-0.40096970137432675,-0.07113760559865899,-0.04605271207399154,-0.3004424900645246,-0.14509096440796365,-0.0913888251943256
0.015437108760749956,0.16933781995540975,-0.06526747765833667,-0.05518710161796776,0.21292991633935884,-0.11199584195548187,-0.2087931014653746,-0.3943001961345125,-0.23315318219833073,-0.1747138662883555,-0.4102794885885792,-0.07246555516590061,-0.0463963763419885,-0.3077658861985948,-0.14844619924019242,-0.09382495066485685
0.016408030713948557,0.17213103680588643,-0.0664479284293571,-0.058976227133961716,0.21685738422725076,-0.1146891788340958,-0.2137109280541517,-0.40300379578162926,-0.23673393656269492,-0.17706791027016863,-0.41958927580283173,-0.07379350473314225,-0.046740040609985475,-0.3150892823326651,-0.1518014340724212,-0.09626107613538812
0.017378952667147143,0.174924253656363,-0.06762837920037748,-0.06276535264995559,0.22078485211514262,-0.11738251571270969,-0.2186287546429287,-0.41170739542874585,-0.2403146909270591,-0.17942195425198168,-0.4288990630170841,-0.07512145430038386,-0.047083704877982434,-0.3224126784667352,-0.1551566689046499,-0.09869720160591935
0.018349874620345732,0.17771747050683967,-0.0688088299713979,-0.0665544781659495,0.2247123200030345,-0.12007585259132358,-0.22354658123170576,-0.42041099507586255,-0.24389544529142324,-0.18177599823379478,-0.43820885023133654,-0.07644940386762547,-0.04742736914597939,-0.32973607460080545,-0.15851190373687868,-0.1011333270764506
0.019320796573544324,0.1805106873573163,-0.06998928074241832,-0.07034360368194342,0.22863978789092643,-0.12276918946993749,-0.2284644078204828,-0.42911459472297914,-0.24747619965578743,-0.18413004221560786,-0.44751863744558895,-0.0777773534348671,-0.04777103341397636,-0.3370594707348756,-0.16186713856910742,-0.10356945254698185
0.020291718526742906,0.18330390420779288,-0.07116973151343871,-0.07413272919793729,0.23256725577881832,-0.12546252634855137,-0.2333822344092598,-0.4378181943700957,-0.25105695402015155,-0.18648408619742096,-0.45682842465984136,-0.0791053030021087,-0.048114697681973316,-0.3443828668689457,-0.16522237340133614,-0.10600557801751309
0.0212626404799415,0.18609712105826953,-0.07235018228445912,-0.0779218547139312,0.2364947236667102,-0.12815586322716527,-0.23830006099803686,-0.4465217940172124,-0.2546377083845157,-0.18883813017923404,-0.46613821187409377,-0.08043325256935033,-0.048458361949970274,-0.35170626300301594,-0.1685776082335649,-0.10844170348804434
0.022233562433140102,0.1888903379087462,-0.07353063305547954,-0.08171098022992516,0.24042219155460212,-0.13084920010577922,-0.24321788758681392,-0.45522539366432907,-0.25821846274887994,-0.19119217416104717,-0.47544799908834634,-0.08176120213659197,-0.04880202621796724,-0.3590296591370862,-0.17193284306579368,-0.11087782895857562
0.02320448438633868,0.19168355475922283,-0.07471108382649995,-0.08550010574591903,0.24434965944249398,-0.13354253698439308,-0.24813571417559097,-0.46392899331144577,-0.26179921711324405,-0.19354621814286024,-0.4847577863025987,-0.08308915170383356,-0.049145690485964205,-0.36635305527115636,-0.1752880778980224,-0.11331395442910684
0.024175406339537277,0.19447677160969945,-0.07589153459752035,-0.08928923126191295,0.24827712733038587,-0.13623587386300698,-0.253053540764368,-0.47263259295856236,-0.2653799714776082,-0.19590026212467332,-0.49406757351685116,-0.0844171012710752,-0.04948935475396117,-0.3736764514052265,-0.17864331273025116,-0.11575007989963809
0.025067611037897262,0.19704352910171366,-0.07697628061713338,-0.09277115437314576,0.2518861767402702,-0.13871084912692921,-0.2575726557908351,-0.4806305504382749,-0.2686704170762827,-0.19806345257865424,-0.5026225720581076,-0.08563738765884805,-0.049805156527270765,-0.38040610502696554,-0.18172652273652778,-0.11798869710614167
0.025959815736257247,0.19961028659372781,-0.07806102663674641,-0.09625307748437857,0.2554952261501546,-0.14118582439085142,-0.2620917708173022,-0.4886285079179875,-0.2719608626749572,-0.20022664303263515,-0.511177570599364,-0.08685767404662091,-0.05012095830058036,-0.3871357586487045,-0.1848097327428045,-0.12022731431264523
0.026852020434617235,0.20217704408574202,-0.07914577265635943,-0.09973500059561138,0.2591042755600389,-0.1436607996547736,-0.26661088584376935,-0.4966264653977001,-0.2752513082736317,-0.20238983348661604,-0.5197325691406204,-0.08807796043439378,-0.05043676007388997,-0.39386541227044347,-0.18789294274908117,-0.1224659315191488
0.02774422513297722,0.20474380157775623,-0.08023051867597246,-0.10321692370684418,0.2627133249699232,-0.1461357749186958,-0.2711300008702364,-0.5046244228774127,-0.2785417538723062,-0.20455302394059696,-0.5282875676818768,-0.08929824682216665,-0.05075256184719956,-0.40059506589218247,-0.19097615275535781,-0.12470454872565236
0.028636429831337205,0.20731055906977042,-0.08131526469558549,-0.106698846818077,0.26632237437980755,-0.14861075018261802,-0.27564911589670354,-0.5126223803571253,-0.28183219947098065,-0.20671621439457788,-0.5368425662231331,-0.09051853320993952,-0.05106836362050917,-0.4073247195139214,-0.19405936276163444,-0.12694316593215593
0.029528634529697194,0.2098773165617846,-0.08240001071519852,-0.11018076992930982,0.26993142378969187,-0.15108572544654023,-0.28016823092317067,-0.5206203378368377,-0.2851226450696551,-0.2088794048485588,-0.5453975647643895,-0.09173881959771238,-0.051384165393818765,-0.4140543731356604,-0.19714257276791108,-0.1291817831386595
0.030420839228057182,0.2124440740537988,-0.08348475673481154,-0.11366269304054263,0.27354047319957625,-0.15356070071046243,-0.2846873459496378,-0.5286182953165504,-0.28841309066832965,-0.2110425953025397,-0.5539525633056459,-0.09295910598548524,-0.05169996716712836,-0.4207840267573994,-0.20022578277418773,-0.13142040034516306
0.03131304392641717,0.21501083154581302,-0.08456950275442457,-0.11714461615177545,0.2771495226094606,-0.15603567597438464,-0.28920646097610486,-0.5366162527962629,-0.2917035362670041,-0.21320578575652063,-0.5625075618469023,-0.0941793923732581,-0.05201576894043797,-0.42751368037913834,-0.2033089927804644,-0.13365901755166662
0.03220524862477716,0.21757758903782723,-0.0856542487740376,-0.12062653926300826,0.2807585720193449,-0.15851065123830685,-0.29372557600257193,-0.5446142102759755,-0.2949939818656786,-0.21536897621050152,-0.5710625603881587,-0.09539967876103099,-0.05233157071374756,-0.43424333400087733,-0.20639220278674109,-0.13589763475817018
0.03309745332313714,0.22014434652984138,-0.08673899479365063,-0.12410846237424106,0.2843676214292292,-0.16098562650222906,-0.29824469102903906,-0.552612167755688,-0.2982844274643531,-0.21753216666448247,-0.5796175589294151,-0.09661996514880386,-0.052647372487057156,-0.4409729876226163,-0.20947541279301773,-0.13813625196467375
0.03391924770927399,0.22250854266262265,-0.087738135675716,-0.12731560180203272,0.28769185470191344,-0.16326528360497408,-0.30240717007211504,-0.5599789486855247,-0.3013152002520888,-0.21952464414694137,-0.5874974207901927,-0.09774394993031678,-0.052938252063139804,-0.44717155570587835,-0.21231530444467187,-0.1401982037302222
0.034741042095410825,0.2248727387954039,-0.08873727655778138,-0.1305227412298243,0.2910160879745976,-0.16554494070771908,-0.3065696491151909,-0.5673457296153611,-0.3043459730398244,-0.22151712162940027,-0.5953772826509701,-0.09886793471182967,-0.053229131639222424,-0.4533701237891401,-0.2151551960963259,-0.1422601554957706
0.035562836481547656,0.2272369349281851,-0.08973641743984676,-0.1337298806576159,0.29434032124728177,-0.16782459781046405,-0.31073212815826673,-0.5747125105451976,-0.3073767458275601,-0.22350959911185914,-0.6032571445117475,-0.09999191949334257,-0.05352001121530506,-0.459568691872402,-0.21799508774798,-0.144322107261319
0.0363846308676845,0.22960113106096638,-0.09073555832191214,-0.13693702008540756,0.297664554519966,-0.1701042549132091,-0.3148946072013427,-0.5820792914750342,-0.3104075186152958,-0.22550207659431806,-0.6111370063725251,-0.10111590427485549,-0.0538108907913877,-0.46576725995566404,-0.22083497939963415,-0.1463840590268674
0.03720642525382133,0.23196532719374757,-0.0917346992039775,-0.14014415951319914,0.30098878779265015,-0.17238391201595404,-0.3190570862444186,-0.5894460724048707,-0.3134382914030314,-0.22749455407677693,-0.6190168682333026,-0.10223988905636841,-0.05410177036747033,-0.47196582803892584,-0.22367487105128817,-0.14844601079241582
0.038028219639958186,0.2343295233265289,-0.09273384008604289,-0.1433512989409908,0.30431302106533437,-0.17466356911869912,-0.3232195652874945,-0.5968128533347073,-0.31646906419076715,-0.2294870315592359,-0.6268967300940802,-0.10336387383788131,-0.05439264994355297,-0.47816439612218786,-0.22651476270294232,-0.15050796255796425
0.03885001402609502,0.23669371945931011,-0.09373298096810824,-0.14655843836878238,0.3076372543380185,-0.17694322622144412,-0.32738204433057033,-0.6041796342645439,-0.31949983697850276,-0.23147950904169476,-0.6347765919548576,-0.10448785861939423,-0.0546835295196356,-0.4843629642054498,-0.2293546543545964,-0.15256991432351263
0.03967180841223186,0.23905791559209139,-0.09473212185017363,-0.14976557779657404,0.3109614876107027,-0.17922288332418915,-0.3315445233736463,-0.6115464151943805,-0.3225306097662385,-0.2334719865241537,-0.6426564538156353,-0.10561184340090715,-0.05497440909571824,-0.4905615322887117,-0.23219454600625053,-0.15463186608906107
0.04049360279836872,0.24142211172487266,-0.09573126273223903,-0.1529727172243657,0.3142857208833869,-0.1815025404269342,-0.3357070024167223,-0.6189131961242171,-0.3255613825539742,-0.23546446400661264,-0.6505363156764128,-0.10673582818242007,-0.055265288671800875,-0.4967601003719737,-0.23503443765790466,-0.15669381785460954
0.04131539718450555,0.24378630785765387,-0.09673040361430438,-0.15617985665215728,0.3176099541560711,-0.18378219752967914,-0.3398694814597982,-0.6262799770540537,-0.3285921553417099,-0.2374569414890715,-0.6584161775371902,-0.10785981296393299,-0.05555616824788351,-0.5029586684552356,-0.23787432930955874,-0.15875576962015792
0.04207467615065351,0.24597065521479222,-0.09765353800019011,-0.15914302304767525,0.320681306850975,-0.185888436897267,-0.34371531301785524,-0.633086353323596,-0.3313923716339129,-0.23929784752162087,-0.6656966037216101,-0.1088982941427653,-0.05582492007623295,-0.5086856999916535,-0.24049818514699822,-0.1606608648984942
0.04283395511680149,0.24815500257193066,-0.09857667238607584,-0.1621061894431933,0.323752659545879,-0.1879946762648549,-0.34756114457591253,-0.6398927295931384,-0.33419258792611584,-0.24113875355417025,-0.6729770299060301,-0.10993677532159765,-0.05609367190458239,-0.5144127315280715,-0.2431220409844378,-0.16256596017683056
0.04359323408294946,0.25033934992906903,-0.09949980677196155,-0.1650693558387112,0.3268240122407829,-0.19010091563244275,-0.35140697613396965,-0.6466991058626806,-0.33699280421831884,-0.2429796595867196,-0.6802574560904501,-0.11097525650042997,-0.056362423732931835,-0.5201397630644894,-0.24574589682187728,-0.16447105545516685
0.04435251304909742,0.25252369728620744,-0.10042294115784728,-0.1680325222342292,0.32989536493568694,-0.19220715500003052,-0.3552528076920267,-0.6535054821322228,-0.3397930205105218,-0.24482056561926896,-0.6875378822748699,-0.11201373767926227,-0.05663117556128127,-0.5258667946009074,-0.24836975265931677,-0.16637615073350315
0.045111792015245386,0.2547080446433458,-0.101346075543733,-0.17099568862974718,0.3329667176305908,-0.19431339436761838,-0.3590986392500838,-0.6603118584017651,-0.3425932368027248,-0.2466614716518183,-0.6948183084592898,-0.1130522188580946,-0.05689992738963071,-0.5315938261373252,-0.2509936084967563,-0.1682812460118394
0.04587107098139336,0.2568923920004842,-0.10226920992961873,-0.17395885502526517,0.3360380703254948,-0.19641963373520624,-0.3629444708081411,-0.6671182346713076,-0.34539345309492786,-0.2485023776843677,-0.7020987346437099,-0.11409070003692694,-0.05716867921798016,-0.5373208576737433,-0.25361746433419585,-0.17018634129017576
0.04663034994754133,0.2590767393576226,-0.10319234431550445,-0.17692202142078314,0.3391094230203987,-0.1985258731027941,-0.36679030236619814,-0.6739246109408498,-0.3481936693871308,-0.25034328371691705,-0.7093791608281298,-0.11512918121575927,-0.0574374310463296,-0.5430478892101612,-0.2562413201716353,-0.17209143656851209
0.04738962891368929,0.26126108671476095,-0.10411547870139018,-0.17988518781630108,0.34218077571530275,-0.20063211247038193,-0.3706361339242553,-0.680730987210392,-0.3509938856793338,-0.2521841897494664,-0.7166595870125496,-0.1161676623945916,-0.05770618287467903,-0.5487749207465791,-0.2588651760090748,-0.17399653184684832
0.04814890787983727,0.2634454340718994,-0.1050386130872759,-0.18284835421181914,0.3452521284102067,-0.20273835183796984,-0.3744819654823125,-0.6875373634799345,-0.3537941019715369,-0.25402509578201576,-0.7239400131969697,-0.11720614357342395,-0.05797493470302848,-0.5545019522829971,-0.2614890318465144,-0.1759016271251847
0.04890818684598523,0.26562978142903776,-0.10596174747316162,-0.18581152060733708,0.34832348110511063,-0.20484459120555765,-0.3783277970403697,-0.6943437397494767,-0.35659431826373983,-0.2558660018145651,-0.7312204393813896,-0.11824462475225626,-0.058243686531377924,-0.560228983819415,-0.26411288768395386,-0.177806722403521
0.049611876195469445,0.26765420465070344,-0.1068172957820869,-0.18855774264988104,0.35116996872859674,-0.20679662501199275,-0.38189206106976153,-0.7006517960805481,-0.3591895203817074,-0.25757212831913334,-0.7379678386826944,-0.11920707488951149,-0.05849276204603804,-0.5655367182306328,-0.26654464134724226,-0.17957233862218053
0.05031556554495364,0.26967862787236907,-0.10767284409101215,-0.19130396469242483,0.35401645635208284,-0.2087486588184278,-0.38545632509915334,-0.7069598524116192,-0.36178472249967486,-0.25927825482370154,-0.7447152379839992,-0.12016952502676666,-0.05874183756069815,-0.5708444526418507,-0.26897639501053056,-0.18133795484084003
0.05101925489443782,0.2717030510940347,-0.10852839239993742,-0.19405018673496868,0.35686294397556884,-0.21070069262486285,-0.38902058912854515,-0.7132679087426904,-0.36437992461764224,-0.26098438132826973,-0.7514626372853037,-0.12113197516402187,-0.05899091307535827,-0.5761521870530683,-0.2714081486738189,-0.18310357105949954
0.05172294424392203,0.2737274743157004,-0.1093839407088627,-0.19679640877751262,0.35970943159905494,-0.21265272643129796,-0.39258485315793706,-0.7195759650737616,-0.3669751267356098,-0.2626905078328379,-0.7582100365866086,-0.12209442530127709,-0.05923998859001839,-0.5814599214642862,-0.2738399023371073,-0.18486918727815912
0.052426633593406234,0.27575189753736606,-0.11023948901778798,-0.19954263082005658,0.3625559192225411,-0.21460476023773303,-0.3961491171873289,-0.725884021404833,-0.3695703288535773,-0.2643966343374062,-0.7649574358879133,-0.12305687543853232,-0.05948906410467851,-0.5867676558755041,-0.27627165600039577,-0.18663480349681866
0.05313032294289045,0.2777763207590318,-0.11109503732671325,-0.20228885286260048,0.3654024068460272,-0.21655679404416817,-0.3997133812167208,-0.7321920777359042,-0.37216553097154487,-0.2661027608419744,-0.7717048351892183,-0.12401932557578753,-0.05973813961933863,-0.5920753902867218,-0.2787034096636842,-0.18840041971547822
0.05383401229237463,0.2798007439806974,-0.1119505856356385,-0.20503507490514433,0.36824889446951325,-0.21850882785060322,-0.4032776452461126,-0.7385001340669755,-0.37476073308951235,-0.26780888734654257,-0.7784522344905228,-0.12498177571304271,-0.059987215133998746,-0.5973831246979395,-0.28113516332697247,-0.19016603593413772
0.05453770164185884,0.28182516720236306,-0.11280613394456379,-0.20778129694768827,0.3710953820929994,-0.22046086165703827,-0.40684190927550445,-0.7448081903980469,-0.3773559352074799,-0.2695150138511108,-0.7851996337918277,-0.12594422585029794,-0.06023629064865887,-0.6026908591091575,-0.2835669169902609,-0.19193165215279728
0.05524139099134304,0.2838495904240287,-0.11366168225348904,-0.21052751899023212,0.37394186971648546,-0.22241289546347331,-0.4104061733048963,-0.7511162467291179,-0.3799511373254474,-0.27122114035567896,-0.7919470330931324,-0.12690667598755315,-0.06048536616331898,-0.6079985935203751,-0.2859986706535492,-0.19369726837145682
0.055945080340827236,0.28587401364569437,-0.11451723056241432,-0.21327374103277602,0.3767883573399715,-0.22436492926990845,-0.4139704373342882,-0.7574243030601892,-0.38254633944341493,-0.2729272668602472,-0.7986944323944372,-0.12786912612480836,-0.060734441677979104,-0.613306327931593,-0.28843042431683763,-0.19546288459011635
0.05659899247113476,0.2877552342475036,-0.11531225953035365,-0.21582570221771316,0.37943349157019995,-0.22617888110211093,-0.41728257426821586,-0.7632861433119627,-0.38495796347436356,-0.2745127062561882,-0.804964537596947,-0.12876349495393535,-0.06096589821560928,-0.6182386065265298,-0.290690161826734,-0.19710360554702078
0.057252904601442285,0.28963645484931283,-0.11610728849829298,-0.2183776634026503,0.3820786258004283,-0.22799283293431344,-0.4205947112021434,-0.7691479835637358,-0.38736958750531225,-0.27609814565212915,-0.8112346427994569,-0.12965786378306235,-0.06119735475323944,-0.6231708851214668,-0.29294989933663035,-0.1987443265039252
0.05790681673174978,0.291517675451122,-0.1169023174662323,-0.2209296245875874,0.3847237600306566,-0.2298067847665159,-0.42390684813607094,-0.775009823815509,-0.3897812115362608,-0.2776835850480701,-0.8175047480019666,-0.13055223261218932,-0.061428811290869606,-0.6281031637164035,-0.2952096368465266,-0.20038504746082958
0.05856072886205733,0.2933988960529313,-0.11769734643417162,-0.22348158577252464,0.38736889426088505,-0.2316207365987185,-0.4272189850699986,-0.7808716640672825,-0.3921928355672095,-0.27926902444401114,-0.8237748532044767,-0.13144660144131634,-0.06166026782849978,-0.6330354423113406,-0.29746937435642307,-0.20202576841773404
0.059214640992364835,0.29528011665474047,-0.11849237540211095,-0.2260335469574617,0.3900140284911133,-0.23343468843092097,-0.43053112200392607,-0.7867335043190556,-0.39460445959815815,-0.28085446383995205,-0.8300449584069863,-0.1323409702704433,-0.06189172436612995,-0.6379677209062773,-0.2997291118663194,-0.20366648937463844
0.05986855312267237,0.29716133725654975,-0.1192874043700503,-0.22858550814239892,0.39265916272134177,-0.2352486402631235,-0.43384325893785375,-0.792595344570829,-0.39701608362910684,-0.2824399032358931,-0.8363150636094966,-0.13323533909957033,-0.06212318090376012,-0.6428999995012142,-0.30198884937621584,-0.2053072103315429
0.06052246525297988,0.2990425578583589,-0.1200824333379896,-0.23113746932733598,0.39530429695157004,-0.237062592095326,-0.43715539587178126,-0.7984571848226022,-0.3994277076600554,-0.284025342631834,-0.8425851688120062,-0.1341297079286973,-0.06235463744139029,-0.647832278096151,-0.30424858688611217,-0.20694793128844727
0.0611763773832874,0.30092377846016816,-0.12087746230592894,-0.23368943051227312,0.3979494311817984,-0.2388765439275285,-0.44046753280570883,-0.8043190250743755,-0.4018393316910041,-0.28561078202777496,-0.8488552740145161,-0.1350240767578243,-0.06258609397902046,-0.6527645566910878,-0.3065083243960085,-0.2085886522453517
0.06183028951359492,0.3028049990619774,-0.12167249127386827,-0.23624139169721028,0.40059456541202676,-0.24069049575973103,-0.4437796697396365,-0.8101808653261487,-0.40425095572195274,-0.2871962214237159,-0.855125379217026,-0.1359184455869513,-0.06281755051665064,-0.6576968352860247,-0.30876806190590483,-0.21022937320225613
0.06248420164390245,0.3046862196637866,-0.1224675202418076,-0.23879335288214742,0.40323969964225514,-0.24250444759193354,-0.4470918066735641,-0.816042705577922,-0.4066625797529014,-0.2887816608196569,-0.861395484419536,-0.1368128144160783,-0.0630490070542808,-0.6626291138809616,-0.3110277994158012,-0.21187009415916055
0.06309308844686128,0.3064379082237728,-0.12320780723773865,-0.24116959796945095,0.405702702315234,-0.24419349919480213,-0.45017588536730635,-0.8215009269580318,-0.4089081506455112,-0.29025793428261515,-0.8672338595375756,-0.13764560119551464,-0.06326452657852526,-0.6672217788672512,-0.31313194198198957,-0.21339784275365026
0.06370197524982012,0.3081895967837591,-0.12394809423366972,-0.24354584305675445,0.40816570498821286,-0.24588255079767066,-0.4532599640610486,-0.8269591483381415,-0.41115372153812096,-0.29173420774557335,-0.8730722346556153,-0.13847838797495102,-0.06348004610276972,-0.6718144438535408,-0.315236084548178,-0.21492559134814
0.06431086205277894,0.3099412853437453,-0.1246883812296008,-0.24592208814405797,0.4106287076611917,-0.24757160240053921,-0.45634404275479085,-0.8324173697182513,-0.4133992924307307,-0.29321048120853166,-0.8789106097736551,-0.1393111747543874,-0.06369556562701417,-0.6764071088398305,-0.3173402271143663,-0.2164533399426297
0.0649197488557378,0.3116929739037316,-0.1254286682255319,-0.24829833323136152,0.4130917103341706,-0.24926065400340783,-0.4594281214485333,-0.8378755910983614,-0.4156448633233406,-0.2946867546714899,-0.8847489848916951,-0.14014396153382377,-0.06391108515125864,-0.6809997738261202,-0.3194443696805547,-0.21798108853711948
0.06552863565869661,0.3134446624637178,-0.12616895522146293,-0.25067457831866496,0.4155547130071494,-0.25094970560627633,-0.4625122001422754,-0.8433338124784711,-0.41789043421595035,-0.2961630281344481,-0.8905873600097345,-0.1409767483132601,-0.06412660467550309,-0.6855924388124096,-0.321548512246743,-0.21950883713160915
0.06613752246165547,0.3151963510237041,-0.126909242217394,-0.2530508234059686,0.4180177156801284,-0.25263875720914497,-0.4655962788360178,-0.8487920338585809,-0.42013600510856025,-0.29763930159740637,-0.8964257351277746,-0.1418095350926965,-0.06434212419974755,-0.6901851037986994,-0.32365265481293143,-0.2210365857260989
0.06674640926461431,0.31694803958369033,-0.1276495292133251,-0.25542706849327207,0.42048071835310724,-0.2543278088120135,-0.4686803575297601,-0.8542502552386907,-0.42238157600116993,-0.29911557506036457,-0.9022641102458144,-0.14264232187213288,-0.064557643723992,-0.694777768784989,-0.3257567973791198,-0.22256433432058864
0.06735529606757314,0.3186997281436766,-0.12838981620925616,-0.25780331358057557,0.4229437210260861,-0.25601686041488203,-0.47176443622350234,-0.8597084766188006,-0.42462714689377973,-0.3005918485233229,-0.908102485363854,-0.14347510865156923,-0.06477316324823647,-0.6993704337712786,-0.32786093994530807,-0.22409208291507834
0.06796418287053198,0.32045141670366284,-0.12913010320518722,-0.26017955866787906,0.4254067236990649,-0.25770591201775056,-0.4748485149172446,-0.8651666979989103,-0.4268727177863895,-0.3020681219862811,-0.9139408604818938,-0.14430789543100558,-0.06498868277248092,-0.7039630987575682,-0.3299650825114965,-0.22561983150956805
0.06857306967349082,0.32220310526364904,-0.1298703902011183,-0.2625558037551826,0.4278697263720438,-0.25939496362061915,-0.4779325936109869,-0.8706249193790202,-0.42911828867899926,-0.30354439544923933,-0.9197792355999335,-0.14514068221044193,-0.06520420229672537,-0.7085557637438579,-0.3320692250776848,-0.2271475801040578
0.06914075816832184,0.32383627162100653,-0.1305605881302258,-0.2647712680917485,0.4301660781296999,-0.26096973114303035,-0.4808079983382419,-0.8757138282938984,-0.4312119204572991,-0.30492078175959003,-0.9252225764096093,-0.14591712123167885,-0.06540513940643196,-0.712837681270499,-0.3340309978086831,-0.2285719586517149
0.06970844666315289,0.32546943797836403,-0.13125078605933335,-0.26698673242831455,0.43246242988735617,-0.26254449866544166,-0.4836834030654969,-0.8808027372087771,-0.4333055522355991,-0.3062971680699408,-0.9306659172192855,-0.14669356025291574,-0.06560607651613855,-0.7171195987971402,-0.33599277053968135,-0.22999633719937204
0.07027613515798391,0.32710260433572147,-0.13194098398844087,-0.26920219676488044,0.4347587816450123,-0.26411926618785286,-0.48655880779275185,-0.8858916461236555,-0.4353991840138988,-0.3076735543802915,-0.9361092580289614,-0.1474699992741526,-0.06580701362584515,-0.7214015163237812,-0.33795454327067964,-0.23142071574702913
0.07084382365281496,0.32873577069307897,-0.1326311819175484,-0.27141766110144644,0.4370551334026686,-0.2656940337102642,-0.4894342125200069,-0.8909805550385341,-0.43749281579219884,-0.30904994069064223,-0.9415525988386374,-0.1482464382953895,-0.06600795073555174,-0.7256834338504226,-0.339916316001678,-0.2328450942946863
0.07141151214764598,0.33036893705043646,-0.13332137984665593,-0.2736331254380124,0.4393514851603247,-0.26726880123267543,-0.49230961724726185,-0.8960694639534126,-0.4395864475704986,-0.31042632700099293,-0.9469959396483132,-0.14902287731662636,-0.06620888784525833,-0.7299653513770636,-0.3418780887326762,-0.23426947284234342
0.071979200642477,0.3320021034077939,-0.13401157777576347,-0.2758485897745783,0.44164783691798093,-0.26884356875508664,-0.49518502197451675,-0.901158372868291,-0.44168007934879844,-0.3118027133113436,-0.952439280457989,-0.14979931633786323,-0.06640982495496492,-0.7342472689037046,-0.34383986146367446,-0.23569385139000051
0.07254688913730802,0.3336352697651514,-0.134701775704871,-0.2780640541111442,0.443944188675637,-0.27041833627749784,-0.4980604267017717,-0.9062472817831696,-0.44377371112709824,-0.3131790996216943,-0.9578826212676649,-0.15057575535910012,-0.06661076206467151,-0.7385291864303457,-0.34580163419467275,-0.2371182299376576
0.07311457763213906,0.33526843612250895,-0.13539197363397854,-0.28027951844771026,0.44624054043329325,-0.2719931037999091,-0.5009358314290268,-0.911336190698048,-0.44586734290539826,-0.3145554859320451,-0.9633259620773409,-0.151352194380337,-0.06681169917437811,-0.742811103956987,-0.34776340692567104,-0.23854260848531475
0.07368226612697008,0.33690160247986634,-0.13608217156308605,-0.28249498278427615,0.44853689219094944,-0.27356787132232036,-0.5038112361562816,-0.9164250996129265,-0.447960974683698,-0.3159318722423958,-0.9687693028870167,-0.15212863340157387,-0.06701263628408469,-0.7470930214836281,-0.3497251796566693,-0.23996698703297184
0.07424995462180112,0.3385347688372238,-0.1367723694921936,-0.2847104471208421,0.4508332439486055,-0.2751426388447316,-0.5066866408835367,-0.9215140085278049,-0.45005460646199785,-0.31730825855274647,-0.9742126436966926,-0.15290507242281073,-0.06721357339379129,-0.7513749390102692,-0.35168695238766756,-0.24139136558062893
0.07477950630058604,0.3400582205086042,-0.13741620052872283,-0.2867770785030156,0.452975328805741,-0.2766116148637666,-0.50936887843876,-0.9262610489973491,-0.4520075898904997,-0.3185921804358556,-0.9792903056366628,-0.153629350950408,-0.0674010117243972,-0.7553692010664806,-0.3535169349442171,-0.24272005562456156
0.075309057979371,0.3415816721799846,-0.13806003156525204,-0.28884370988518915,0.4551174136628765,-0.2780805908828017,-0.5120511159939835,-0.9310080894668934,-0.4539605733190017,-0.31987610231896474,-0.9843679675766329,-0.15435362947800527,-0.06758845005500314,-0.7593634631226923,-0.3553469175007667,-0.2440487456684942
0.07583860965815592,0.3431051238513648,-0.13870386260178125,-0.2909103412673626,0.4572594985200119,-0.27954956690183663,-0.5147333535492067,-0.9357551299364374,-0.45591355674750345,-0.3211600242020738,-0.9894456295166028,-0.1550779080056025,-0.06777588838560905,-0.7633577251789039,-0.35717690005731617,-0.24537743571242676
0.07636816133694087,0.3446285755227453,-0.13934769363831048,-0.29297697264953615,0.4594015833771474,-0.2810185429208717,-0.5174155911044301,-0.9405021704059817,-0.4578665401760054,-0.3224439460851829,-0.994523291456573,-0.15580218653319977,-0.06796332671621498,-0.7673519872351156,-0.35900688261386576,-0.2467061257563594
0.07689771301572577,0.3461520271941256,-0.1399915246748397,-0.2950436040317096,0.4615436682342828,-0.28248751893990665,-0.5200978286596534,-0.9452492108755257,-0.4598195236045072,-0.3237278679682919,-0.9996009533965429,-0.156526465060797,-0.0681507650468209,-0.771346249291327,-0.3608368651704152,-0.24803481580029196
0.07742726469451072,0.3476754788655059,-0.14063535571136893,-0.2971102354138832,0.4636857530914183,-0.2839564949589417,-0.5227800662148768,-0.94999625134507,-0.46177250703300915,-0.32501178985140106,-1.0,-0.15725074358839428,-0.06833820337742683,-0.7753405113475387,-0.3626668477269648,-0.2493635058442246
0.07795681637329564,0.3491989305368863,-0.14127918674789813,-0.2991768667960566,0.46582783794855365,-0.28542547097797666,-0.5254623037701001,-0.954743291814614,-0.4637254904615109,-0.3262957117345101,-1.0,-0.15797502211599151,-0.06852564170803274,-0.77933477340375,-0.3644968302835143,-0.2506921958881571
0.07848636805208062,0.3507223822082667,-0.1419230177844274,-0.30124349817823026,0.4679699228056893,-0.28689444699701183,-0.5281445413253236,-0.9594903322841586,-0.465678473890013,-0.3275796336176193,-1.0,-0.15869930064358884,-0.06871308003863869,-0.783329035459962,-0.36632681284006396,-0.2520208859320898
0.07901591973086554,0.352245833879647,-0.14256684882095663,-0.3033101295604037,0.47011200766282457,-0.2883634230160467,-0.5308267788805469,-0.9642373727537026,-0.4676314573185148,-0.3288635555007284,-1.0,-0.15942357917118608,-0.0689005183692446,-0.7873232975161735,-0.3681567953966134,-0.25334957597602237
0.07954547140965046,0.3537692855510274,-0.14321067985748584,-0.3053767609425772,0.47225409251996003,-0.28983239903508173,-0.5335090164357702,-0.9689844132232466,-0.46958444074701666,-0.3301474773838375,-1.0,-0.16014785769878329,-0.06908795669985052,-0.7913175595723849,-0.3699867779531629,-0.25467826601995497
0.08003933658469878,0.3551900717679463,-0.1438111231008849,-0.3073041219730612,0.4742518222134338,-0.29120238071552346,-0.5360104979205821,-0.9734115504911941,-0.47140581256288294,-0.3313448757322006,-1.0,-0.160823327074381,-0.06926276355565704,-0.7950426481871656,-0.37169343792957804,-0.25591741560142245
0.08053320175974711,0.35661085798486525,-0.14441156634428398,-0.30923148300354525,0.4762495519069077,-0.29257236239596524,-0.538511979405394,-0.9778386877591416,-0.4732271843787493,-0.33254227408056386,-1.0,-0.16149879644997867,-0.06943757041146358,-0.7987677368019466,-0.3734000979059933,-0.25715656518288993
0.08102706693479539,0.35803164420178407,-0.145012009587683,-0.3111588440340291,0.4782472816003813,-0.2939423440764068,-0.5410134608902056,-0.9822658250270888,-0.4750485561946154,-0.33373967242892705,-1.0,-0.16217426582557629,-0.06961237726727008,-0.802492825416727,-0.3751067578824083,-0.25839571476435724
0.08152093210984372,0.35945243041870306,-0.1456124528310821,-0.3130862050645132,0.4802450112938551,-0.29531232575684857,-0.5435149423750176,-0.9866929622950363,-0.4768699280104818,-0.3349370707772903,-1.0,-0.16284973520117396,-0.0697871841230766,-0.806217914031508,-0.37681341785882355,-0.2596348643458247
0.08201479728489204,0.36087321663562194,-0.14621289607448115,-0.3150135660949972,0.4822427409873289,-0.29668230743729024,-0.5460164238598295,-0.9911200995629835,-0.478691299826348,-0.3361344691256534,-1.0,-0.16352520457677167,-0.06996199097888313,-0.8099430026462886,-0.37852007783523867,-0.26087401392729215
0.08250866245994036,0.3622940028525409,-0.1468133393178802,-0.3169409271254812,0.4842404706808027,-0.29805228911773196,-0.5485179053446414,-0.995547236830931,-0.4805126716422143,-0.3373318674740166,-1.0,-0.1642006739523693,-0.07013679783468965,-0.8136680912610693,-0.3802267378116538,-0.26211316350875963
0.08300252763498867,0.36371478906945975,-0.14741378256127927,-0.31886828815596513,0.48623820037427634,-0.29942227079817363,-0.5510193868294531,-0.9999743740988782,-0.4823340434580804,-0.33852926582237974,-1.0,-0.16487614332796696,-0.07031160469049617,-0.8173931798758499,-0.38193339778806895,-0.263352313090227
0.08349639281003698,0.3651355752863787,-0.14801422580467832,-0.3207956491864492,0.4882359300677503,-0.30079225247861535,-0.5535208683142652,-1.0,-0.4841554152739468,-0.339726664170743,-1.0,-0.16555161270356464,-0.0704864115463027,-0.8211182684906307,-0.3836400577644842,-0.2645914626716945
0.0839902579850853,0.3665563615032976,-0.1486146690480774,-0.3227230102169332,0.49023365976122407,-0.3021622341590571,-0.5560223497990769,-1.0,-0.48597678708981307,-0.3409240625191062,-1.0,-0.16622708207916229,-0.0706612184021092,-0.8248433571054116,-0.3853467177408993,-0.2658306122531619
0.08448412316013361,0.3679771477202165,-0.14921511229147644,-0.32465037124741714,0.4922313894546977,-0.3035322158394987,-0.5585238312838887,-1.0,-0.4877981589056792,-0.3421214608674694,-1.0,-0.16690255145475993,-0.07083602525791573,-0.8285684457201922,-0.38705337771731435,-0.2670697618346293
0.08494427791399321,0.36930095341651703,-0.14977457027076388,-0.32644617379715996,0.4940927574187144,-0.304808684833074,-0.5608545657739554,-1.0,-0.48949520688954395,-0.3432371267821779,-1.0,-0.16753191440637408,-0.0709989000864532,-0.8320392659384267,-0.38864354390243266,-0.26822432911222605
0.0854044326678528,0.37062475911281756,-0.15033402825005127,-0.3282419763469027,0.4959541253827311,-0.3060851538266493,-0.5631853002640221,-1.0,-0.4911922548734087,-0.34435279269688635,-1.0,-0.16816127735798822,-0.07116177491499066,-0.8355100861566612,-0.3902337100875509,-0.26937889638982276
0.08586458742171237,0.37194856480911803,-0.15089348622933862,-0.33003777889664543,0.49781549334674763,-0.3073616228202245,-0.5655160347540886,-1.0,-0.49288930285727334,-0.3454684586115948,-1.0,-0.1687906403096023,-0.0713246497435281,-0.8389809063748953,-0.39182387627266907,-0.2705334636674194
0.086324742175572,0.37327237050541867,-0.15145294420862604,-0.3318335814463883,0.49967686131076433,-0.3086380918137998,-0.5678467692441554,-1.0,-0.4945863508411381,-0.34658412452630327,-1.0,-0.16942000326121648,-0.07148752457206559,-0.84245172659313,-0.3934140424577873,-0.27168803094501626
0.08678489692943156,0.3745961762017192,-0.15201240218791345,-0.33362938399613107,0.501538229274781,-0.30991456080737506,-0.570177503734222,-1.0,-0.4962833988250027,-0.3476997904410118,-1.0,-0.17004936621283057,-0.07165039940060304,-0.8459225468113644,-0.39500420864290553,-0.2728425982226129
0.08724505168329115,0.3759199818980197,-0.15257186016720084,-0.3354251865458738,0.5033995972387976,-0.3111910298009503,-0.5725082382242888,-1.0,-0.4979804468088674,-0.34881545635572025,-1.0,-0.17067872916444468,-0.0718132742291405,-0.8493933670295988,-0.39659437482802373,-0.2739971655002096
0.08770520643715074,0.3772437875943202,-0.15313131814648828,-0.3372209890956166,0.5052609652028143,-0.31246749879452557,-0.5748389727143554,-1.0,-0.49967749479273216,-0.3499311222704287,-1.0,-0.17130809211605882,-0.07197614905767796,-0.8528641872478333,-0.39818454101314205,-0.27515173277780636
0.08816536119101036,0.37856759329062084,-0.1536907761257757,-0.33901679164535947,0.5071223331668311,-0.31374396778810093,-0.5771697072044222,-1.0,-0.501374542776597,-0.35104678818513735,-1.0,-0.171937455067673,-0.07213902388621543,-0.8563350074660678,-0.39977470719826036,-0.27630630005540313
0.08862551594486993,0.3798913989869213,-0.15425023410506306,-0.3408125941951022,0.5089837011308477,-0.3150204367816761,-0.5795004416944888,-1.0,-0.5030715907604616,-0.35216245409984576,-1.0,-0.17256681801928708,-0.07230189871475289,-0.8598058276843021,-0.40136487338337845,-0.2774608673329998
0.08908567069872951,0.3812152046832219,-0.15480969208435044,-0.34260839674484495,0.5108450690948644,-0.31629690577525144,-0.5818311761845554,-1.0,-0.5047686387443262,-0.3532781200145543,-1.0,-0.1731961809709012,-0.07246477354329035,-0.8632766479025367,-0.4029550395684967,-0.2786154346105965
0.08951373255318225,0.38244668325981046,-0.15533013138893975,-0.34427895336351766,0.5125766183526147,-0.317484349086351,-0.5839993566057867,-1.0,-0.5063473283068599,-0.35431597524998126,-1.0,-0.1737816498157455,-0.07261628887712669,-0.8665054002442821,-0.40443430166538996,-0.27968947808356537
0.089941794407635,0.3836781618363992,-0.15585057069352906,-0.34594950998219043,0.5143081676103651,-0.3186717923974506,-0.5861675370270182,-1.0,-0.5079260178693937,-0.35535383048540836,-1.0,-0.17436711866058982,-0.07276780421096304,-0.8697341525860277,-0.40591356376228327,-0.28076352155653433
0.09036985626208771,0.3849096404129877,-0.15637100999811832,-0.347620066600863,0.5160397168681153,-0.3198592357085501,-0.5883357174482493,-1.0,-0.5095047074319273,-0.35639168572083535,-1.0,-0.1749525875054341,-0.07291931954479938,-0.8729629049277731,-0.4073928258591764,-0.28183756502950313
0.09079791811654044,0.3861411189895763,-0.15689144930270765,-0.34929062321953563,0.5177712661258657,-0.3210466790196497,-0.5905038978694805,-1.0,-0.511083396994461,-0.35742954095626234,-1.0,-0.1755380563502784,-0.07307083487863572,-0.8761916572695185,-0.40887208795606966,-0.282911608502472
0.09122597997099316,0.38737259756616493,-0.15741188860729693,-0.35096117983820835,0.5195028153836161,-0.3222341223307492,-0.592672078290712,-1.0,-0.5126620865569946,-0.35846739619168944,-1.0,-0.1761235251951227,-0.07322235021247207,-0.879420409611264,-0.4103513500529629,-0.2839856519754409
0.09165404182544591,0.3886040761427536,-0.15793232791188622,-0.35263173645688106,0.5212343646413666,-0.3234215656418489,-0.5948402587119433,-1.0,-0.5142407761195283,-0.3595052514271165,-1.0,-0.17670899403996704,-0.07337386554630841,-0.8826491619530096,-0.4118306121498562,-0.2850596954484098
0.09208210367989862,0.38983555471934217,-0.1584527672164755,-0.35430229307555366,0.5229659138991168,-0.3246090089529484,-0.5970084391331746,-1.0,-0.5158194656820619,-0.36054310666254347,-1.0,-0.1772944628848113,-0.07352538088014475,-0.8858779142947548,-0.41330987424674936,-0.2861337389213786
0.09251016553435137,0.3910670332959308,-0.1589732065210648,-0.35597284969422643,0.5246974631568672,-0.325796452264048,-0.5991766195544059,-1.0,-0.5173981552445958,-0.3615809618979705,-1.0,-0.1778799317296556,-0.0736768962139811,-0.8891066666365005,-0.4147891363436427,-0.2872077823943475
0.0929382273888041,0.39229851187251946,-0.1594936458256541,-0.3576434063128991,0.5264290124146176,-0.32698389557514757,-0.6013447999756373,-1.0,-0.5189768448071295,-0.3626188171333976,-1.0,-0.1784654005744999,-0.07382841154781744,-0.892335418978246,-0.4162683984405359,-0.2882818258673164
0.09336628924325682,0.393529990449108,-0.16001408513024337,-0.3593139629315718,0.5281605616723679,-0.3281713388862471,-0.6035129803968685,-1.0,-0.5205555343696632,-0.3636566723688246,-1.0,-0.1790508694193442,-0.07397992688165379,-0.8955641713199914,-0.4177476605374292,-0.28935586934028523
0.0937636118677633,0.3946730362378977,-0.16049715155684688,-0.36086455645728144,0.5297677679403293,-0.32927351159309093,-0.6055254632341177,-1.0,-0.5220208578357515,-0.3646199989575132,-1.0,-0.179594295598483,-0.07412056186107702,-0.8985610661401193,-0.4191206964493116,-0.29035278548003246
0.09416093449226977,0.3958160820266874,-0.16098021798345033,-0.3624151499829912,0.5313749742082908,-0.3303756842999347,-0.6075379460713668,-1.0,-0.5234861813018398,-0.3655833255462017,-1.0,-0.18013772177762175,-0.07426119684050025,-0.9015579609602472,-0.4204937323611939,-0.29134970161977963
0.09455825711677625,0.39695912781547704,-0.16146328441005384,-0.3639657435087008,0.5329821804762521,-0.33147785700677845,-0.6095504289086161,-1.0,-0.5249515047679281,-0.36654665213489035,-1.0,-0.18068114795676052,-0.07440183181992349,-0.9045548557803751,-0.42186676827307634,-0.29234661775952686
0.09495557974128271,0.3981021736042667,-0.16194635083665732,-0.36551633703441055,0.5345893867442135,-0.3325800297136222,-0.6115629117458652,-1.0,-0.5264168282340163,-0.3675099787235789,-1.0,-0.18122457413589932,-0.07454246679934672,-0.9075517506005029,-0.4232398041849587,-0.29334353389927403
0.09535290236578918,0.39924521939305635,-0.1624294172632608,-0.3670669305601202,0.5361965930121749,-0.33368220242046603,-0.6135753945831144,-1.0,-0.5278821517001046,-0.36847330531226746,-1.0,-0.1817680003150381,-0.07468310177876995,-0.9105486454206309,-0.42461284009684114,-0.2943404500390212
0.09575022499029563,0.40038826518184595,-0.16291248368986427,-0.3686175240858298,0.5378037992801363,-0.3347843751273098,-0.6155878774203635,-1.0,-0.5293474751661928,-0.369436631900956,-1.0,-0.18231142649417686,-0.07482373675819318,-0.9135455402407586,-0.4259858760087235,-0.2953373661787683
0.0961475476148021,0.40153131097063555,-0.16339555011646772,-0.3701681176115395,0.5394110055480976,-0.3358865478341535,-0.6176003602576126,-1.0,-0.5308127986322811,-0.3703999584896445,-1.0,-0.18285485267331564,-0.07496437173761641,-0.9165424350608865,-0.4273589119206058,-0.29633428231851555
0.0965448702393086,0.4026743567594253,-0.16387861654307123,-0.37171871113724925,0.5410182118160591,-0.3369887205409974,-0.6196128430948619,-1.0,-0.5322781220983694,-0.3713632850783331,-1.0,-0.18339827885245444,-0.07510500671703965,-0.9195393298810146,-0.42873194783248825,-0.2973311984582628
0.09694219286381506,0.40381740254821497,-0.16436168296967468,-0.37326930466295893,0.5426254180840204,-0.3380908932478411,-0.621625325932111,-1.0,-0.5337434455644577,-0.37232661166702175,-1.0,-0.18394170503159318,-0.07524564169646288,-0.9225362247011424,-0.4301049837443706,-0.2983281145980099
0.09733951548832152,0.4049604483370046,-0.1648447493962782,-0.37481989818866857,0.5442326243519818,-0.3391930659546849,-0.6236378087693601,-1.0,-0.535208769030546,-0.3732899382557103,-1.0,-0.18448513121073198,-0.0753862766758861,-0.9255331195212702,-0.431478019656253,-0.29932503073775707
0.09770726462612837,0.40601841503050273,-0.16529186026017004,-0.3762550780576149,0.5457202031679497,-0.3402132018282951,-0.6255004986405165,-1.0,-0.5365650256543197,-0.374181562594638,-1.0,-0.18498810913475075,-0.07551644392345379,-0.9283069496991233,-0.43274885786588124,-0.3002477444928903
0.09807501376393521,0.40707638172400096,-0.16573897112406186,-0.37769025792656125,0.5472077819839174,-0.3412333377019054,-0.6273631885116727,-1.0,-0.5379212822780937,-0.3750731869335658,-1.0,-0.18549108705876954,-0.07564661117102148,-0.9310807798769762,-0.4340196960755094,-0.3011704582480235
0.098442762901742,0.408134348417499,-0.16618608198795368,-0.3791254377955074,0.548695360799885,-0.34225347357551555,-0.6292258783828288,-1.0,-0.5392775389018672,-0.3759648112724935,-1.0,-0.18599406498278825,-0.07577677841858915,-0.933854610054829,-0.4352905342851374,-0.30209317200315666
0.09881051203954884,0.40919231511099724,-0.1666331928518455,-0.38056061766445376,0.5501829396158529,-0.3432736094491258,-0.6310885682539852,-1.0,-0.5406337955256411,-0.37685643561142124,-1.0,-0.186497042906807,-0.07590694566615683,-0.9366284402326821,-0.4365613724947657,-0.30301588575828986
0.09917826117735569,0.41025028180449546,-0.16708030371573734,-0.3819957975334,0.5516705184318207,-0.34429374532273616,-0.6329512581251415,-1.0,-0.541990052149415,-0.37774805995034894,-1.0,-0.18700002083082576,-0.07603711291372452,-0.939402270410535,-0.4378322107043938,-0.3039385995134231
0.09954601031516251,0.4113082484979936,-0.16752741457962916,-0.3834309774023463,0.5531580972477883,-0.3453138811963463,-0.6348139479962976,-1.0,-0.5433463087731887,-0.3786396842892767,-1.0,-0.18750299875484452,-0.0761672801612922,-0.942176100588388,-0.43910304891402197,-0.30486131326855626
0.09991375945296933,0.4123662151914917,-0.16797452544352098,-0.38486615727129253,0.5546456760637561,-0.34633401706995653,-0.6366766378674539,-1.0,-0.5447025653969625,-0.37953130862820444,-1.0,-0.18800597667886326,-0.07629744740885988,-0.9449499307662408,-0.44037388712365005,-0.30578402702368945
0.1002815085907762,0.41342418188498997,-0.16842163630741286,-0.3863013371402389,0.5561332548797239,-0.34735415294356686,-0.6385393277386103,-1.0,-0.5460588220207363,-0.38042293296713225,-1.0,-0.18850895460288203,-0.07642761465642757,-0.947723760944094,-0.4416447253332783,-0.3067067407788227
0.10064925772858302,0.4144821485784881,-0.16886874717130468,-0.3877365170091852,0.5576208336956917,-0.34837428881717714,-0.6404020176097666,-1.0,-0.5474150786445101,-0.3813145573060599,-1.0,-0.18901193252690077,-0.07655778190399526,-0.9504975911219469,-0.4429155635429065,-0.3076294545339559
0.10101700686638983,0.41554011527198625,-0.1693158580351965,-0.3891716968781314,0.5591084125116593,-0.3493944246907873,-0.6422647074809228,-1.0,-0.5487713352682838,-0.38220618164498765,-1.0,-0.18951491045091953,-0.07668794915156293,-0.9532714212997998,-0.4441864017525346,-0.30855216828908905
0.10135622027433717,0.41651598836236664,-0.16972827504526897,-0.3904955130460388,0.5604805616967371,-0.35033540246797634,-0.6439828607386354,-1.0,-0.5500223522907713,-0.3830286198223284,-1.0,-0.1899788594808104,-0.07680801598819478,-0.955830014348605,-0.44535862845742513,-0.30940328347947466
0.10169543368228448,0.41749186145274697,-0.1701406920553414,-0.391819329213946,0.5618527108818148,-0.3512763802451653,-0.6457010139963484,-1.0,-0.5512733693132588,-0.38385105799966907,-1.0,-0.1904428085107012,-0.07692808282482662,-0.95838860739741,-0.4465308551623156,-0.31025439866986027
0.10203464709023176,0.4184677345431273,-0.17055310906541382,-0.3931431453818533,0.5632248600668923,-0.35221735802235427,-0.647419167254061,-1.0,-0.5525243863357461,-0.38467349617700963,-1.0,-0.19090675754059197,-0.07704814966145847,-0.960947200446215,-0.44770308186720614,-0.31110551386024576
0.10237386049817909,0.41944360763350763,-0.17096552607548626,-0.3944669615497605,0.56459700925197,-0.3531583357995432,-0.6491373205117736,-1.0,-0.5537754033582335,-0.38549593435435026,-1.0,-0.1913707065704828,-0.0771682164980903,-0.96350579349502,-0.4488753085720966,-0.3119566290506314
0.10271307390612641,0.4204194807238881,-0.17137794308555876,-0.3957907777176679,0.5659691584370476,-0.3540993135767323,-0.6508554737694865,-1.0,-0.555026420380721,-0.38631837253169093,-1.0,-0.19183465560037366,-0.07728828333472217,-0.9660643865438252,-0.45004753527698715,-0.312807744241017
0.10305228731407373,0.4213953538142684,-0.1717903600956312,-0.39711459388557524,0.5673413076221253,-0.3550402913539213,-0.6525736270271991,-1.0,-0.5562774374032085,-0.3871408107090316,-1.0,-0.1922986046302645,-0.07740835017135402,-0.9686229795926302,-0.4512197619818777,-0.31365885943140254
0.10339150072202104,0.42237122690464873,-0.17220277710570364,-0.39843841005348246,0.568713456807203,-0.3559812691311102,-0.654291780284912,-1.0,-0.5575284544256959,-0.3879632488863723,-1.0,-0.1927625536601553,-0.07752841700798585,-0.9711815726414352,-0.4523919886867682,-0.31450997462178815
0.10373071412996838,0.4233470999950292,-0.17261519411577614,-0.39976222622138985,0.5700856059922808,-0.3569222469082993,-0.6560099335426247,-1.0,-0.5587794714481834,-0.38878568706371297,-1.0,-0.19322650269004615,-0.07764848384461771,-0.9737401656902404,-0.4535642153916588,-0.31536108981217376
0.10406992753791569,0.4243229730854095,-0.17302761112584858,-0.40108604238929707,0.5714577551773583,-0.3578632246854883,-0.6577280868003375,-1.0,-0.5600304884706708,-0.38960812524105365,-1.0,-0.19369045171993698,-0.07776855068124956,-0.9762987587390454,-0.4547364420965493,-0.3162122050025593
0.104409140945863,0.42529884617578984,-0.17344002813592102,-0.4024098585572044,0.572829904362436,-0.35880420246267725,-0.6594462400580503,-1.0,-0.5612815054931583,-0.3904305634183943,-1.0,-0.1941544007498278,-0.0778886175178814,-0.9788573517878504,-0.45590866880143976,-0.3170633201929449
0.10472077513980382,0.4261953774354164,-0.17381891422795126,-0.40362604392826057,0.5740904931105218,-0.3596686755178109,-0.6610247015604247,-1.0,-0.5624308105391124,-0.3911861345498914,-1.0,-0.19458062913164373,-0.07799892250871066,-0.9812079224425068,-0.45698558945297024,-0.31784523679792714
0.10503240933374462,0.4270919086950429,-0.17419780031998144,-0.40484222929931657,0.5753510818586075,-0.36053314857294455,-0.6626031630627992,-1.0,-0.5635801155850663,-0.3919417056813883,-1.0,-0.1950068575134596,-0.07810922749953991,-0.983558493097163,-0.4580625101045005,-0.3186271534029092
0.10534404352768542,0.42798843995466945,-0.17457668641201166,-0.40605841467037257,0.5766116706066933,-0.36139762162807815,-0.6641816245651736,-1.0,-0.5647294206310203,-0.3926972768128853,-1.0,-0.19543308589527555,-0.07821953249036916,-0.9859090637518193,-0.4591394307560308,-0.31940907000789137
0.10565567772162623,0.4288849712142959,-0.17495557250404187,-0.4072746000414287,0.577872259354779,-0.3622620946832118,-0.6657600860675481,-1.0,-0.5658787256769743,-0.3934528479443823,-1.0,-0.1958593142770915,-0.07832983748119843,-0.9882596344064757,-0.4602163514075612,-0.32019098661287354
0.10596731191556705,0.42978150247392244,-0.17533445859607208,-0.40849078541248474,0.5791328481028648,-0.36312656773834545,-0.6673385475699226,-1.0,-0.5670280307229283,-0.39420841907587933,-1.0,-0.19628554265890738,-0.07844014247202766,-0.990610205061132,-0.4612932720590915,-0.3209729032178557
0.10627894610950785,0.43067803373354896,-0.1757133446881023,-0.40970697078354085,0.5803934368509506,-0.36399104079347905,-0.668917009072297,-1.0,-0.5681773357688823,-0.3949639902073763,-1.0,-0.19671177104072332,-0.07855044746285693,-0.9929607757157883,-0.4623701927106218,-0.3217548198228378
0.10659058030344866,0.4315745649931755,-0.1760922307801325,-0.4109231561545969,0.5816540255990365,-0.3648555138486127,-0.6704954705746715,-1.0,-0.5693266408148363,-0.3957195613388733,-1.0,-0.19713799942253923,-0.07866075245368619,-0.9953113463704446,-0.4634471133621522,-0.32253673642782
0.1069022144973895,0.4324710962528021,-0.17647111687216274,-0.41213934152565307,0.5829146143471222,-0.3657199869037464,-0.6720739320770462,-1.0,-0.5704759458607903,-0.3964751324703704,-1.0,-0.19756422780435517,-0.07877105744451544,-0.9976619170251011,-0.4645240340136826,-0.32331865303280216
0.10721384869133031,0.4333676275124286,-0.17685000296419293,-0.4133555268967091,0.584175203095208,-0.36658445995888,-0.6736523935794207,-1.0,-0.5716252509067444,-0.3972307036018674,-1.0,-0.19799045618617112,-0.07888136243534469,-1.0,-0.4656009546652129,-0.3241005696377844
0.10752548288527111,0.43426415877205515,-0.17722888905622317,-0.41457171226776524,0.5854357918432938,-0.3674489330140136,-0.6752308550817951,-1.0,-0.5727745559526984,-0.3979862747333644,-1.0,-0.19841668456798703,-0.07899166742617394,-1.0,-0.4666778753167432,-0.3248824862427665
0.1078104491965708,0.4350839699833664,-0.17757535223050855,-0.4156838234089204,0.5865885065729108,-0.368239429379718,-0.6766742408225322,-1.0,-0.5738255100067515,-0.398677188382937,-1.0,-0.19880643874804466,-0.07909253314298463,-1.0,-0.4676626392213338,-0.3255974908699804
0.10809541550787055,0.4359037811946779,-0.17792181540479401,-0.41679593455007585,0.587741221302528,-0.3690299257454225,-0.6781176265632695,-1.0,-0.5748764640608046,-0.39936810203250955,-1.0,-0.19919619292810237,-0.07919339885979532,-1.0,-0.4686474031259244,-0.3263124954971943
0.10838038181917026,0.43672359240598924,-0.17826827857907943,-0.41790804569123113,0.5888939360321451,-0.36982042211112687,-0.6795610123040063,-1.0,-0.5759274181148577,-0.4000590156820821,-1.0,-0.19958594710816002,-0.07929426457660602,-1.0,-0.4696321670305149,-0.32702750012440823
0.10866534813046998,0.4375434036173006,-0.17861474175336486,-0.41902015683238636,0.5900466507617622,-0.37061091847683114,-0.6810043980447434,-1.0,-0.5769783721689108,-0.4007499293316547,-1.0,-0.19997570128821768,-0.0793951302934167,-1.0,-0.47061693093510554,-0.3277425047516222
0.10895031444176968,0.43836321482861196,-0.17896120492765027,-0.42013226797354164,0.5911993654913793,-0.3714014148425355,-0.6824477837854807,-1.0,-0.5780293262229639,-0.40144084298122723,-1.0,-0.2003654554682753,-0.07949599601022739,-1.0,-0.47160169483969605,-0.32845750937883605
0.1092352807530694,0.4391830260399233,-0.1793076681019357,-0.421244379114697,0.5923520802209964,-0.3721919112082399,-0.6838911695262178,-1.0,-0.5790802802770171,-0.4021317566307998,-1.0,-0.200755209648333,-0.07959686172703809,-1.0,-0.4725864587442867,-0.32917251400605
0.10952024706436911,0.4400028372512347,-0.17965413127622112,-0.42235649025585226,0.5935047949506135,-0.3729824075739443,-0.6853345552669547,-1.0,-0.5801312343310701,-0.4028226702803724,-1.0,-0.20114496382839062,-0.07969772744384876,-1.0,-0.47357122264887713,-0.32988751863326393
0.10980521337566883,0.44082264846254604,-0.18000059445050656,-0.42346860139700754,0.5946575096802307,-0.3737729039396487,-0.6867779410076917,-1.0,-0.5811821883851231,-0.40351358392994496,-1.0,-0.2015347180084483,-0.07979859316065946,-1.0,-0.47455598655346776,-0.3306025232604779
0.11009017968696855,0.4416424596738574,-0.18034705762479197,-0.4245807125381629,0.5958102244098478,-0.3745634003053532,-0.688221326748429,-1.0,-0.5822331424391762,-0.4042044975795176,-1.0,-0.20192447218850595,-0.07989945887747016,-1.0,-0.4755407504580583,-0.33131752788769187
0.11037514599826824,0.44246227088516876,-0.1806935207990774,-0.4256928236793181,0.5969629391394649,-0.37535389667105745,-0.689664712489166,-1.0,-0.5832840964932293,-0.4048954112290901,-1.0,-0.20231422636856358,-0.08000032459428084,-1.0,-0.47652551436264884,-0.3320325325149057
0.11063433805965865,0.44320793291392435,-0.18100864753784635,-0.42670434808673513,0.5980113946765486,-0.3760728952839603,-0.6909775488164387,-1.0,-0.5842399952675589,-0.4055238340495235,-1.0,-0.20266872858640092,-0.08009206734430817,-1.0,-0.4774212096651902,-0.3326828673646148
0.11089353012104901,0.44395359494267983,-0.18132377427661528,-0.4277158724941521,0.5990598502136324,-0.37679189389686313,-0.6922903851437111,-1.0,-0.5851958940418883,-0.4061522568699569,-1.0,-0.20302323080423818,-0.0801838100943355,-1.0,-0.47831690496773144,-0.3333332022143237
0.11115272218243936,0.44469925697143536,-0.1816389010153842,-0.42872739690156897,0.6001083057507159,-0.3775108925097658,-0.6936032214709836,-1.0,-0.5861517928162178,-0.4067806796903902,-1.0,-0.20337773302207546,-0.08027555284436282,-1.0,-0.47921260027027257,-0.3339835370640327
0.11141191424382973,0.44544491900019095,-0.18195402775415315,-0.429738921308986,0.6011567612877998,-0.3782298911226687,-0.6949160577982562,-1.0,-0.5871076915905473,-0.40740910251082363,-1.0,-0.20373223523991274,-0.08036729559439017,-1.0,-0.4801082955728139,-0.33463387191374183
0.11167110630522015,0.44619058102894654,-0.1822691544929221,-0.43075044571640303,0.6022052168248835,-0.37894888973557145,-0.6962288941255288,-1.0,-0.5880635903648769,-0.40803752533125703,-1.0,-0.20408673745775005,-0.0804590383444175,-1.0,-0.4810039908753552,-0.33528420676345083
0.11193029836661049,0.4469362430577021,-0.18258428123169101,-0.4317619701238199,0.6032536723619671,-0.3796678883484742,-0.6975417304528011,-1.0,-0.5890194891392063,-0.4086659481516904,-1.0,-0.2044412396755873,-0.08055078109444484,-1.0,-0.48189968617789636,-0.33593454161315983
0.11218949042800087,0.44768190508645767,-0.18289940797045998,-0.4327734945312369,0.604302127899051,-0.38038688696137707,-0.6988545667800738,-1.0,-0.5899753879135359,-0.40929437097212373,-1.0,-0.20479574189342462,-0.08064252384447217,-1.0,-0.4827953814804377,-0.3365848764628689
0.11244868248939127,0.44842756711521325,-0.18321453470922894,-0.43378501893865395,0.6053505834361347,-0.3811058855742799,-0.7001674031073465,-1.0,-0.5909312866878654,-0.4099227937925572,-1.0,-0.20515024411126193,-0.0807342665944995,-1.0,-0.483691076782979,-0.3372352113125779
0.11270787455078164,0.44917322914396884,-0.18352966144799787,-0.43479654334607093,0.6063990389732185,-0.38182488418718263,-0.7014802394346191,-1.0,-0.5918871854621949,-0.41055121661299054,-1.0,-0.2055047463290992,-0.08082600934452683,-1.0,-0.48458677208552026,-0.33788554616228694
0.112967066612172,0.4499188911727244,-0.18384478818676675,-0.43580806775348785,0.6074474945103021,-0.3825438828000854,-0.7027930757618915,-1.0,-0.5928430842365243,-0.4111796394334239,-1.0,-0.2058592485469365,-0.08091775209455417,-1.0,-0.4854824673880615,-0.3385358810119959
0.11320138099591548,0.4505929833413329,-0.18412966854614057,-0.436722504395158,0.6083953175714575,-0.3831938707510705,-0.7039799039129186,-1.0,-0.5937072342842791,-0.4117477452045277,-1.0,-0.20617972506254678,-0.08100068922549973,-1.0,-0.48629219239164007,-0.33912379565999495
0.11343569537965886,0.4512670755099413,-0.18441454890551431,-0.4376369410368279,0.6093431406326125,-0.38384385870205534,-0.7051667320639458,-1.0,-0.5945713843320335,-0.4123158509756314,-1.0,-0.20650020157815696,-0.08108362635644527,-1.0,-0.4871019173952184,-0.33971171030799385
0.11367000976340233,0.4519411676785498,-0.18469942926488814,-0.43855137767849794,0.6102909636937679,-0.38449384665304037,-0.706353560214973,-1.0,-0.5954355343797882,-0.4128839567467352,-1.0,-0.20682067809376725,-0.08116656348739083,-1.0,-0.48791164239879703,-0.34029962495599286
0.11390432414714571,0.4526152598471581,-0.18498430962426188,-0.43946581432016785,0.6112387867549229,-0.3851438346040253,-0.7075403883659999,-1.0,-0.5962996844275428,-0.41345206251783895,-1.0,-0.2071411546093774,-0.08124950061833637,-1.0,-0.4887213674023754,-0.34088753960399165
0.11413863853088918,0.4532893520157667,-0.18526918998363567,-0.440380250961838,0.6121866098160783,-0.3857938225550103,-0.7087272165170273,-1.0,-0.5971638344752975,-0.4140201682889428,-1.0,-0.2074616311249877,-0.08133243774928194,-1.0,-0.48953109240595394,-0.3414754542519907
0.11437295291463259,0.45396344418437506,-0.18555407034300944,-0.441294687603508,0.6131344328772335,-0.3864438105059952,-0.7099140446680543,-1.0,-0.5980279845230522,-0.4145882740600466,-1.0,-0.20778210764059793,-0.08141537488022749,-1.0,-0.4903408174095325,-0.3420633688999897
0.11460726729837602,0.45463753635298354,-0.1858389507023832,-0.442209124245178,0.6140822559383886,-0.38709379845698016,-0.7111008728190815,-1.0,-0.5988921345708068,-0.4151563798311503,-1.0,-0.2081025841562082,-0.08149831201117305,-1.0,-0.4911505424131109,-0.3426512835479885
0.11484158168211948,0.4553116285215921,-0.18612383106175703,-0.4431235608868482,0.6150300789995441,-0.38774378640796525,-0.7122877009701089,-1.0,-0.5997562846185616,-0.4157244856022541,-1.0,-0.20842306067181846,-0.0815812491421186,-1.0,-0.4919602674166895,-0.3432391981959876
0.1150758960658629,0.4559857206902006,-0.1864087114211308,-0.4440379975285182,0.6159779020606994,-0.3883937743589502,-0.713474529121136,-1.0,-0.6006204346663161,-0.41629259137335795,-1.0,-0.20874353718742872,-0.08166418627306417,-1.0,-0.49276999242026803,-0.34382711284398654
0.11531021044960633,0.45665981285880897,-0.18669359178050457,-0.44495243417018815,0.6169257251218545,-0.38904376230993504,-0.7146613572721631,-1.0,-0.6014845847140707,-0.4168606971444616,-1.0,-0.20906401370303893,-0.0817471234040097,-1.0,-0.4935797174238465,-0.3444150274919855
0.11552056182090396,0.45726496654072313,-0.18694933781407141,-0.44577335262370793,0.6177766156112742,-0.38962727687968657,-0.7157268101268908,-1.0,-0.6022603593150494,-0.4173707035131899,-1.0,-0.20935171552249326,-0.0818215786676908,-1.0,-0.49430663295568694,-0.344942816910786
0.11573091319220158,0.45787012022263723,-0.18720508384763818,-0.44659427107722754,0.6186275061006938,-0.390210791449438,-0.7167922629816184,-1.0,-0.6030361339160278,-0.41788070988191806,-1.0,-0.20963941734194755,-0.08189603393137189,-1.0,-0.4950335484875273,-0.3454706063295864
0.11594126456349917,0.45847527390455134,-0.187460829881205,-0.4474151895307472,0.6194783965901134,-0.3907943060191893,-0.7178577158363458,-1.0,-0.6038119085170063,-0.41839071625064617,-1.0,-0.2099271191614018,-0.08197048919505295,-1.0,-0.4957604640193676,-0.3459983957483869
0.11615161593479682,0.4590804275864655,-0.18771657591477178,-0.448236107984267,0.620329287079533,-0.39137782058894083,-0.7189231686910734,-1.0,-0.6045876831179849,-0.4189007226193744,-1.0,-0.21021482098085614,-0.08204494445873405,-1.0,-0.4964873795512081,-0.3465261851671874
0.11636196730609445,0.4596855812683797,-0.18797232194833863,-0.44905702643778683,0.6211801775689528,-0.39196133515869236,-0.7199886215458012,-1.0,-0.6053634577189636,-0.4194107289881026,-1.0,-0.21050252280031045,-0.08211939972241514,-1.0,-0.4972142950830485,-0.3470539745859879
0.11657231867739207,0.4602907349502937,-0.18822806798190542,-0.44987794489130645,0.6220310680583724,-0.39254484972844367,-0.7210540744005287,-1.0,-0.606139232319942,-0.4199207353568308,-1.0,-0.21079022461976474,-0.08219385498609622,-1.0,-0.49794121061488883,-0.3475817640047884
0.11678267004868965,0.4608958886322078,-0.1884838140154722,-0.45069886334482606,0.6228819585477919,-0.39312836429819503,-0.7221195272552563,-1.0,-0.6069150069209205,-0.4204307417255589,-1.0,-0.211077926439219,-0.0822683102497773,-1.0,-0.4986681261467292,-0.3481095534235888
0.1169930214199873,0.461501042314122,-0.18873956004903902,-0.45151978179834584,0.6237328490372117,-0.3937118788679465,-0.723184980109984,-1.0,-0.6076907815218991,-0.42094074809428716,-1.0,-0.21136562825867333,-0.0823427655134584,-1.0,-0.4993950416785696,-0.3486373428423893
0.11720337279128494,0.4621061959960362,-0.18899530608260587,-0.4523407002518656,0.6245837395266314,-0.39429539343769804,-0.7242504329647117,-1.0,-0.6084665561228778,-0.4214507544630155,-1.0,-0.21165333007812767,-0.08241722077713948,-1.0,-0.5001219572104101,-0.3491651322611899
0.11741372416258254,0.4627113496779503,-0.18925105211617266,-0.4531616187053853,0.625434630016051,-0.39487890800744935,-0.7253158858194392,-1.0,-0.6092423307238561,-0.4219607608317436,-1.0,-0.21194103189758196,-0.08249167604082056,-1.0,-0.5008488727422504,-0.3496929216799903
0.11760105600338376,0.4632502791486795,-0.18947881091303778,-0.45389270100875634,0.6261924044043039,-0.39539856641429283,-0.7262647422178158,-1.0,-0.6099332094338529,-0.4224149553125535,-1.0,-0.21219724944020008,-0.08255798338893375,-1.0,-0.5014962392122031,-0.3501629531457677
0.11778838784418501,0.4637892086194089,-0.189706569709903,-0.4546237833121276,0.626950178792557,-0.3959182248211364,-0.7272135986161925,-1.0,-0.6106240881438497,-0.42286914979336365,-1.0,-0.21245346698281825,-0.08262429073704693,-1.0,-0.5021436056821559,-0.3506329846115451
0.11797571968498617,0.46432813809013807,-0.18993432850676809,-0.45535486561549854,0.6277079531808099,-0.39643788322797974,-0.7281624550145689,-1.0,-0.6113149668538462,-0.42332334427417356,-1.0,-0.21270968452543634,-0.0826905980851601,-1.0,-0.5027909721521084,-0.3511030160773223
0.11816305152578742,0.4648670675608675,-0.19016208730363324,-0.4560859479188698,0.6284657275690629,-0.39695754163482333,-0.7291113114129456,-1.0,-0.6120058455638432,-0.42377753875498364,-1.0,-0.21296590206805455,-0.08275690543327331,-1.0,-0.5034383386220613,-0.35157304754309976
0.11835038336658864,0.4654059970315967,-0.19038984610049842,-0.45681703022224085,0.6292235019573159,-0.3974772000416668,-0.7300601678113222,-1.0,-0.6126967242738398,-0.4242317332357936,-1.0,-0.21322211961067267,-0.08282321278138649,-1.0,-0.504085705092014,-0.3520430790088771
0.11853771520738984,0.46594492650232605,-0.19061760489736354,-0.45754811252561195,0.629981276345569,-0.3979968584485103,-0.7310090242096987,-1.0,-0.6133876029838364,-0.4246859277166037,-1.0,-0.21347833715329081,-0.08288952012949967,-1.0,-0.5047330715619668,-0.35251311047465445
0.11872504704819105,0.46648385597305525,-0.19084536369422866,-0.45827919482898305,0.630739050733822,-0.3985165168553538,-0.7319578806080753,-1.0,-0.6140784816938332,-0.4251401221974136,-1.0,-0.21373455469590893,-0.08295582747761285,-1.0,-0.5053804380319195,-0.3529831419404318
0.11891237888899232,0.46702278544378467,-0.19107312249109387,-0.4590102771323543,0.6314968251220751,-0.3990361752621973,-0.7329067370064521,-1.0,-0.61476936040383,-0.4255943166782237,-1.0,-0.21399077223852714,-0.08302213482572604,-1.0,-0.5060278045018722,-0.35345317340620924
0.11909971072979353,0.467561714914514,-0.191300881287959,-0.45974135943572536,0.632254599510328,-0.39955583366904085,-0.7338555934048288,-1.0,-0.6154602391138266,-0.42604851115903375,-1.0,-0.2142469897811453,-0.08308844217383925,-1.0,-0.506675170971825,-0.3539232048719866
0.11928704257059473,0.46810064438524324,-0.19152864008482415,-0.46047244173909646,0.6330123738985809,-0.40007549207588433,-0.7348044498032053,-1.0,-0.6161511178238235,-0.4265027056398437,-1.0,-0.2145032073237634,-0.08315474952195241,-1.0,-0.5073225374417777,-0.3543932363377639
0.1190517048764474,0.4674236082849891,-0.1912425155805927,-0.4595540115204458,0.6320604114534747,-0.3994226654624919,-0.7336124384723186,-1.0,-0.615283193813411,-0.4259321188066011,-1.0,-0.21418133120584368,-0.0830714501834991,-1.0,-0.5065092761635274,-0.3538027541172315
0.1188163671823,0.4667465721847349,-0.19095639107636114,-0.45863558130179505,0.6311084490083684,-0.39876983884909933,-0.7324204271414316,-1.0,-0.6144152698029985,-0.42536153197335835,-1.0,-0.2138594550879239,-0.0829881508450458,-1.0,-0.5056960148852769,-0.35321227189669885
0.11858102948815262,0.46606953608448065,-0.19067026657212963,-0.45771715108314426,0.6301564865632621,-0.3981170122357068,-0.7312284158105449,-1.0,-0.6135473457925861,-0.4247909451401156,-1.0,-0.2135375789700041,-0.08290485150659245,-1.0,-0.5048827536070265,-0.35262178967616625
0.11834569179400523,0.4653924999842264,-0.1903841420678981,-0.4567987208644934,0.6292045241181556,-0.3974641856223143,-0.7300364044796581,-1.0,-0.6126794217821736,-0.42422035830687294,-1.0,-0.2132157028520843,-0.08282155216813912,-1.0,-0.5040694923287761,-0.3520313074556337
0.1181103540998579,0.4647154638839723,-0.19009801756366662,-0.45588029064584284,0.6282525616730494,-0.3968113590089218,-0.7288443931487714,-1.0,-0.6118114977717612,-0.42364977147363025,-1.0,-0.21289382673416457,-0.0827382528296858,-1.0,-0.5032562310505257,-0.35144082523510123
